dataset_id,wavenumber,source_intensity,display_intensity
dnarna_experimental,450,0.068196150999999997,-0.88217134747356551
dnarna_experimental,451,0.087705243000000002,-0.87707104756992071
dnarna_experimental,452,0.104991897,-0.87255176395946155
dnarna_experimental,453,0.120611145,-0.86846839354584093
dnarna_experimental,454,0.13378055999999999,-0.86502548774296917
dnarna_experimental,455,0.14384022799999999,-0.86239556915264737
dnarna_experimental,456,0.15302665900000001,-0.85999394261133322
dnarna_experimental,457,0.15330448699999999,-0.85992130949639234
dnarna_experimental,458,0.148914925,-0.86106888123605307
dnarna_experimental,459,0.14133301200000001,-0.86305103551280482
dnarna_experimental,460,0.123162676,-0.86780134182895696
dnarna_experimental,461,0.124895162,-0.86734841464101475
dnarna_experimental,462,0.13536817900000001,-0.86461043341687727
dnarna_experimental,463,0.15437915899999999,-0.85964035590316257
dnarna_experimental,464,0.19378019799999999,-0.8493396655678459
dnarna_experimental,465,0.21332768199999999,-0.84422932876889611
dnarna_experimental,466,0.22872016000000001,-0.84020524327787205
dnarna_experimental,467,0.240900845,-0.83702082308385028
dnarna_experimental,468,0.23989121199999999,-0.83728477340468621
dnarna_experimental,469,0.26321679999999997,-0.83118671952145795
dnarna_experimental,470,0.29856723600000001,-0.82194498621451573
dnarna_experimental,471,0.34709220499999999,-0.80925900909599757
dnarna_experimental,472,0.41516981600000002,-0.79146134671254753
dnarna_experimental,473,0.48551097399999998,-0.7730719208300072
dnarna_experimental,474,0.56489873199999996,-0.75231742469671858
dnarna_experimental,475,0.65331958800000001,-0.72920138816682845
dnarna_experimental,476,0.74529816299999996,-0.70515525023227554
dnarna_experimental,477,0.85629634700000001,-0.67613677888773815
dnarna_experimental,478,0.97945162100000005,-0.64394005583596592
dnarna_experimental,479,1.113323117,-0.60894177000341254
dnarna_experimental,480,1.2614025760000001,-0.57022906874240731
dnarna_experimental,481,1.405457213,-0.53256858453275369
dnarna_experimental,482,1.548906573,-0.4950663390676186
dnarna_experimental,483,1.689189155,-0.45839199054039664
dnarna_experimental,484,1.821208081,-0.42387802568969601
dnarna_experimental,485,1.9499154759999999,-0.39022980083551684
dnarna_experimental,486,2.069967165,-0.35884445405263787
dnarna_experimental,487,2.17860173,-0.33044390822498015
dnarna_experimental,488,2.2809792560000002,-0.30367915228486819
dnarna_experimental,489,2.3526669359999999,-0.2849377025343357
dnarna_experimental,490,2.3999305990000002,-0.27258147109902342
dnarna_experimental,491,2.421795929,-0.26686517530769904
dnarna_experimental,492,2.4157706760000002,-0.26844036893000267
dnarna_experimental,493,2.3899641730000001,-0.27518701325175321
dnarna_experimental,494,2.3437144710000002,-0.2872781628887634
dnarna_experimental,495,2.279710825,-0.30401076067069577
dnarna_experimental,496,2.194190206,-0.32636858259522916
dnarna_experimental,497,2.109263205,-0.34857121381031286
dnarna_experimental,498,2.0214951229999998,-0.37151659436250284
dnarna_experimental,499,1.9339138140000001,-0.39441314648567605
dnarna_experimental,500,1.8491134069999999,-0.41658268198487491
dnarna_experimental,501,1.768788281,-0.43758223605935737
dnarna_experimental,502,1.6944710599999999,-0.45701113183295089
dnarna_experimental,503,1.627075426,-0.47463050364155568
dnarna_experimental,504,1.5679211369999999,-0.49009532458180621
dnarna_experimental,505,1.5145761019999999,-0.50404142093884974
dnarna_experimental,506,1.4674146020000001,-0.51637094370217163
dnarna_experimental,507,1.425572466,-0.52730981477874916
dnarna_experimental,508,1.3926931199999999,-0.53590552621604748
dnarna_experimental,509,1.355121204,-0.54572802536437015
dnarna_experimental,510,1.316175957,-0.55590955710974921
dnarna_experimental,511,1.275097664,-0.56664873522371728
dnarna_experimental,512,1.2286687709999999,-0.57878673111272305
dnarna_experimental,513,1.184256808,-0.59039743706508485
dnarna_experimental,514,1.1393779980000001,-0.60213019173755711
dnarna_experimental,515,1.0942059099999999,-0.61393961864854985
dnarna_experimental,516,1.0502807279999999,-0.62542306449637186
dnarna_experimental,517,1.004282723,-0.6374484124966453
dnarna_experimental,518,0.95776245500000001,-0.6496102967297982
dnarna_experimental,519,0.91120393499999996,-0.66178218125778354
dnarna_experimental,520,0.86202593500000002,-0.67463888154201213
dnarna_experimental,521,0.81912196699999995,-0.68585534942562143
dnarna_experimental,522,0.78018899500000005,-0.69603367209385236
dnarna_experimental,523,0.74552278100000002,-0.70509652791122868
dnarna_experimental,524,0.71698685900000003,-0.71255672955603166
dnarna_experimental,525,0.689509029,-0.71974031214928447
dnarna_experimental,526,0.66431674200000002,-0.72632638078634315
dnarna_experimental,527,0.640901532,-0.73244786472351564
dnarna_experimental,528,0.620408242,-0.73780546542642711
dnarna_experimental,529,0.59819966000000002,-0.74361149825638595
dnarna_experimental,530,0.57541382500000005,-0.74956844346198359
dnarna_experimental,531,0.55195969600000006,-0.75570010206909732
dnarna_experimental,532,0.52654844099999998,-0.76234341593670285
dnarna_experimental,533,0.50315474100000002,-0.76845927647269774
dnarna_experimental,534,0.48098264600000001,-0.77425577043521032
dnarna_experimental,535,0.46059626199999998,-0.77958542249440743
dnarna_experimental,536,0.44014192299999999,-0.78493284016155551
dnarna_experimental,537,0.42601227800000002,-0.7886267807627908
dnarna_experimental,538,0.41635851800000001,-0.7911505820344138
dnarna_experimental,539,0.411059059,-0.79253602991825534
dnarna_experimental,540,0.41397891199999998,-0.79177268706382842
dnarna_experimental,541,0.41333709400000002,-0.79194047879311835
dnarna_experimental,542,0.41227864800000003,-0.7922171903915779
dnarna_experimental,543,0.41040775699999998,-0.79270630106812956
dnarna_experimental,544,0.40377542,-0.79444020584247987
dnarna_experimental,545,0.402212605,-0.79484877561056111
dnarna_experimental,546,0.402446884,-0.79478752759547533
dnarna_experimental,547,0.40435684599999999,-0.79428820251132659
dnarna_experimental,548,0.40900924999999999,-0.79307191547588096
dnarna_experimental,549,0.41202018699999998,-0.79228476035400341
dnarna_experimental,550,0.41390340599999997,-0.79179242674441042
dnarna_experimental,551,0.41379993799999998,-0.79181947658509133
dnarna_experimental,552,0.41459494499999999,-0.79161163635728904
dnarna_experimental,553,0.40609271200000002,-0.79383439168340386
dnarna_experimental,554,0.39119964800000001,-0.79772791440010316
dnarna_experimental,555,0.37006359999999999,-0.80325355257833464
dnarna_experimental,556,0.33733103399999997,-0.81181089103446813
dnarna_experimental,557,0.30931236000000001,-0.81913586752760548
dnarna_experimental,558,0.28164474,-0.82636906729005877
dnarna_experimental,559,0.25499135099999998,-0.83333711466758442
dnarna_experimental,560,0.23333575400000001,-0.83899857955239143
dnarna_experimental,561,0.20715725500000001,-0.84584247551265779
dnarna_experimental,562,0.17975385799999999,-0.85300659894180764
dnarna_experimental,563,0.15122802499999999,-0.86046416299969841
dnarna_experimental,564,0.120666248,-0.86845398786127137
dnarna_experimental,565,0.091788491999999999,-0.87600355583420808
dnarna_experimental,566,0.064053541000000006,-0.88325435807107755
dnarna_experimental,567,0.037905815000000002,-0.89009020898604219
dnarna_experimental,568,0.013184348,-0.89655319023386537
dnarna_experimental,569,-0.0084807319999999995,-0.90221713427782479
dnarna_experimental,570,-0.027453398,-0.9071771952879264
dnarna_experimental,571,-0.043695808000000003,-0.91142348015643582
dnarna_experimental,572,-0.056951861999999999,-0.91488903616175421
dnarna_experimental,573,-0.068112963999999998,-0.9178069047870685
dnarna_experimental,574,-0.077068968000000002,-0.92014829034915624
dnarna_experimental,575,-0.084031294000000006,-0.92196846479022931
dnarna_experimental,576,-0.088352903999999996,-0.92309827170623493
dnarna_experimental,577,-0.092570299999999994,-0.92420083375332729
dnarna_experimental,578,-0.096019306999999998,-0.92510251436817958
dnarna_experimental,579,-0.098779546999999995,-0.92582412928526725
dnarna_experimental,580,-0.10087844999999999,-0.92637284958289356
dnarna_experimental,581,-0.102028988,-0.92667363697220628
dnarna_experimental,582,-0.102044703,-0.9266777453752516
dnarna_experimental,583,-0.100578612,-0.9262944623508016
dnarna_experimental,584,-0.099270548,-0.92595249263262291
dnarna_experimental,585,-0.092218275000000002,-0.92410880317222277
dnarna_experimental,586,-0.081178759000000003,-0.9212227210116033
dnarna_experimental,587,-0.066089378000000004,-0.91727787475938616
dnarna_experimental,588,-0.044358487000000002,-0.91159672561756988
dnarna_experimental,589,-0.023588656999999999,-0.90616682852406505
dnarna_experimental,590,-0.001158343,-0.90030282786565807
dnarna_experimental,591,0.022970111000000001,-0.89399487916095688
dnarna_experimental,592,0.046221257000000002,-0.88791628679471912
dnarna_experimental,593,0.076267057999999999,-0.88006135454337553
dnarna_experimental,594,0.110137521,-0.8712065334591701
dnarna_experimental,595,0.14734781499999999,-0.86147857385434623
dnarna_experimental,596,0.189565912,-0.8504414145615834
dnarna_experimental,597,0.229354786,-0.84003933176714407
dnarna_experimental,598,0.26850866200000001,-0.82980325773611696
dnarna_experimental,599,0.30640260200000002,-0.81989657122652848
dnarna_experimental,600,0.342643372,-0.81042207616858253
dnarna_experimental,601,0.376736986,-0.80150891628399634
dnarna_experimental,602,0.408634096,-0.79316999271648503
dnarna_experimental,603,0.43838245999999997,-0.78539281999912902
dnarna_experimental,604,0.46670236900000001,-0.77798909105346981
dnarna_experimental,605,0.49263802499999998,-0.7712086820114824
dnarna_experimental,606,0.51744155800000002,-0.76472424608950562
dnarna_experimental,607,0.54208061500000004,-0.75828280944842574
dnarna_experimental,608,0.56191756400000004,-0.75309679725096901
dnarna_experimental,609,0.59471475600000001,-0.74452256349383572
dnarna_experimental,610,0.63391123800000004,-0.73427535089327933
dnarna_experimental,611,0.67883033999999998,-0.72253206260480296
dnarna_experimental,612,0.73158623899999997,-0.70873998521922332
dnarna_experimental,613,0.77909047099999995,-0.69632086136187943
dnarna_experimental,614,0.82336345300000002,-0.68474648948292849
dnarna_experimental,615,0.86178098199999997,-0.67470292008169908
dnarna_experimental,616,0.89978093100000001,-0.66476851943285253
dnarna_experimental,617,0.91089202899999999,-0.66186372345061062
dnarna_experimental,618,0.90478915699999996,-0.66345920915920009
dnarna_experimental,619,0.88256540999999999,-0.66926920660463352
dnarna_experimental,620,0.83728904100000001,-0.68110589590047999
dnarna_experimental,621,0.80190230900000004,-0.69035711814136658
dnarna_experimental,622,0.76670325399999995,-0.69955927561875653
dnarna_experimental,623,0.73411374500000004,-0.70807921440486343
dnarna_experimental,624,0.70585120700000004,-0.71546794473829756
dnarna_experimental,625,0.68319178999999997,-0.72139184024003322
dnarna_experimental,626,0.66682102499999996,-0.72567168120608594
dnarna_experimental,627,0.65900120699999998,-0.72771603145016284
dnarna_experimental,628,0.65436995099999995,-0.72892678972279568
dnarna_experimental,629,0.65372754,-0.72909473648123013
dnarna_experimental,630,0.65610452600000002,-0.72847331640351631
dnarna_experimental,631,0.66239546800000004,-0.72682866318867501
dnarna_experimental,632,0.66648477900000003,-0.7257595866525004
dnarna_experimental,633,0.66868581699999996,-0.72518416500297822
dnarna_experimental,634,0.66790366499999998,-0.72538864452310325
dnarna_experimental,635,0.66523192600000003,-0.72608712245145912
dnarna_experimental,636,0.65518069899999998,-0.72871483429471728
dnarna_experimental,637,0.63910730699999996,-0.73291693245842704
dnarna_experimental,638,0.61727889700000005,-0.73862357618227215
dnarna_experimental,639,0.58649936199999997,-0.74667032994173632
dnarna_experimental,640,0.55788305100000002,-0.75415154783931793
dnarna_experimental,641,0.52933142399999999,-0.76161585527284703
dnarna_experimental,642,0.50201481699999995,-0.76875728902332607
dnarna_experimental,643,0.47568997899999999,-0.77563944267326856
dnarna_experimental,644,0.45419189399999998,-0.78125972888925688
dnarna_experimental,645,0.43682848000000002,-0.78579908001595944
dnarna_experimental,646,0.42361314799999999,-0.78925398998953655
dnarna_experimental,647,0.41937669999999999,-0.79036153283808097
dnarna_experimental,648,0.41002480899999999,-0.79280641590932777
dnarna_experimental,649,0.40023031199999998,-0.79536701032886048
dnarna_experimental,650,0.39027191300000003,-0.79797045396735244
dnarna_experimental,651,0.37319974299999997,-0.80243366460811461
dnarna_experimental,652,0.370825295,-0.80305442117154713
dnarna_experimental,653,0.37588124899999997,-0.8017326332739334
dnarna_experimental,654,0.38785577900000001,-0.79860210858292313
dnarna_experimental,655,0.41516585299999997,-0.79146238276735303
dnarna_experimental,656,0.42893710499999999,-0.7878621375458601
dnarna_experimental,657,0.43855584199999997,-0.7853474924053131
dnarna_experimental,658,0.44396237700000002,-0.78393405143432626
dnarna_experimental,659,0.43836731400000001,-0.78539677964739663
dnarna_experimental,660,0.44512445299999998,-0.78363024764321032
dnarna_experimental,661,0.45669891000000001,-0.78060431481548875
dnarna_experimental,662,0.473702711,-0.77615897801550371
dnarna_experimental,663,0.49865327999999998,-0.76963610218578382
dnarna_experimental,664,0.524060635,-0.76299380790277116
dnarna_experimental,665,0.55244878200000003,-0.75557223936391993
dnarna_experimental,666,0.583365421,-0.74748964223880932
dnarna_experimental,667,0.61644711600000002,-0.73884103030848958
dnarna_experimental,668,0.65082550699999997,-0.72985342061836345
dnarna_experimental,669,0.68614440600000004,-0.72061993209073028
dnarna_experimental,670,0.72449371699999998,-0.71059419705405391
dnarna_experimental,671,0.759453194,-0.70145467291963648
dnarna_experimental,672,0.79254470600000004,-0.69280349451189405
dnarna_experimental,673,0.82394969500000004,-0.68459322709551884
dnarna_experimental,674,0.84808919400000005,-0.67828239087496422
dnarna_experimental,675,0.88059598500000003,-0.66978407721664024
dnarna_experimental,676,0.91771782599999996,-0.66007924205181467
dnarna_experimental,677,0.95972606000000005,-0.64909694765172232
dnarna_experimental,678,1.0087242320000001,-0.63628726015163939
dnarna_experimental,679,1.057635487,-0.6235002955320843
dnarna_experimental,680,1.1070501290000001,-0.6105817294690794
dnarna_experimental,681,1.1553111599999999,-0.59796475417576
dnarna_experimental,682,1.2013190090000001,-0.58593683263940122
dnarna_experimental,683,1.241122074,-0.57553103986420362
dnarna_experimental,684,1.273219675,-0.5671397015442281
dnarna_experimental,685,1.2953804099999999,-0.56134617744863224
dnarna_experimental,686,1.3137471940000001,-0.55654451334937716
dnarna_experimental,687,1.30469817,-0.55891021731116486
dnarna_experimental,688,1.2751887580000001,-0.56662492034194711
dnarna_experimental,689,1.2258670229999999,-0.57951919754706227
dnarna_experimental,690,1.150950307,-0.59910482046565749
dnarna_experimental,691,1.0751078030000001,-0.61893247394350137
dnarna_experimental,692,0.99405098700000005,-0.64012331515920484
dnarna_experimental,693,0.91151583199999997,-0.6617006414178439
dnarna_experimental,694,0.82665174399999997,-0.68388682516485277
dnarna_experimental,695,0.75535437999999999,-0.70252623384360247
dnarna_experimental,696,0.69523843200000002,-0.71824246316846863
dnarna_experimental,697,0.64784023199999996,-0.73063386687361986
dnarna_experimental,698,0.61827631599999999,-0.73836281899123568
dnarna_experimental,699,0.59328038900000002,-0.74489755285120263
dnarna_experimental,700,0.57802672399999999,-0.7488853481893829
dnarna_experimental,701,0.57235764300000003,-0.75036742707229831
dnarna_experimental,702,0.57065875600000004,-0.75081157040825697
dnarna_experimental,703,0.58883459299999996,-0.74605982595496501
dnarna_experimental,704,0.61801552100000001,-0.73843099913582522
dnarna_experimental,705,0.66430925399999996,-0.72632833838876143
dnarna_experimental,706,0.70199161600000004,-0.71647696512763237
dnarna_experimental,707,0.73272981199999998,-0.7084410187034208
dnarna_experimental,708,0.75207547299999999,-0.7033834448842885
dnarna_experimental,709,0.76704195100000006,-0.6994707294026401
dnarna_experimental,710,0.74817592300000002,-0.70440291183278914
dnarna_experimental,711,0.70230381399999997,-0.71639534659667681
dnarna_experimental,712,0.63024656400000001,-0.73523341375182194
dnarna_experimental,713,0.52035852000000005,-0.76396165903483726
dnarna_experimental,714,0.41522266699999999,-0.79144752977272237
dnarna_experimental,715,0.30832393299999999,-0.81939427392257558
dnarna_experimental,716,0.20564394999999999,-0.84623810178504832
dnarna_experimental,717,0.10550464599999999,-0.87241771499012488
dnarna_experimental,718,0.031840656000000002,-0.89167583531161854
dnarna_experimental,719,-0.018708519,-0.90489100454562599
dnarna_experimental,720,-0.044780623999999998,-0.91170708571533476
dnarna_experimental,721,-0.037033986999999997,-0.90968186732256329
dnarna_experimental,722,-0.022703922000000001,-0.905935530530532
dnarna_experimental,723,0.0065460869999999999,-0.89828864373106909
dnarna_experimental,724,0.049540525000000002,-0.88704852409922463
dnarna_experimental,725,0.103015278,-0.8730685153128942
dnarna_experimental,726,0.17208401000000001,-0.8550117422368092
dnarna_experimental,727,0.25246980600000002,-0.83399632708610882
dnarna_experimental,728,0.34237623900000003,-0.8104919132688515
dnarna_experimental,729,0.43881618999999999,-0.78527942912080373
dnarna_experimental,730,0.54186833599999995,-0.75833830596067997
dnarna_experimental,731,0.64743731000000004,-0.73073920355652522
dnarna_experimental,732,0.75776636799999997,-0.70189566312488361
dnarna_experimental,733,0.85564370099999998,-0.67630740140214907
dnarna_experimental,734,0.94093665400000004,-0.65400909864323653
dnarna_experimental,735,1.010147696,-0.6359151211867895
dnarna_experimental,736,1.0631676750000001,-0.6220540048526747
dnarna_experimental,737,1.091121046,-0.61474610064996527
dnarna_experimental,738,1.094770893,-0.61379191404289923
dnarna_experimental,739,1.073876729,-0.61925431601608882
dnarna_experimental,740,1.0268667499999999,-0.6315442263493859
dnarna_experimental,741,0.96181991899999997,-0.64854954601683623
dnarna_experimental,742,0.87943317300000001,-0.67008807342166898
dnarna_experimental,743,0.78316211700000005,-0.69525640302104652
dnarna_experimental,744,0.67019184700000001,-0.72479044064800124
dnarna_experimental,745,0.56288142399999996,-0.75284481345463827
dnarna_experimental,746,0.45878873399999998,-0.78005796805850824
dnarna_experimental,747,0.36123549500000002,-0.80556150125584691
dnarna_experimental,748,0.27347262999999999,-0.82850551791756999
dnarna_experimental,749,0.19538899500000001,-0.84891907463598271
dnarna_experimental,750,0.128878785,-0.86630696832444309
dnarna_experimental,751,0.074561568999999994,-0.88050722385304747
dnarna_experimental,752,0.036069146000000003,-0.89057037293850738
dnarna_experimental,753,0.0029587440000000001,-0.89922648979572661
dnarna_experimental,754,-0.021366488999999999,-0.90558588281750518
dnarna_experimental,755,-0.037306200999999997,-0.90975303275855446
dnarna_experimental,756,-0.047708674999999999,-0.91247257178886232
dnarna_experimental,757,-0.044374698999999997,-0.91160096395229284
dnarna_experimental,758,-0.031398479,-0.90820856549440088
dnarna_experimental,759,-0.0043940480000000002,-0.90114874452337457
dnarna_experimental,760,0.022848831,-0.89402658562747594
dnarna_experimental,761,0.05303861,-0.88613401292728278
dnarna_experimental,762,0.085493521000000003,-0.87764926235836338
dnarna_experimental,763,0.118279677,-0.86907791376419607
dnarna_experimental,764,0.155959127,-0.8592273017928963
dnarna_experimental,765,0.1971059,-0.84847022081920509
dnarna_experimental,766,0.24184640600000001,-0.83677362323071569
dnarna_experimental,767,0.28842954799999998,-0.82459530172533402
dnarna_experimental,768,0.34366806300000002,-0.81015418920549043
dnarna_experimental,769,0.406068979,-0.79384059624779946
dnarna_experimental,770,0.47601776400000001,-0.77555374920255682
dnarna_experimental,771,0.55841208899999994,-0.7540132404049984
dnarna_experimental,772,0.64017036100000002,-0.73263901618155625
dnarna_experimental,773,0.72700574699999998,-0.70993747216050418
dnarna_experimental,774,0.82033209900000004,-0.68553898226086574
dnarna_experimental,775,0.91519430899999998,-0.66073897001413839
dnarna_experimental,776,1.0347730209999999,-0.62947727452920432
dnarna_experimental,777,1.1721393490000001,-0.59356532796283235
dnarna_experimental,778,1.3329484949999999,-0.5515246798460981
dnarna_experimental,779,1.5053661469999999,-0.50644919740528249
dnarna_experimental,780,1.691901103,-0.45768300069488821
dnarna_experimental,781,1.891735012,-0.40544003281008578
dnarna_experimental,782,2.094621568,-0.35239900547690095
dnarna_experimental,783,2.322351018,-0.29286325199887786
dnarna_experimental,784,2.5657377509999999,-0.22923418454313393
dnarna_experimental,785,2.8210832259999998,-0.16247871988395735
dnarna_experimental,786,3.0923511960000001,-0.091560606357561025
dnarna_experimental,787,3.3484459580000001,-0.024609254139193903
dnarna_experimental,788,3.590108576,0.038569074575435125
dnarna_experimental,789,3.8097941020000001,0.096001889341491342
dnarna_experimental,790,4.0085411500000001,0.14796071703906344
dnarna_experimental,791,4.156897217,0.18674573246803428
dnarna_experimental,792,4.2580204039999998,0.2131825641213142
dnarna_experimental,793,4.3085809670000002,0.22640071054233302
dnarna_experimental,794,4.308116418,0.22627926259283659
dnarna_experimental,795,4.2547986580000003,0.2123402967921445
dnarna_experimental,796,4.1525025250000001,0.18559681958248608
dnarna_experimental,797,4.0062877160000001,0.14737159740125183
dnarna_experimental,798,3.8117875410000002,0.096523037980270732
dnarna_experimental,799,3.6131456169999998,0.04459169305468369
dnarna_experimental,800,3.4024678900000001,-0.010486195281595445
dnarna_experimental,801,3.18451993,-0.067464754785419245
dnarna_experimental,802,2.9685744610000002,-0.12391979916848028
dnarna_experimental,803,2.7577612829999998,-0.1790330987233979
dnarna_experimental,804,2.5551760460000001,-0.23199535164377727
dnarna_experimental,805,2.3694218509999998,-0.28055743248588472
dnarna_experimental,806,2.1843494959999998,-0.32894125856932355
dnarna_experimental,807,2.0063055580000002,-0.37548763191288725
dnarna_experimental,808,1.835929089,-0.42002948390805117
dnarna_experimental,809,1.6702783809999999,-0.46333587100444118
dnarna_experimental,810,1.5201657479999999,-0.5025801089026356
dnarna_experimental,811,1.3821723770000001,-0.53865598454128216
dnarna_experimental,812,1.2559579780000001,-0.57165246059758867
dnarna_experimental,813,1.1459223709999999,-0.60041928356298313
dnarna_experimental,814,1.035306523,-0.62933780006267381
dnarna_experimental,815,0.92955106200000004,-0.65698565612630855
dnarna_experimental,816,0.82292691600000001,-0.68486061420072863
dnarna_experimental,817,0.72866064100000005,-0.70950483000018516
dnarna_experimental,818,0.64382371699999996,-0.73168391220978868
dnarna_experimental,819,0.56861647500000001,-0.75134548790618638
dnarna_experimental,820,0.50536829999999999,-0.76788058143376858
dnarna_experimental,821,0.44694961100000002,-0.78315309303388581
dnarna_experimental,822,0.39439595399999999,-0.79689229789966221
dnarna_experimental,823,0.34673262300000002,-0.80935301531832471
dnarna_experimental,824,0.30535406300000001,-0.82017069281869015
dnarna_experimental,825,0.26348420299999997,-0.83111681183456332
dnarna_experimental,826,0.22280550099999999,-0.84175152409544118
dnarna_experimental,827,0.183530627,-0.85201923086917819
dnarna_experimental,828,0.14069878,-0.86321684401934573
dnarna_experimental,829,0.11209171900000001,-0.87069564367141872
dnarna_experimental,830,0.091567204999999999,-0.87606140732543991
dnarna_experimental,831,0.078392342000000004,-0.87950573740955829
dnarna_experimental,832,0.079186916999999996,-0.87929801012035691
dnarna_experimental,833,0.068011226999999994,-0.8822196925149125
dnarna_experimental,834,0.054229968000000003,-0.88582255388589803
dnarna_experimental,835,0.028414478,-0.89257154769655522
dnarna_experimental,836,0.01565979,-0.89590603061238849
dnarna_experimental,837,0.010987247,-0.8971275826258126
dnarna_experimental,838,0.015714839000000001,-0.89589163904514402
dnarna_experimental,839,0.035130354000000003,-0.89081580315879361
dnarna_experimental,840,0.057470462,-0.88497538523058794
dnarna_experimental,841,0.086349097,-0.87742558745896981
dnarna_experimental,842,0.121379107,-0.86826762374504218
dnarna_experimental,843,0.161727062,-0.85771937931630293
dnarna_experimental,844,0.20829579300000001,-0.84554482530670783
dnarna_experimental,845,0.26073422699999999,-0.83183574341414812
dnarna_experimental,846,0.31915965600000001,-0.81656146976270882
dnarna_experimental,847,0.38189359699999997,-0.80016081343090439
dnarna_experimental,848,0.45438410400000001,-0.7812094790547448
dnarna_experimental,849,0.53425148200000006,-0.76032959493108798
dnarna_experimental,850,0.61769172100000003,-0.73851565080022863
dnarna_experimental,851,0.71078737999999997,-0.71417747142071453
dnarna_experimental,852,0.80971995699999999,-0.68831333520461446
dnarna_experimental,853,0.91166429299999996,-0.66166182896957648
dnarna_experimental,854,1.0257761409999999,-0.63182934638355326
dnarna_experimental,855,1.115610124,-0.60834387331084816
dnarna_experimental,856,1.1874294940000001,-0.5895679955872295
dnarna_experimental,857,1.2388307540000001,-0.57613006411275491
dnarna_experimental,858,1.2635765320000001,-0.56966072719287086
dnarna_experimental,859,1.2770864879999999,-0.56612879309337294
dnarna_experimental,860,1.275754957,-0.56647689783504918
dnarna_experimental,861,1.2617226180000001,-0.57014539953926024
dnarna_experimental,862,1.2338210549999999,-0.57743975947566528
dnarna_experimental,863,1.205640936,-0.58480694284946844
dnarna_experimental,864,1.175439221,-0.59270263600137973
dnarna_experimental,865,1.146525923,-0.60026149578857291
dnarna_experimental,866,1.117547362,-0.60783741740891606
dnarna_experimental,867,1.0905334449999999,-0.61489971832339063
dnarna_experimental,868,1.0665059830000001,-0.62118126449291133
dnarna_experimental,869,1.045522455,-0.62666702907060301
dnarna_experimental,870,1.0301110360000001,-0.63069606634413311
dnarna_experimental,871,1.0200148010000001,-0.63333554471645681
dnarna_experimental,872,1.0152362930000001,-0.63458479936613332
dnarna_experimental,873,1.015635109,-0.63448053612280186
dnarna_experimental,874,1.019961621,-0.63334944766739265
dnarna_experimental,875,1.027398802,-0.63140513095917838
dnarna_experimental,876,1.036624749,-0.62899317367305085
dnarna_experimental,877,1.0502939979999999,-0.62541959529443658
dnarna_experimental,878,1.054559834,-0.62430436948383694
dnarna_experimental,879,1.053252622,-0.62464611646199675
dnarna_experimental,880,1.0403924710000001,-0.62800817077524496
dnarna_experimental,881,1.029657058,-0.63081475069651904
dnarna_experimental,882,1.0181201150000001,-0.63383087616618483
dnarna_experimental,883,1.0061104519999999,-0.63697058574578536
dnarna_experimental,884,0.99748482299999996,-0.63922560072841883
dnarna_experimental,885,0.98186290200000004,-0.64330966994963357
dnarna_experimental,886,0.96195127300000005,-0.6485152058848842
dnarna_experimental,887,0.93763250499999995,-0.65487290874912607
dnarna_experimental,888,0.905695837,-0.66322217404159256
dnarna_experimental,889,0.87593703700000003,-0.67100207506274634
dnarna_experimental,890,0.84527590200000002,-0.67901787527969848
dnarna_experimental,891,0.81359823200000003,-0.68729943022078388
dnarna_experimental,892,0.78381339100000003,-0.69508613919126672
dnarna_experimental,893,0.74520025300000003,-0.70518084703419559
dnarna_experimental,894,0.70150618499999995,-0.71660387229904388
dnarna_experimental,895,0.65029099999999995,-0.72999315782400054
dnarna_experimental,896,0.59840183499999999,-0.74355864325252319
dnarna_experimental,897,0.54492485999999996,-0.75753923294063952
dnarna_experimental,898,0.49066607499999998,-0.77172421273915504
dnarna_experimental,899,0.43675298000000001,-0.78581881812794974
dnarna_experimental,900,0.382742743,-0.79993881953892931
dnarna_experimental,901,0.32956956500000001,-0.8138399869858759
dnarna_experimental,902,0.27780383400000003,-0.82737320282346594
dnarna_experimental,903,0.22856868499999999,-0.84024484368202734
dnarna_experimental,904,0.180928794,-0.85269943313585472
dnarna_experimental,905,0.13615413200000001,-0.8644049601939221
dnarna_experimental,906,0.095075204999999996,-0.87514430405574462
dnarna_experimental,907,0.056432261999999997,-0.8852468038778506
dnarna_experimental,908,0.027916495999999999,-0.8927017361003321
dnarna_experimental,909,0.0071224950000000004,-0.89813795226542525
dnarna_experimental,910,-0.0038785740000000001,-0.90101398315198267
dnarna_experimental,911,-0.011029938,-0.90288357816543219
dnarna_experimental,912,-0.013555970000000001,-0.90354396362910239
dnarna_experimental,913,-0.012288202999999999,-0.90321252883408765
dnarna_experimental,914,-0.0052030399999999999,-0.90136024087695421
dnarna_experimental,915,-0.000207911,-0.90005435457751015
dnarna_experimental,916,0.0050739330000000001,-0.89867351181741317
dnarna_experimental,917,0.011105689,-0.89709661810315888
dnarna_experimental,918,0.01325759,-0.89653404243521118
dnarna_experimental,919,0.029453666999999999,-0.892299870493097
dnarna_experimental,920,0.053857483999999997,-0.88591993310320394
dnarna_experimental,921,0.089615344,-0.87657168614673142
dnarna_experimental,922,0.12811335900000001,-0.86650707513382441
dnarna_experimental,923,0.16998081400000001,-0.85556158486178358
dnarna_experimental,924,0.213546244,-0.84417218967971963
dnarna_experimental,925,0.25882152600000002,-0.83233578456039936
dnarna_experimental,926,0.29948143599999999,-0.82170598512866755
dnarna_experimental,927,0.33534718400000002,-0.81232953280230868
dnarna_experimental,928,0.36503902700000002,-0.80456713648002287
dnarna_experimental,929,0.38698884700000002,-0.7988287523035057
dnarna_experimental,930,0.40175831099999998,-0.79496754257544222
dnarna_experimental,931,0.408242471,-0.79327237600268641
dnarna_experimental,932,0.406028958,-0.79385105901574604
dnarna_experimental,933,0.396356135,-0.79637984396457262
dnarna_experimental,934,0.37477043799999998,-0.80202303475629189
dnarna_experimental,935,0.34387893899999999,-0.81009905948225769
dnarna_experimental,936,0.30210329800000002,-0.82102054664152679
dnarna_experimental,937,0.25839824,-0.83244644504347121
dnarna_experimental,938,0.21263384199999999,-0.84441072071092727
dnarna_experimental,939,0.166881892,-0.8563717420735083
dnarna_experimental,940,0.119914512,-0.86865051566729978
dnarna_experimental,941,0.082200306000000001,-0.87851021396734563
dnarna_experimental,942,0.051736905999999999,-0.88647431993827919
dnarna_experimental,943,0.028792901999999999,-0.89247261557348478
dnarna_experimental,944,0.016749456999999999,-0.89562115684711507
dnarna_experimental,945,0.002616316,-0.89931601141443673
dnarna_experimental,946,-0.0096973860000000005,-0.90253520650173813
dnarna_experimental,947,-0.020976960999999999,-0.90548404775409641
dnarna_experimental,948,-0.031145849,-0.90814251994165773
dnarna_experimental,949,-0.040450425999999998,-0.91057503362176928
dnarna_experimental,950,-0.048774277999999997,-0.91275115445576571
dnarna_experimental,951,-0.058271481999999999,-0.91523402698751111
dnarna_experimental,952,-0.061940468999999998,-0.91619321740204063
dnarna_experimental,953,-0.061770409999999998,-0.91614875854658417
dnarna_experimental,954,-0.057783175999999999,-0.9151063681992524
dnarna_experimental,955,-0.049770686000000001,-0.91301164733910389
dnarna_experimental,956,-0.040048259000000003,-0.91046989431998382
dnarna_experimental,957,-0.028840174999999999,-0.9075397430989407
dnarna_experimental,958,-0.012536221,-0.9032773686626917
dnarna_experimental,959,-0.0033230880000000001,-0.90086876136553173
dnarna_experimental,960,0.001040757,-0.89972791287124909
dnarna_experimental,961,0.00039168100000000001,-0.89989760207360958
dnarna_experimental,962,-0.010377697,-0.90271306153095976
dnarna_experimental,963,-0.015085871000000001,-0.90394392862608353
dnarna_experimental,964,-0.017684848999999999,-0.9046233845045516
dnarna_experimental,965,-0.017466721000000001,-0.90456635887684012
dnarna_experimental,966,-0.0099242410000000003,-0.90259451364605015
dnarna_experimental,967,-0.0074549899999999999,-0.90194897254975648
dnarna_experimental,968,-0.004717148,-0.90123321318541516
dnarna_experimental,969,-0.0075686169999999997,-0.90197867827758593
dnarna_experimental,970,0.001987384,-0.89948043433165903
dnarna_experimental,971,0.020916384,-0.89453178900895047
dnarna_experimental,972,0.049914871,-0.88695065809563356
dnarna_experimental,973,0.091816621000000001,-0.87599620201497397
dnarna_experimental,974,0.13723913400000001,-0.86412130600868098
dnarna_experimental,975,0.18717222999999999,-0.85106719950708243
dnarna_experimental,976,0.23961452699999999,-0.83735710770291183
dnarna_experimental,977,0.293167605,-0.82335662225934125
dnarna_experimental,978,0.34297579299999997,-0.810335170699365
dnarna_experimental,979,0.38754792900000001,-0.79868259040777367
dnarna_experimental,980,0.43342461399999999,-0.78668895933129712
dnarna_experimental,981,0.45742558799999999,-0.78041433797118565
dnarna_experimental,982,0.46412352600000001,-0.77866328299968723
dnarna_experimental,983,0.45422637799999999,-0.78125071367000021
dnarna_experimental,984,0.421426882,-0.78982554976633912
dnarna_experimental,985,0.393814153,-0.79704439926779569
dnarna_experimental,986,0.368607513,-0.80363422023758802
dnarna_experimental,987,0.35092770099999998,-0.80825628790942317
dnarna_experimental,988,0.33628849100000002,-0.8120834450806762
dnarna_experimental,989,0.35623859600000002,-0.80686785028983699
dnarna_experimental,990,0.401849232,-0.79494377292139884
dnarna_experimental,991,0.47785778899999998,-0.7750727078844778
dnarna_experimental,992,0.56701223199999995,-0.75176488827696342
dnarna_experimental,993,0.66737333799999998,-0.7255272889432024
dnarna_experimental,994,0.77170325500000003,-0.69825211562286715
dnarna_experimental,995,0.89317322200000004,-0.66649598566121482
dnarna_experimental,996,0.96617558699999995,-0.64741083525158327
dnarna_experimental,997,1.00348156,-0.63765786209951281
dnarna_experimental,998,1.0024165380000001,-0.63793629287445497
dnarna_experimental,999,0.95045370500000004,-0.65152103747164114
dnarna_experimental,1000,0.89273980799999997,-0.66660929392704482
dnarna_experimental,1001,0.81799398199999995,-0.68615024074023578
dnarna_experimental,1002,0.72963621700000003,-0.70924978326716448
dnarna_experimental,1003,0.63595166199999997,-0.73374191887447537
dnarna_experimental,1004,0.54076678300000003,-0.75862628710607405
dnarna_experimental,1005,0.44865678399999998,-0.7827067834728153
dnarna_experimental,1006,0.360510724,-0.80575097954942743
dnarna_experimental,1007,0.28929635999999997,-0.82436868937658503
dnarna_experimental,1008,0.23483643300000001,-0.83860625411976231
dnarna_experimental,1009,0.19902130600000001,-0.84796947249953747
dnarna_experimental,1010,0.18439034700000001,-0.85179447259579666
dnarna_experimental,1011,0.18550082800000001,-0.85150415738598073
dnarna_experimental,1012,0.203614028,-0.84676878824554613
dnarna_experimental,1013,0.24219860000000001,-0.83668154846761222
dnarna_experimental,1014,0.28715589699999999,-0.82492827478592423
dnarna_experimental,1015,0.34030808600000001,-0.81103259453411092
dnarna_experimental,1016,0.40035191599999997,-0.79533521915839067
dnarna_experimental,1017,0.46140272199999999,-0.77937458808651738
dnarna_experimental,1018,0.537212935,-0.75955537650767047
dnarna_experimental,1019,0.62185811800000002,-0.73742642152099591
dnarna_experimental,1020,0.71585764100000004,-0.71285194321623657
dnarna_experimental,1021,0.81224841199999998,-0.68765231629133694
dnarna_experimental,1022,0.90932177800000002,-0.66227423722664891
dnarna_experimental,1023,1.003930751,-0.63754042922185661
dnarna_experimental,1024,1.0977124389999999,-0.6130228999452485
dnarna_experimental,1025,1.1746356769999999,-0.59291270807371266
dnarna_experimental,1026,1.2357712190000001,-0.5769299243043875
dnarna_experimental,1027,1.279141613,-0.56559151776351757
dnarna_experimental,1028,1.3000211989999999,-0.56013292694524974
dnarna_experimental,1029,1.3087939930000001,-0.55783943833015193
dnarna_experimental,1030,1.3013892739999999,-0.5597752684345062
dnarna_experimental,1031,1.2811013870000001,-0.56507917023123022
dnarna_experimental,1032,1.2399381190000001,-0.57584056352488555
dnarna_experimental,1033,1.180295415,-0.59143307174947712
dnarna_experimental,1034,1.1031819819999999,-0.61159298667015183
dnarna_experimental,1035,1.0094566899999999,-0.63609577223068314
dnarna_experimental,1036,0.904189256,-0.66361604244557226
dnarna_experimental,1037,0.78976142400000005,-0.69353113334390204
dnarna_experimental,1038,0.66996328400000005,-0.72485019431807862
dnarna_experimental,1039,0.54306799800000005,-0.75802467598840828
dnarna_experimental,1040,0.431518295,-0.78718733201886326
dnarna_experimental,1041,0.331486744,-0.81333877514736641
dnarna_experimental,1042,0.249126083,-0.83487048309986456
dnarna_experimental,1043,0.17533385000000001,-0.85416213023852339
dnarna_experimental,1044,0.113245532,-0.87039400009248002
dnarna_experimental,1045,0.062879093999999996,-0.88356139603680839
dnarna_experimental,1046,0.024590172,-0.89357134345964395
dnarna_experimental,1047,-0.003239488,-0.90084690565477155
dnarna_experimental,1048,-0.021254474999999998,-0.90555659877940609
dnarna_experimental,1049,-0.029596768999999998,-0.90773754094136705
dnarna_experimental,1050,-0.031224278000000001,-0.90816302378782043
dnarna_experimental,1051,-0.026666810999999999,-0.90697155631711679
dnarna_experimental,1052,-0.016808478000000002,-0.90439427312782239
dnarna_experimental,1053,-0.001831751,-0.90047887823015038
dnarna_experimental,1054,0.016226681,-0.89575782719458319
dnarna_experimental,1055,0.037439776000000001,-0.89021204646913954
dnarna_experimental,1056,0.061666054999999997,-0.88387852318423366
dnarna_experimental,1057,0.086304795000000004,-0.87743716941708105
dnarna_experimental,1058,0.119230423,-0.86882935838641673
dnarna_experimental,1059,0.15668374600000001,-0.85903786323697173
dnarna_experimental,1060,0.20429000999999999,-0.84659206495522255
dnarna_experimental,1061,0.24321321600000001,-0.83641629543138496
dnarna_experimental,1062,0.277127713,-0.82754996245283008
dnarna_experimental,1063,0.305978046,-0.82000756372817296
dnarna_experimental,1064,0.32121370999999999,-0.81602447442646864
dnarna_experimental,1065,0.35100050799999999,-0.80823725383366585
dnarna_experimental,1066,0.38724689699999998,-0.79876128978961036
dnarna_experimental,1067,0.440938471,-0.78472459706712305
dnarna_experimental,1068,0.48560620399999999,-0.77304702466570474
dnarna_experimental,1069,0.52551029400000004,-0.76261482072807241
dnarna_experimental,1070,0.56012291800000003,-0.75356597504873002
dnarna_experimental,1071,0.58037598199999996,-0.74827117709669255
dnarna_experimental,1072,0.613662865,-0.73956892246805406
dnarna_experimental,1073,0.65371114600000002,-0.72909902239656743
dnarna_experimental,1074,0.70134243399999996,-0.71664668204177928
dnarna_experimental,1075,0.762412741,-0.70068095278550957
dnarna_experimental,1076,0.81800674900000003,-0.68614690303856973
dnarna_experimental,1077,0.87453916700000001,-0.67136752293834756
dnarna_experimental,1078,0.92588225599999996,-0.65794479922165561
dnarna_experimental,1079,0.98806453999999999,-0.64168836365337745
dnarna_experimental,1080,1.0573603300000001,-0.62357223036229514
dnarna_experimental,1081,1.1335791209999999,-0.60364620344145126
dnarna_experimental,1082,1.221285634,-0.58071691899279942
dnarna_experimental,1083,1.30325958,-0.55928631069564338
dnarna_experimental,1084,1.3835986709999999,-0.5382831057240226
dnarna_experimental,1085,1.45588188,-0.51938596566758966
dnarna_experimental,1086,1.5326705410000001,-0.49931095652317076
dnarna_experimental,1087,1.610618646,-0.47893283167652023
dnarna_experimental,1088,1.6888712260000001,-0.45847510733783986
dnarna_experimental,1089,1.769826611,-0.43731078342594154
dnarna_experimental,1090,1.840705488,-0.41878078061835067
dnarna_experimental,1091,1.902580044,-0.4026047949802255
dnarna_experimental,1092,1.953316483,-0.38934066895411534
dnarna_experimental,1093,1.99359814,-0.37880975694059105
dnarna_experimental,1094,2.0144502769999999,-0.37335834216783337
dnarna_experimental,1095,2.0185416119999999,-0.37228873649339822
dnarna_experimental,1096,2.0006534899999999,-0.37696526305409028
dnarna_experimental,1097,1.97712048,-0.38311754367460671
dnarna_experimental,1098,1.9453501740000001,-0.39142331662552432
dnarna_experimental,1099,1.906760011,-0.40151201806947345
dnarna_experimental,1100,1.865443406,-0.41231349855356919
dnarna_experimental,1101,1.8131056480000001,-0.42599626052344364
dnarna_experimental,1102,1.7540065469999999,-0.4414466535574092
dnarna_experimental,1103,1.6849562920000001,-0.45949859615541144
dnarna_experimental,1104,1.6184302580000001,-0.47689062674299942
dnarna_experimental,1105,1.553098088,-0.49397054314074379
dnarna_experimental,1106,1.489871588,-0.51049997013087722
dnarna_experimental,1107,1.4348005850000001,-0.5248972896624331
dnarna_experimental,1108,1.371725324,-0.54138717794635061
dnarna_experimental,1109,1.306364732,-0.5584745247628895
dnarna_experimental,1110,1.2314241859999999,-0.57806637760477908
dnarna_experimental,1111,1.167592288,-0.59475407497269661
dnarna_experimental,1112,1.112214566,-0.60923158064957117
dnarna_experimental,1113,1.0660229510000001,-0.62130754448908221
dnarna_experimental,1114,1.0378251629999999,-0.62867934710395512
dnarna_experimental,1115,1.0018390939999999,-0.63808725518359588
dnarna_experimental,1116,0.96485022399999998,-0.64775732748101122
dnarna_experimental,1117,0.92687988700000001,-0.6576839866070463
dnarna_experimental,1118,0.88114211399999998,-0.66964130164891633
dnarna_experimental,1119,0.85376064500000004,-0.67679969239833471
dnarna_experimental,1120,0.83566905700000005,-0.68152941147153301
dnarna_experimental,1121,0.83421711700000001,-0.68190899497250257
dnarna_experimental,1122,0.82705331400000004,-0.68378184193793956
dnarna_experimental,1123,0.81837254699999995,-0.68605127175526082
dnarna_experimental,1124,0.80688094300000002,-0.68905554416188652
dnarna_experimental,1125,0.788632204,-0.69382634752697081
dnarna_experimental,1126,0.77379917799999998,-0.69770417439244259
dnarna_experimental,1127,0.75859375699999998,-0.70167935720777697
dnarna_experimental,1128,0.74525235499999998,-0.70516722590689873
dnarna_experimental,1129,0.72742879599999999,-0.70982687363680363
dnarna_experimental,1130,0.70650568000000002,-0.71529684458771969
dnarna_experimental,1131,0.68256657399999998,-0.72155529167614085
dnarna_experimental,1132,0.65233929199999996,-0.72945766885863828
dnarna_experimental,1133,0.62702619599999998,-0.73607532082776894
dnarna_experimental,1134,0.60305251299999996,-0.7423428074486178
dnarna_experimental,1135,0.58501266500000004,-0.74705900003288395
dnarna_experimental,1136,0.56002965100000002,-0.75359035802212082
dnarna_experimental,1137,0.53007277699999999,-0.76142204191472318
dnarna_experimental,1138,0.49458964700000002,-0.77069846567242617
dnarna_experimental,1139,0.45096139899999999,-0.78210428348652994
dnarna_experimental,1140,0.40720912300000001,-0.79354252618214283
dnarna_experimental,1141,0.36151181300000002,-0.80548926290314582
dnarna_experimental,1142,0.31637943600000001,-0.81728830809009545
dnarna_experimental,1143,0.26806986300000002,-0.82991797381298094
dnarna_experimental,1144,0.218241939,-0.84294458499386105
dnarna_experimental,1145,0.16787904200000001,-0.85611105520766551
dnarna_experimental,1146,0.113724586,-0.87026876007259391
dnarna_experimental,1147,0.069587608999999995,-0.88180757589960779
dnarna_experimental,1148,0.032611187,-0.89147439389214833
dnarna_experimental,1149,0.0081060239999999999,-0.89788082636413102
dnarna_experimental,1150,-0.016404194,-0.90428858037460536
dnarna_experimental,1151,-0.039635785,-0.91036206043912171
dnarna_experimental,1152,-0.062470018000000002,-0.91633165842808506
dnarna_experimental,1153,-0.086637942999999995,-0.92264992611316199
dnarna_experimental,1154,-0.108517578,-0.92836996168848673
dnarna_experimental,1155,-0.12882708600000001,-0.9336795159053346
dnarna_experimental,1156,-0.14697671700000001,-0.93842440927302628
dnarna_experimental,1157,-0.16383307499999999,-0.94283119976246588
dnarna_experimental,1158,-0.17364090500000001,-0.9453952798541464
dnarna_experimental,1159,-0.17785878399999999,-0.94649796817286902
dnarna_experimental,1160,-0.17652111400000001,-0.9461482585004708
dnarna_experimental,1161,-0.169338346,-0.94427045347816096
dnarna_experimental,1162,-0.15700994600000001,-0.94104741586410423
dnarna_experimental,1163,-0.14047987000000001,-0.93672592591316028
dnarna_experimental,1164,-0.11758993600000001,-0.93074176590332314
dnarna_experimental,1165,-0.10019470900000001,-0.92619409784209406
dnarna_experimental,1166,-0.085187246999999994,-0.9222706678335344
dnarna_experimental,1167,-0.076587502000000002,-0.92002241975541421
dnarna_experimental,1168,-0.064667393000000004,-0.91690612245238567
dnarna_experimental,1169,-0.051807576000000001,-0.91354415545740775
dnarna_experimental,1170,-0.037895977999999997,-0.90990721930789631
dnarna_experimental,1171,-0.021199092999999999,-0.90554212015532332
dnarna_experimental,1172,-0.0078981610000000008,-0.90206483160709228
dnarna_experimental,1173,0.0038832860000000001,-0.89898478498068368
dnarna_experimental,1174,0.013185336000000001,-0.8965529319391019
dnarna_experimental,1175,0.022458322999999999,-0.89412867689419262
dnarna_experimental,1176,0.031337153999999999,-0.89180746681974232
dnarna_experimental,1177,0.040137814000000001,-0.88950669314201236
dnarna_experimental,1178,0.04828139,-0.88737770221367374
dnarna_experimental,1179,0.058672971999999997,-0.88466101070013148
dnarna_experimental,1180,0.070381964000000005,-0.88159990612543482
dnarna_experimental,1181,0.086073054999999996,-0.87749775365645366
dnarna_experimental,1182,0.098290108000000001,-0.87430382570538734
dnarna_experimental,1183,0.108739503,-0.87157202002669942
dnarna_experimental,1184,0.117638678,-0.86924549138072149
dnarna_experimental,1185,0.12161554099999999,-0.86820581234411087
dnarna_experimental,1186,0.13346282100000001,-0.86510855486834259
dnarna_experimental,1187,0.149293328,-0.86096995460305359
dnarna_experimental,1188,0.172769272,-0.85483259285801849
dnarna_experimental,1189,0.193288613,-0.84946818159145854
dnarna_experimental,1190,0.21234639499999999,-0.84448586853976537
dnarna_experimental,1191,0.22905904199999999,-0.84011664869684555
dnarna_experimental,1192,0.24164208000000001,-0.83682704057469626
dnarna_experimental,1193,0.25341150499999998,-0.83375013688315314
dnarna_experimental,1194,0.26283052099999998,-0.83128770519247119
dnarna_experimental,1195,0.26880791300000001,-0.8297250239645777
dnarna_experimental,1196,0.27297055799999997,-0.82863677557800974
dnarna_experimental,1197,0.274278876,-0.82829473945611654
dnarna_experimental,1198,0.27197378500000002,-0.82889736388400848
dnarna_experimental,1199,0.26908763299999999,-0.82965189622039326
dnarna_experimental,1200,0.25304120299999999,-0.83384694565595086
dnarna_experimental,1201,0.227810227,-0.84044312883360284
dnarna_experimental,1202,0.18940773999999999,-0.85048276577548709
dnarna_experimental,1203,0.151025506,-0.86051710793615099
dnarna_experimental,1204,0.111505363,-0.87084893586207013
dnarna_experimental,1205,0.072588177000000004,-0.88102313156558754
dnarna_experimental,1206,0.036141056999999997,-0.89055157310577449
dnarna_experimental,1207,0.001895065,-0.89950456946756419
dnarna_experimental,1208,-0.028898064000000001,-0.90755487713291427
dnarna_experimental,1209,-0.054788601999999999,-0.91432349088832177
dnarna_experimental,1210,-0.077871429000000006,-0.92035807929069069
dnarna_experimental,1211,-0.097265744000000001,-0.92542837281976709
dnarna_experimental,1212,-0.11263809700000001,-0.92944719699286005
dnarna_experimental,1213,-0.124838699,-0.93263682412696791
dnarna_experimental,1214,-0.12961054699999999,-0.9338843376398781
dnarna_experimental,1215,-0.12804752,-0.93347571244822414
dnarna_experimental,1216,-0.118269204,-0.93091934825902423
dnarna_experimental,1217,-0.10500581,-0.92745187334321555
dnarna_experimental,1218,-0.087181664000000006,-0.92279207215275783
dnarna_experimental,1219,-0.064783632999999993,-0.91693651130189235
dnarna_experimental,1220,-0.041459541000000003,-0.91083884852085661
dnarna_experimental,1221,-0.0056927239999999997,-0.90148825991843584
dnarna_experimental,1222,0.037605298000000002,-0.89016877373042624
dnarna_experimental,1223,0.094175248000000003,-0.87537958156637319
dnarna_experimental,1224,0.142170514,-0.86283208573441939
dnarna_experimental,1225,0.18423044,-0.85183627739412826
dnarna_experimental,1226,0.218597866,-0.8428515343052998
dnarna_experimental,1227,0.241649476,-0.83682510702401702
dnarna_experimental,1228,0.26257766900000001,-0.83135380878310661
dnarna_experimental,1229,0.27854930100000003,-0.82717831393431251
dnarna_experimental,1230,0.28757696599999999,-0.82481819389747857
dnarna_experimental,1231,0.29687436900000003,-0.82238755573015399
dnarna_experimental,1232,0.30483796699999999,-0.82030561680075298
dnarna_experimental,1233,0.31117649800000002,-0.81864852230099106
dnarna_experimental,1234,0.32042484900000001,-0.81623070789352536
dnarna_experimental,1235,0.31491353100000002,-0.8176715424882034
dnarna_experimental,1236,0.30101272699999998,-0.82130565674128009
dnarna_experimental,1237,0.27158388,-0.82899929750726131
dnarna_experimental,1238,0.25036081999999998,-0.83454768340205565
dnarna_experimental,1239,0.23276946900000001,-0.83914662454243683
dnarna_experimental,1240,0.22563867300000001,-0.84101084242360269
dnarna_experimental,1241,0.215456127,-0.84367288524869466
dnarna_experimental,1242,0.20372261,-0.84674040144188878
dnarna_experimental,1243,0.18977412599999999,-0.85038698077019326
dnarna_experimental,1244,0.17102432100000001,-0.85528877879517873
dnarna_experimental,1245,0.15432585300000001,-0.85965429179452357
dnarna_experimental,1246,0.13806809,-0.86390459042771361
dnarna_experimental,1247,0.12353183099999999,-0.86770483291860223
dnarna_experimental,1248,0.10859513699999999,-0.87160976191114437
dnarna_experimental,1249,0.093766398000000001,-0.87548646801785979
dnarna_experimental,1250,0.079207583999999998,-0.87929260710631052
dnarna_experimental,1251,0.066418961999999998,-0.88263596145382961
dnarna_experimental,1252,0.052572305999999999,-0.88625591968984607
dnarna_experimental,1253,0.039570404000000003,-0.88965503224299813
dnarna_experimental,1254,0.021990339000000001,-0.89425102286242664
dnarna_experimental,1255,0.016654312000000001,-0.89564603078970206
dnarna_experimental,1256,0.021261433,-0.89444158217710756
dnarna_experimental,1257,0.035847088999999999,-0.89062842573233825
dnarna_experimental,1258,0.067461164000000004,-0.88236349655591539
dnarna_experimental,1259,0.090685710000000003,-0.87629185827946499
dnarna_experimental,1260,0.11149472000000001,-0.87085171828228092
dnarna_experimental,1261,0.123456433,-0.86772454436453395
dnarna_experimental,1262,0.14037745300000001,-0.86330084916254446
dnarna_experimental,1263,0.15949532,-0.85830282797232238
dnarna_experimental,1264,0.18107588099999999,-0.85266097989508227
dnarna_experimental,1265,0.20571856299999999,-0.8462185955631949
dnarna_experimental,1266,0.230417125,-0.83976160241411535
dnarna_experimental,1267,0.25517256599999999,-0.83328973927732841
dnarna_experimental,1268,0.28074981300000001,-0.82660302979799449
dnarna_experimental,1269,0.30146689100000001,-0.82118692376255209
dnarna_experimental,1270,0.31744941199999999,-0.81700858218128836
dnarna_experimental,1271,0.32790761499999999,-0.81427447381001217
dnarna_experimental,1272,0.33267915599999998,-0.81302704055670971
dnarna_experimental,1273,0.33081872299999998,-0.81351341717796077
dnarna_experimental,1274,0.32299191999999999,-0.81555959352418683
dnarna_experimental,1275,0.30971745499999997,-0.81902996275307949
dnarna_experimental,1276,0.29306151800000002,-0.82338435679029109
dnarna_experimental,1277,0.27489983699999998,-0.82813240041294289
dnarna_experimental,1278,0.25396976399999999,-0.83360419014591347
dnarna_experimental,1279,0.24206232,-0.83671717641333454
dnarna_experimental,1280,0.23989967000000001,-0.83728256221327935
dnarna_experimental,1281,0.24896485900000001,-0.8349126322040703
dnarna_experimental,1282,0.27273455299999999,-0.82869847482463577
dnarna_experimental,1283,0.30393630999999999,-0.82054133874569135
dnarna_experimental,1284,0.34469659800000002,-0.80988529729799441
dnarna_experimental,1285,0.39573177100000001,-0.79654307266066149
dnarna_experimental,1286,0.45478908200000001,-0.78110360486775665
dnarna_experimental,1287,0.52201437500000003,-0.76352876563841732
dnarna_experimental,1288,0.59655465699999999,-0.74404155459331822
dnarna_experimental,1289,0.67209185500000002,-0.72429371785745189
dnarna_experimental,1290,0.76041683699999996,-0.70120274585403808
dnarna_experimental,1291,0.85603720299999997,-0.67620452740818338
dnarna_experimental,1292,0.97609568899999999,-0.64481740367236129
dnarna_experimental,1293,1.0715332950000001,-0.61986696452912049
dnarna_experimental,1294,1.153216668,-0.59851232129706855
dnarna_experimental,1295,1.224307751,-0.57992684106175563
dnarna_experimental,1296,1.261071566,-0.57031560533114789
dnarna_experimental,1297,1.366065002,-0.54286696694684311
dnarna_experimental,1298,1.510500148,-0.50510700552850973
dnarna_experimental,1299,1.7251761940000001,-0.44898382887176741
dnarna_experimental,1300,1.9221413329999999,-0.39749084911324895
dnarna_experimental,1301,2.1176265870000002,-0.34638475857145568
dnarna_experimental,1302,2.295629344,-0.29984915125689693
dnarna_experimental,1303,2.481221305,-0.25132948356526152
dnarna_experimental,1304,2.6713050410000001,-0.20163552239037774
dnarna_experimental,1305,2.8677689110000002,-0.15027359036244547
dnarna_experimental,1306,3.0693578509999999,-0.097571801306458261
dnarna_experimental,1307,3.2853211839999998,-0.04111208670309785
dnarna_experimental,1308,3.5136811529999998,0.018588504584647336
dnarna_experimental,1309,3.7595257389999999,0.082860133335354247
dnarna_experimental,1310,4.0081267020000002,0.14785236709153804
dnarna_experimental,1311,4.2605044889999997,0.21383198329910813
dnarna_experimental,1312,4.5151505390000004,0.28040459591883027
dnarna_experimental,1313,4.7645792619999998,0.34561323258337284
dnarna_experimental,1314,5.0267859750000001,0.41416244405097535
dnarna_experimental,1315,5.2934095860000001,0.48386637376193875
dnarna_experimental,1316,5.5707438360000001,0.55637040667912363
dnarna_experimental,1317,5.8300388480000001,0.62415840648553023
dnarna_experimental,1318,6.0729600880000003,0.6876657792000197
dnarna_experimental,1319,6.2959600690000004,0.74596509838961012
dnarna_experimental,1320,6.4924976040000004,0.79734628880191016
dnarna_experimental,1321,6.6749841969999997,0.84505411409149078
dnarna_experimental,1322,6.8371721780000003,0.88745523372671731
dnarna_experimental,1323,6.9816579120000002,0.92522842046438003
dnarna_experimental,1324,7.0965677039999999,0.95526951110383373
dnarna_experimental,1325,7.1842511079999998,0.97819275412162476
dnarna_experimental,1326,7.2376778760000002,0.99216021809598354
dnarna_experimental,1327,7.2743822280000003,1.0017559082987333
dnarna_experimental,1328,7.2921160010000001,1.0063920830998545
dnarna_experimental,1329,7.2911260599999999,1.006133280896917
dnarna_experimental,1330,7.2757398130000004,1.0021108243883541
dnarna_experimental,1331,7.2292012249999997,0.98994415072193409
dnarna_experimental,1332,7.1548570390000004,0.97050820543589278
dnarna_experimental,1333,7.0529445690000001,0.94386502999127442
dnarna_experimental,1334,6.9195569859999999,0.90899325447643708
dnarna_experimental,1335,6.7558915339999999,0.86620587672120497
dnarna_experimental,1336,6.5632629739999997,0.81584661725350494
dnarna_experimental,1337,6.3429798359999996,0.75825756761880314
dnarna_experimental,1338,6.1015051079999996,0.69512835935267547
dnarna_experimental,1339,5.8416239829999999,0.62718713088358069
dnarna_experimental,1340,5.5650312509999997,0.55487695446079066
dnarna_experimental,1341,5.2844500749999996,0.48152407135801301
dnarna_experimental,1342,5.0026794079999997,0.40786021730729549
dnarna_experimental,1343,4.7248516409999999,0.33522716327997648
dnarna_experimental,1344,4.4548125829999998,0.26463032661029839
dnarna_experimental,1345,4.1969443230000003,0.19721532535698338
dnarna_experimental,1346,3.955246786,0.13402786770020081
dnarna_experimental,1347,3.7293242289999999,0.074964493776992103
dnarna_experimental,1348,3.5342090709999998,0.023955158153015743
dnarna_experimental,1349,3.3677043549999999,-0.019574493917475233
dnarna_experimental,1350,3.2351864840000002,-0.05421889893091747
dnarna_experimental,1351,3.122452403,-0.083691189207767969
dnarna_experimental,1352,3.0308421729999999,-0.10764102999184311
dnarna_experimental,1353,2.9579729179999998,-0.12669138119502399
dnarna_experimental,1354,2.9018799309999999,-0.14135587999339172
dnarna_experimental,1355,2.8602322789999999,-0.15224390673921007
dnarna_experimental,1356,2.8306970329999999,-0.15996536360290858
dnarna_experimental,1357,2.8121988020000002,-0.16480139214728662
dnarna_experimental,1358,2.79884998,-0.16829120067145431
dnarna_experimental,1359,2.789642363,-0.17069836590999521
dnarna_experimental,1360,2.7798128709999999,-0.17326810914050939
dnarna_experimental,1361,2.7750543209999998,-0.17451214613138977
dnarna_experimental,1362,2.7722136719999999,-0.17525478252989501
dnarna_experimental,1363,2.769291967,-0.17601860955628756
dnarna_experimental,1364,2.7696802979999999,-0.17591708742691925
dnarna_experimental,1365,2.7530863719999998,-0.18025526980767226
dnarna_experimental,1366,2.7244226550000001,-0.18774888114812827
dnarna_experimental,1367,2.6769331909999998,-0.20016414417848061
dnarna_experimental,1368,2.6300931369999998,-0.21240963068820207
dnarna_experimental,1369,2.5804991340000001,-0.22537508744663326
dnarna_experimental,1370,2.5319707089999999,-0.23806196807395996
dnarna_experimental,1371,2.479178197,-0.25186361726741113
dnarna_experimental,1372,2.4234944380000001,-0.26642113079301633
dnarna_experimental,1373,2.3652055779999999,-0.28165970094490067
dnarna_experimental,1374,2.305330423,-0.29731297928697897
dnarna_experimental,1375,2.2430002299999998,-0.31360808299308995
dnarna_experimental,1376,2.1797583949999999,-0.33014151904212896
dnarna_experimental,1377,2.1120505079999998,-0.34784252376044644
dnarna_experimental,1378,2.0537127609999999,-0.36309387453591835
dnarna_experimental,1379,2.0025686500000002,-0.37646457904668162
dnarna_experimental,1380,1.9668065910000001,-0.38581392375589918
dnarna_experimental,1381,1.9271108340000001,-0.39619166279173978
dnarna_experimental,1382,1.8848150379999999,-0.40724913508534416
dnarna_experimental,1383,1.8394939429999999,-0.41909751718644733
dnarna_experimental,1384,1.7842693789999999,-0.4335349824691998
dnarna_experimental,1385,1.74321839,-0.44426702244528998
dnarna_experimental,1386,1.711242393,-0.45262656959479569
dnarna_experimental,1387,1.69312095,-0.45736409371876852
dnarna_experimental,1388,1.6782817329999999,-0.46124353910942345
dnarna_experimental,1389,1.668111533,-0.46390235429569904
dnarna_experimental,1390,1.6615810419999999,-0.46560963327198629
dnarna_experimental,1391,1.6608369009999999,-0.46580417550237807
dnarna_experimental,1392,1.6561810320000001,-0.46702136839951963
dnarna_experimental,1393,1.6518178509999999,-0.46816204330298955
dnarna_experimental,1394,1.6284861369999999,-0.47426169871832446
dnarna_experimental,1395,1.645352302,-0.46985234436578172
dnarna_experimental,1396,1.683681285,-0.45983192371772175
dnarna_experimental,1397,1.782724298,-0.43393891600313478
dnarna_experimental,1398,1.821070902,-0.42391388866273866
dnarna_experimental,1399,1.812588458,-0.42613147051205646
dnarna_experimental,1400,1.7543953080000001,-0.44134501901230366
dnarna_experimental,1401,1.6145492029999999,-0.47790525850764237
dnarna_experimental,1402,1.521245497,-0.50229782801941147
dnarna_experimental,1403,1.442414839,-0.52290668041508692
dnarna_experimental,1404,1.4004661869999999,-0.53387339817691959
dnarna_experimental,1405,1.3466205339999999,-0.54795037207235198
dnarna_experimental,1406,1.2931034100000001,-0.56194145799170414
dnarna_experimental,1407,1.2354212550000001,-0.5770214160742495
dnarna_experimental,1408,1.1799378620000001,-0.59152654752638401
dnarna_experimental,1409,1.1249029589999999,-0.605914429364657
dnarna_experimental,1410,1.07002581,-0.62026106926758018
dnarna_experimental,1411,1.0147941890000001,-0.63470037947558189
dnarna_experimental,1412,0.95877014299999996,-0.64934685489409905
dnarna_experimental,1413,0.90109249400000002,-0.66442563496429174
dnarna_experimental,1414,0.84400892699999996,-0.67934910302061136
dnarna_experimental,1415,0.77812790499999995,-0.69657250686527095
dnarna_experimental,1416,0.70539715199999997,-0.71558664922094339
dnarna_experimental,1417,0.62192266100000004,-0.73740954791884761
dnarna_experimental,1418,0.53890194800000002,-0.75911381455075544
dnarna_experimental,1419,0.45590832399999998,-0.78081099925265396
dnarna_experimental,1420,0.37489633999999999,-0.80199011995131442
dnarna_experimental,1421,0.303099232,-0.82076017767693132
dnarna_experimental,1422,0.227250011,-0.84058958719316257
dnarna_experimental,1423,0.15319260000000001,-0.85995056033263417
dnarna_experimental,1424,0.073646553000000003,-0.88074643826736432
dnarna_experimental,1425,0.015821568000000001,-0.89586373667488428
dnarna_experimental,1426,-0.024947073,-0.90652196186363354
dnarna_experimental,1427,-0.039775770000000002,-0.91039865699020728
dnarna_experimental,1428,-0.048399337000000001,-0.91265313290016625
dnarna_experimental,1429,-0.048373960000000001,-0.91264649854165003
dnarna_experimental,1430,-0.040556166999999997,-0.91060267769726555
dnarna_experimental,1431,-0.02965021,-0.90775151212604088
dnarna_experimental,1432,-0.000884894,-0.9002313395612126
dnarna_experimental,1433,0.040753232,-0.88934580321612033
dnarna_experimental,1434,0.099016047999999995,-0.87411404179786101
dnarna_experimental,1435,0.16033079,-0.85808440942365294
dnarna_experimental,1436,0.22643054600000001,-0.84080382152352195
dnarna_experimental,1437,0.29271498099999999,-0.82347495263287107
dnarna_experimental,1438,0.36311559100000002,-0.80506998409822406
dnarna_experimental,1439,0.43572277999999998,-0.78608814531963733
dnarna_experimental,1440,0.50969529700000005,-0.76674936618386513
dnarna_experimental,1441,0.58594744099999996,-0.74681461972329655
dnarna_experimental,1442,0.65754263400000001,-0.72809734902923617
dnarna_experimental,1443,0.72602227600000002,-0.71019458289874549
dnarna_experimental,1444,0.78875816499999996,-0.69379341729750843
dnarna_experimental,1445,0.85328385600000001,-0.67692434027486115
dnarna_experimental,1446,0.91791748799999995,-0.66002704402643453
dnarna_experimental,1447,0.98356329499999995,-0.64286513289716296
dnarna_experimental,1448,1.0480905149999999,-0.6259956561450688
dnarna_experimental,1449,1.111461365,-0.60942849145340161
dnarna_experimental,1450,1.173093664,-0.59331583953443467
dnarna_experimental,1451,1.2324871340000001,-0.5777884890396946
dnarna_experimental,1452,1.288386681,-0.56317456163713353
dnarna_experimental,1453,1.340225244,-0.5496223051879876
dnarna_experimental,1454,1.3867720240000001,-0.53745348987105868
dnarna_experimental,1455,1.4284599060000001,-0.52655494571801698
dnarna_experimental,1456,1.4639490900000001,-0.51727693925130735
dnarna_experimental,1457,1.4926433809999999,-0.50977533489050708
dnarna_experimental,1458,1.5119394859999999,-0.50473071659293489
dnarna_experimental,1459,1.520773438,-0.50242123932282912
dnarna_experimental,1460,1.522056963,-0.50208568488319516
dnarna_experimental,1461,1.5049954560000001,-0.50654610787510768
dnarna_experimental,1462,1.4702344650000001,-0.51563374142811447
dnarna_experimental,1463,1.418345736,-0.52919911287230814
dnarna_experimental,1464,1.3453754899999999,-0.54827586634923753
dnarna_experimental,1465,1.271898905,-0.56748499301672395
dnarna_experimental,1466,1.1953820340000001,-0.5874889475722973
dnarna_experimental,1467,1.119914649,-0.60721853295965511
dnarna_experimental,1468,1.042926928,-0.62734558274742236
dnarna_experimental,1469,0.966832896,-0.64723899368000404
dnarna_experimental,1470,0.89328162300000002,-0.66646764617673981
dnarna_experimental,1471,0.82188218499999999,-0.68513374026003648
dnarna_experimental,1472,0.75372313599999996,-0.70295269313837749
dnarna_experimental,1473,0.68967138400000005,-0.71969786736554686
dnarna_experimental,1474,0.63006656999999999,-0.7352804699336708
dnarna_experimental,1475,0.57752108800000002,-0.74901753759328127
dnarna_experimental,1476,0.532212927,-0.76086253833358342
dnarna_experimental,1477,0.495204376,-0.77053775587314555
dnarna_experimental,1478,0.46565272400000002,-0.77826350178936465
dnarna_experimental,1479,0.444282132,-0.78385045726214797
dnarna_experimental,1480,0.43268915699999999,-0.78688123128666199
dnarna_experimental,1481,0.42828703200000001,-0.78803208739587161
dnarna_experimental,1482,0.43229658599999998,-0.78698386188748515
dnarna_experimental,1483,0.43981264799999997,-0.78501892316586819
dnarna_experimental,1484,0.46469646399999998,-0.7785134987028991
dnarna_experimental,1485,0.50650307999999999,-0.76758391368907519
dnarna_experimental,1486,0.56488949399999999,-0.75231983980504391
dnarna_experimental,1487,0.64600613100000004,-0.73111335946884548
dnarna_experimental,1488,0.72340787399999995,-0.71087807110356238
dnarna_experimental,1489,0.80158859699999996,-0.69043913248028987
dnarna_experimental,1490,0.87183235100000001,-0.67207517111510451
dnarna_experimental,1491,0.95189132200000004,-0.65114519846044694
dnarna_experimental,1492,1.0366699669999999,-0.62898135224327634
dnarna_experimental,1493,1.1305090440000001,-0.60444881964866792
dnarna_experimental,1494,1.217582986,-0.58168490946809315
dnarna_experimental,1495,1.2972757779999999,-0.5608506677023164
dnarna_experimental,1496,1.367262365,-0.54255393800661733
dnarna_experimental,1497,1.4236463290000001,-0.52781336852463889
dnarna_experimental,1498,1.4731976330000001,-0.5148590746489079
dnarna_experimental,1499,1.5127177300000001,-0.50452725874885829
dnarna_experimental,1500,1.5431536370000001,-0.4965703403264406
dnarna_experimental,1501,1.559319068,-0.49234418022777093
dnarna_experimental,1502,1.5620843929999999,-0.49162123592923329
dnarna_experimental,1503,1.5498258540000001,-0.49482600964604828
dnarna_experimental,1504,1.5271390890000001,-0.5007570547886675
dnarna_experimental,1505,1.493822837,-0.50946698741215424
dnarna_experimental,1506,1.4516526510000001,-0.52049162123890946
dnarna_experimental,1507,1.3988390740000001,-0.53429877749632193
dnarna_experimental,1508,1.3363581449999999,-0.55063328840837955
dnarna_experimental,1509,1.2650978719999999,-0.56926300031478716
dnarna_experimental,1510,1.1847080860000001,-0.59027945857895547
dnarna_experimental,1511,1.1010431409999999,-0.61215214803687312
dnarna_experimental,1512,1.013846453,-0.63494814794320098
dnarna_experimental,1513,0.92520844099999999,-0.65812095598895026
dnarna_experimental,1514,0.83270731899999995,-0.68230370440305554
dnarna_experimental,1515,0.73779664300000003,-0.70711638721052084
dnarna_experimental,1516,0.64365302099999999,-0.7317285375973952
dnarna_experimental,1517,0.54533300500000004,-0.75743253079867545
dnarna_experimental,1518,0.445528549,-0.78352460403919932
dnarna_experimental,1519,0.33822007999999998,-0.81157846600781203
dnarna_experimental,1520,0.24497402700000001,-0.83595596318354704
dnarna_experimental,1521,0.16711852999999999,-0.85630987734045982
dnarna_experimental,1522,0.10662518999999999,-0.87212476899062741
dnarna_experimental,1523,0.071773055000000002,-0.88123623049700162
dnarna_experimental,1524,0.036685816000000003,-0.89040915569981782
dnarna_experimental,1525,0.0065984090000000004,-0.89827496508874383
dnarna_experimental,1526,-0.023304281999999999,-0.90609248381416785
dnarna_experimental,1527,-0.044211558999999997,-0.91155831394447706
dnarna_experimental,1528,-0.058493284,-0.91529201311619557
dnarna_experimental,1529,-0.065932344000000004,-0.91723682105503801
dnarna_experimental,1530,-0.067311148000000001,-0.9175972844691398
dnarna_experimental,1531,-0.062869891999999997,-0.91643619826641631
dnarna_experimental,1532,-0.051302791,-0.91341218853209605
dnarna_experimental,1533,-0.036929333000000002,-0.90965450742359333
dnarna_experimental,1534,-0.019803141999999999,-0.9051771739676282
dnarna_experimental,1535,8.0599999999999994e-05,-0.89997892858508055
dnarna_experimental,1536,0.021414743999999999,-0.89440150178389766
dnarna_experimental,1537,0.050562072,-0.88678145907817341
dnarna_experimental,1538,0.086893263999999998,-0.87728332482072569
dnarna_experimental,1539,0.13234871400000001,-0.865399818030398
dnarna_experimental,1540,0.18521204399999999,-0.85157965474933184
dnarna_experimental,1541,0.24671871100000001,-0.8354998470487166
dnarna_experimental,1542,0.31469693399999998,-0.81772816786360425
dnarna_experimental,1543,0.393714497,-0.79707045252989506
dnarna_experimental,1544,0.48332234600000001,-0.77364409810906842
dnarna_experimental,1545,0.58678168500000005,-0.74659652169019397
dnarna_experimental,1546,0.69642843499999996,-0.71793135836737199
dnarna_experimental,1547,0.81230324600000003,-0.68763798093196105
dnarna_experimental,1548,0.93416174600000002,-0.6557802760316872
dnarna_experimental,1549,1.0570848829999999,-0.62364424100777049
dnarna_experimental,1550,1.19737213,-0.58696867290051635
dnarna_experimental,1551,1.349823172,-0.5471131001848234
dnarna_experimental,1552,1.5171389989999999,-0.50337139778645734
dnarna_experimental,1553,1.6848959530000001,-0.45951437069765494
dnarna_experimental,1554,1.852785729,-0.41562261969480252
dnarna_experimental,1555,2.0194618919999998,-0.37204814590131297
dnarna_experimental,1556,2.176987322,-0.33086596605149732
dnarna_experimental,1557,2.323874048,-0.29246508330080367
dnarna_experimental,1558,2.4548328000000001,-0.25822828180296675
dnarna_experimental,1559,2.5772455779999999,-0.22622567092603374
dnarna_experimental,1560,2.6897739930000002,-0.19680714831197266
dnarna_experimental,1561,2.7919079720000002,-0.17010606333823031
dnarna_experimental,1562,2.8879728939999998,-0.14499162375179342
dnarna_experimental,1563,2.9611922900000001,-0.12584973450529602
dnarna_experimental,1564,3.0172138749999999,-0.11120390247080025
dnarna_experimental,1565,3.0493682990000002,-0.10279770880330641
dnarna_experimental,1566,3.084940676,-0.093497953028639169
dnarna_experimental,1567,3.1199125080000001,-0.084355198902517858
dnarna_experimental,1568,3.1609410910000002,-0.073629016570629591
dnarna_experimental,1569,3.1945143319999998,-0.064851898812543274
dnarna_experimental,1570,3.2229384579999998,-0.057420924213674951
dnarna_experimental,1571,3.2458181769999999,-0.051439434731175182
dnarna_experimental,1572,3.2622076849999999,-0.047154693746141896
dnarna_experimental,1573,3.2723135829999999,-0.044512689156915308
dnarna_experimental,1574,3.276690136,-0.043368518385451527
dnarna_experimental,1575,3.2734640220000002,-0.044211927649365323
dnarna_experimental,1576,3.2728155270000001,-0.044381464959764694
dnarna_experimental,1577,3.271999713,-0.044594744802086028
dnarna_experimental,1578,3.2750677050000001,-0.043792673680478567
dnarna_experimental,1579,3.2683527040000002,-0.045548189465286715
dnarna_experimental,1580,3.255370557,-0.048942137430328048
dnarna_experimental,1581,3.23461775,-0.054367584167800964
dnarna_experimental,1582,3.2127337969999998,-0.060088748606272335
dnarna_experimental,1583,3.1902605390000001,-0.065963976198206487
dnarna_experimental,1584,3.1647912549999999,-0.07262246070025824
dnarna_experimental,1585,3.14971092,-0.076564942039083816
dnarna_experimental,1586,3.1442212999999999,-0.078000104083378208
dnarna_experimental,1587,3.1581267639999999,-0.074364771557428933
dnarna_experimental,1588,3.1684124269999998,-0.071675770654269444
dnarna_experimental,1589,3.1765865760000001,-0.069538786967018429
dnarna_experimental,1590,3.1828582390000002,-0.067899173898681164
dnarna_experimental,1591,3.179249853,-0.068842521275797153
dnarna_experimental,1592,3.201570383,-0.063007221662247703
dnarna_experimental,1593,3.241016041,-0.052694866494892745
dnarna_experimental,1594,3.3061854820000001,-0.035657492656434031
dnarna_experimental,1595,3.370127664,-0.018940963527685595
dnarna_experimental,1596,3.4383289889999999,-0.0011109583523578603
dnarna_experimental,1597,3.5043834810000001,0.016157796092129084
dnarna_experimental,1598,3.5827191580000002,0.036637244641300359
dnarna_experimental,1599,3.6697566720000001,0.059391631378913678
dnarna_experimental,1600,3.7659627219999998,0.084542966333151504
dnarna_experimental,1601,3.8667836489999998,0.11090077756616401
dnarna_experimental,1602,3.9703664679999999,0.1379806356018406
dnarna_experimental,1603,4.0741956310000003,0.16512489582904222
dnarna_experimental,1604,4.1737465619999998,0.19115068953523029
dnarna_experimental,1605,4.2652564249999996,0.21507429117909183
dnarna_experimental,1606,4.3444933509999997,0.23578935500896703
dnarna_experimental,1607,4.4118868400000002,0.25340816604604577
dnarna_experimental,1608,4.448068235,0.26286713858214494
dnarna_experimental,1609,4.4555095189999996,0.26481252794563714
dnarna_experimental,1610,4.4329978619999997,0.25892726162837432
dnarna_experimental,1611,4.3833810709999996,0.24595584735873721
dnarna_experimental,1612,4.309377853,0.22660904200076348
dnarna_experimental,1613,4.2089004729999999,0.20034104492880977
dnarna_experimental,1614,4.1067624760000001,0.17363890952150485
dnarna_experimental,1615,4.0045841070000003,0.14692621958364016
dnarna_experimental,1616,3.9078791480000001,0.12164445387821055
dnarna_experimental,1617,3.8208521200000001,0.098892808515992248
dnarna_experimental,1618,3.7466959860000002,0.079506026030427668
dnarna_experimental,1619,3.6876843130000001,0.064078489468714972
dnarna_experimental,1620,3.6441692730000002,0.052702267842454908
dnarna_experimental,1621,3.6160363649999998,0.045347426932296209
dnarna_experimental,1622,3.6082691690000002,0.043316833760128737
dnarna_experimental,1623,3.6055520300000001,0.042606486821384015
dnarna_experimental,1624,3.60624586,0.042787876149095627
dnarna_experimental,1625,3.6090732280000002,0.043527040469914291
dnarna_experimental,1626,3.6042459199999999,0.042265027941229549
dnarna_experimental,1627,3.6227140439999999,0.047093185553982564
dnarna_experimental,1628,3.6546872549999998,0.055452004354084261
dnarna_experimental,1629,3.7117352129999999,0.070366163080206934
dnarna_experimental,1630,3.749031161,0.080116515377009923
dnarna_experimental,1631,3.7737031550000002,0.086566562802124603
dnarna_experimental,1632,3.7695740889999998,0.085487093038901119
dnarna_experimental,1633,3.777322544,0.087512786714952107
dnarna_experimental,1634,3.7897213299999999,0.090754225478022699
dnarna_experimental,1635,3.8192300979999998,0.098468760146631307
dnarna_experimental,1636,3.831803292,0.10175579473269558
dnarna_experimental,1637,3.8293223279999999,0.10110719148400793
dnarna_experimental,1638,3.8015713359999999,0.093852195617278311
dnarna_experimental,1639,3.7672775010000001,0.084886691566853578
dnarna_experimental,1640,3.725964018,0.074086027273296051
dnarna_experimental,1641,3.6787932059999999,0.061754070055684562
dnarna_experimental,1642,3.6286323390000002,0.048640416938110609
dnarna_experimental,1643,3.5660888420000001,0.032289548751999964
dnarna_experimental,1644,3.4933830370000001,0.013281928600538562
dnarna_experimental,1645,3.41076662,-0.0083166421409688329
dnarna_experimental,1646,3.3160147919999998,-0.033087797006534414
dnarna_experimental,1647,3.210112353,-0.060774077814859218
dnarna_experimental,1648,3.0933628400000002,-0.091296130297079947
dnarna_experimental,1649,2.9689171249999999,-0.12383021585183074
dnarna_experimental,1650,2.8382211960000001,-0.15799830702108975
dnarna_experimental,1651,2.6993852789999999,-0.19429445110086196
dnarna_experimental,1652,2.565153499,-0.22938692668096916
dnarna_experimental,1653,2.434871378,-0.26344683521914902
dnarna_experimental,1654,2.3158830090000002,-0.29455419618425926
dnarna_experimental,1655,2.1910374199999998,-0.32719282157734142
dnarna_experimental,1656,2.0624077409999999,-0.36082072898633599
dnarna_experimental,1657,1.9233645880000001,-0.39717105117705409
dnarna_experimental,1658,1.7909225689999999,-0.43179562605446092
dnarna_experimental,1659,1.6652923900000001,-0.46463936833875452
dnarna_experimental,1660,1.5541896909999999,-0.49368516324322126
dnarna_experimental,1661,1.4433000739999999,-0.52267525170558049
dnarna_experimental,1662,1.3321304060000001,-0.55173855444609854
dnarna_experimental,1663,1.22052041,-0.58091697299292755
dnarna_experimental,1664,1.1028435830000001,-0.61168145497954796
dnarna_experimental,1665,1.0020221540000001,-0.63803939745139782
dnarna_experimental,1666,0.91299998699999996,-0.66131263588670519
dnarna_experimental,1667,0.84099397499999995,-0.68013730779175563
dnarna_experimental,1668,0.76952699899999999,-0.69882105846588138
dnarna_experimental,1669,0.70115530100000001,-0.71669560458629689
dnarna_experimental,1670,0.63365095999999999,-0.73434339587755249
dnarna_experimental,1671,0.56956777700000005,-0.7510967871722446
dnarna_experimental,1672,0.50815002799999998,-0.76715334886700615
dnarna_experimental,1673,0.44873553100000002,-0.78268619649129345
dnarna_experimental,1674,0.39389844899999998,-0.79702236160040052
dnarna_experimental,1675,0.34370074299999998,-0.810145645609466
dnarna_experimental,1676,0.29756576000000001,-0.82220680403496071
dnarna_experimental,1677,0.25901476499999998,-0.83228526571241401
dnarna_experimental,1678,0.22763038399999999,-0.84049014553922763
dnarna_experimental,1679,0.20677884399999999,-0.84594140423711295
dnarna_experimental,1680,0.18552411699999999,-0.85149806889736956
dnarna_experimental,1681,0.16288903299999999,-0.85741560297554154
dnarna_experimental,1682,0.13802308599999999,-0.86391635591105154
dnarna_experimental,1683,0.107291336,-0.87195061714493338
dnarna_experimental,1684,0.084407399999999994,-0.87793320908595318
dnarna_experimental,1685,0.065603412999999999,-0.882849172016685
dnarna_experimental,1686,0.054284955000000003,-0.88580817852743432
dnarna_experimental,1687,0.039151462999999997,-0.88976455680426081
dnarna_experimental,1688,0.023293512999999998,-0.89391033154646826
dnarna_experimental,1689,0.0023243790000000001,-0.89939233307271638
dnarna_experimental,1690,-0.0088119319999999998,-0.90230372053863528
dnarna_experimental,1691,-0.013484036,-0.90352515778343467
dnarna_experimental,1692,-0.0069863260000000002,-0.9018264488077985
dnarna_experimental,1693,-0.0050593390000000004,-0.90132267284475398
dnarna_experimental,1694,-0.0057809970000000004,-0.90151133730068378
dnarna_experimental,1695,-0.011761816,-0.90307491445585919
dnarna_experimental,1696,-0.018449797,-0.90482336634946237
dnarna_experimental,1697,-0.026164995999999999,-0.90684036584468752
dnarna_experimental,1698,-0.036929452000000001,-0.90965453853399503
dnarna_experimental,1699,-0.042657403000000003,-0.91115200791562401
dnarna_experimental,1700,-0.043905766999999998,-0.91147837014657318
dnarna_simulated_full,450,0.068196150999999997,-0.88217134747356551
dnarna_simulated_full,451,0.087705243000000002,-0.87707104756992071
dnarna_simulated_full,452,0.104991897,-0.87255176395946155
dnarna_simulated_full,453,0.120611145,-0.86846839354584093
dnarna_simulated_full,454,0.13378055999999999,-0.86502548774296917
dnarna_simulated_full,455,0.14384022799999999,-0.86239556915264737
dnarna_simulated_full,456,0.15302665900000001,-0.85999394261133322
dnarna_simulated_full,457,0.15330448699999999,-0.85992130949639234
dnarna_simulated_full,458,0.148914925,-0.86106888123605307
dnarna_simulated_full,459,0.14133301200000001,-0.86305103551280482
dnarna_simulated_full,460,0.123162676,-0.86780134182895696
dnarna_simulated_full,461,0.124895162,-0.86734841464101475
dnarna_simulated_full,462,0.13536817900000001,-0.86461043341687727
dnarna_simulated_full,463,0.15437915899999999,-0.85964035590316257
dnarna_simulated_full,464,0.19378019799999999,-0.8493396655678459
dnarna_simulated_full,465,0.21332768199999999,-0.84422932876889611
dnarna_simulated_full,466,0.22872016000000001,-0.84020524327787205
dnarna_simulated_full,467,0.240900845,-0.83702082308385028
dnarna_simulated_full,468,0.23989121199999999,-0.83728477340468621
dnarna_simulated_full,469,0.26321679999999997,-0.83118671952145795
dnarna_simulated_full,470,0.29856723600000001,-0.82194498621451573
dnarna_simulated_full,471,0.34709220499999999,-0.80925900909599757
dnarna_simulated_full,472,0.41516981600000002,-0.79146134671254753
dnarna_simulated_full,473,0.48551097399999998,-0.7730719208300072
dnarna_simulated_full,474,0.56489873199999996,-0.75231742469671858
dnarna_simulated_full,475,0.65331958800000001,-0.72920138816682845
dnarna_simulated_full,476,0.74529816299999996,-0.70515525023227554
dnarna_simulated_full,477,0.85629634700000001,-0.67613677888773815
dnarna_simulated_full,478,0.97945162100000005,-0.64394005583596592
dnarna_simulated_full,479,1.113323117,-0.60894177000341254
dnarna_simulated_full,480,1.2614025760000001,-0.57022906874240731
dnarna_simulated_full,481,1.405457213,-0.53256858453275369
dnarna_simulated_full,482,1.548906573,-0.4950663390676186
dnarna_simulated_full,483,1.689189155,-0.45839199054039664
dnarna_simulated_full,484,1.821208081,-0.42387802568969601
dnarna_simulated_full,485,1.9499154759999999,-0.39022980083551684
dnarna_simulated_full,486,2.069967165,-0.35884445405263787
dnarna_simulated_full,487,2.17860173,-0.33044390822498015
dnarna_simulated_full,488,2.2809792560000002,-0.30367915228486819
dnarna_simulated_full,489,2.3526669359999999,-0.2849377025343357
dnarna_simulated_full,490,2.3999305990000002,-0.27258147109902342
dnarna_simulated_full,491,2.421795929,-0.26686517530769904
dnarna_simulated_full,492,2.4157706760000002,-0.26844036893000267
dnarna_simulated_full,493,2.3899641730000001,-0.27518701325175321
dnarna_simulated_full,494,2.3437144710000002,-0.2872781628887634
dnarna_simulated_full,495,2.279710825,-0.30401076067069577
dnarna_simulated_full,496,2.194190206,-0.32636858259522916
dnarna_simulated_full,497,2.109263205,-0.34857121381031286
dnarna_simulated_full,498,2.0214951229999998,-0.37151659436250284
dnarna_simulated_full,499,1.9339138140000001,-0.39441314648567605
dnarna_simulated_full,500,1.8491134069999999,-0.41658268198487491
dnarna_simulated_full,501,1.768788281,-0.43758223605935737
dnarna_simulated_full,502,1.6944710599999999,-0.45701113183295089
dnarna_simulated_full,503,1.627075426,-0.47463050364155568
dnarna_simulated_full,504,1.5679211369999999,-0.49009532458180621
dnarna_simulated_full,505,1.5145761019999999,-0.50404142093884974
dnarna_simulated_full,506,1.4674146020000001,-0.51637094370217163
dnarna_simulated_full,507,1.425572466,-0.52730981477874916
dnarna_simulated_full,508,1.3926931199999999,-0.53590552621604748
dnarna_simulated_full,509,1.355121204,-0.54572802536437015
dnarna_simulated_full,510,1.316175957,-0.55590955710974921
dnarna_simulated_full,511,1.275097664,-0.56664873522371728
dnarna_simulated_full,512,1.2286687709999999,-0.57878673111272305
dnarna_simulated_full,513,1.184256808,-0.59039743706508485
dnarna_simulated_full,514,1.1393779980000001,-0.60213019173755711
dnarna_simulated_full,515,1.0942059099999999,-0.61393961864854985
dnarna_simulated_full,516,1.0502807279999999,-0.62542306449637186
dnarna_simulated_full,517,1.004282723,-0.6374484124966453
dnarna_simulated_full,518,0.95776245500000001,-0.6496102967297982
dnarna_simulated_full,519,0.91120393499999996,-0.66178218125778354
dnarna_simulated_full,520,0.86202593500000002,-0.67463888154201213
dnarna_simulated_full,521,0.81912196699999995,-0.68585534942562143
dnarna_simulated_full,522,0.78018899500000005,-0.69603367209385236
dnarna_simulated_full,523,0.74552278100000002,-0.70509652791122868
dnarna_simulated_full,524,0.71698685900000003,-0.71255672955603166
dnarna_simulated_full,525,0.689509029,-0.71974031214928447
dnarna_simulated_full,526,0.66431674200000002,-0.72632638078634315
dnarna_simulated_full,527,0.640901532,-0.73244786472351564
dnarna_simulated_full,528,0.620408242,-0.73780546542642711
dnarna_simulated_full,529,0.59819966000000002,-0.74361149825638595
dnarna_simulated_full,530,0.57541382500000005,-0.74956844346198359
dnarna_simulated_full,531,0.55195969600000006,-0.75570010206909732
dnarna_simulated_full,532,0.52654844099999998,-0.76234341593670285
dnarna_simulated_full,533,0.50315474100000002,-0.76845927647269774
dnarna_simulated_full,534,0.48098264600000001,-0.77425577043521032
dnarna_simulated_full,535,0.46059626199999998,-0.77958542249440743
dnarna_simulated_full,536,0.44014192299999999,-0.78493284016155551
dnarna_simulated_full,537,0.42601227800000002,-0.7886267807627908
dnarna_simulated_full,538,0.41635851800000001,-0.7911505820344138
dnarna_simulated_full,539,0.411059059,-0.79253602991825534
dnarna_simulated_full,540,0.41397891199999998,-0.79177268706382842
dnarna_simulated_full,541,0.41333709400000002,-0.79194047879311835
dnarna_simulated_full,542,0.41227864800000003,-0.7922171903915779
dnarna_simulated_full,543,0.41040775699999998,-0.79270630106812956
dnarna_simulated_full,544,0.40377542,-0.79444020584247987
dnarna_simulated_full,545,0.402212605,-0.79484877561056111
dnarna_simulated_full,546,0.402446884,-0.79478752759547533
dnarna_simulated_full,547,0.40435684599999999,-0.79428820251132659
dnarna_simulated_full,548,0.40900924999999999,-0.79307191547588096
dnarna_simulated_full,549,0.41202018699999998,-0.79228476035400341
dnarna_simulated_full,550,0.41390340599999997,-0.79179242674441042
dnarna_simulated_full,551,0.41379993799999998,-0.79181947658509133
dnarna_simulated_full,552,0.41459494499999999,-0.79161163635728904
dnarna_simulated_full,553,0.40609271200000002,-0.79383439168340386
dnarna_simulated_full,554,0.39119964800000001,-0.79772791440010316
dnarna_simulated_full,555,0.37006359999999999,-0.80325355257833464
dnarna_simulated_full,556,0.33733103399999997,-0.81181089103446813
dnarna_simulated_full,557,0.30931236000000001,-0.81913586752760548
dnarna_simulated_full,558,0.28164474,-0.82636906729005877
dnarna_simulated_full,559,0.25499135099999998,-0.83333711466758442
dnarna_simulated_full,560,0.23333575400000001,-0.83899857955239143
dnarna_simulated_full,561,0.20715725500000001,-0.84584247551265779
dnarna_simulated_full,562,0.17975385799999999,-0.85300659894180764
dnarna_simulated_full,563,0.15122802499999999,-0.86046416299969841
dnarna_simulated_full,564,0.120666248,-0.86845398786127137
dnarna_simulated_full,565,0.091788491999999999,-0.87600355583420808
dnarna_simulated_full,566,0.064053541000000006,-0.88325435807107755
dnarna_simulated_full,567,0.037905815000000002,-0.89009020898604219
dnarna_simulated_full,568,0.013184348,-0.89655319023386537
dnarna_simulated_full,569,-0.0084807319999999995,-0.90221713427782479
dnarna_simulated_full,570,-0.027453398,-0.9071771952879264
dnarna_simulated_full,571,-0.043695808000000003,-0.91142348015643582
dnarna_simulated_full,572,-0.056951861999999999,-0.91488903616175421
dnarna_simulated_full,573,-0.068112963999999998,-0.9178069047870685
dnarna_simulated_full,574,-0.077068968000000002,-0.92014829034915624
dnarna_simulated_full,575,-0.084031294000000006,-0.92196846479022931
dnarna_simulated_full,576,-0.088352903999999996,-0.92309827170623493
dnarna_simulated_full,577,-0.092570299999999994,-0.92420083375332729
dnarna_simulated_full,578,-0.096019306999999998,-0.92510251436817958
dnarna_simulated_full,579,-0.098779546999999995,-0.92582412928526725
dnarna_simulated_full,580,-0.10087844999999999,-0.92637284958289356
dnarna_simulated_full,581,-0.102028988,-0.92667363697220628
dnarna_simulated_full,582,-0.102044703,-0.9266777453752516
dnarna_simulated_full,583,-0.100578612,-0.9262944623508016
dnarna_simulated_full,584,-0.099270548,-0.92595249263262291
dnarna_simulated_full,585,-0.092218275000000002,-0.92410880317222277
dnarna_simulated_full,586,-0.081178759000000003,-0.9212227210116033
dnarna_simulated_full,587,-0.066089378000000004,-0.91727787475938616
dnarna_simulated_full,588,-0.044358487000000002,-0.91159672561756988
dnarna_simulated_full,589,-0.023588656999999999,-0.90616682852406505
dnarna_simulated_full,590,-0.001158343,-0.90030282786565807
dnarna_simulated_full,591,0.022970111000000001,-0.89399487916095688
dnarna_simulated_full,592,0.046221257000000002,-0.88791628679471912
dnarna_simulated_full,593,0.076267057999999999,-0.88006135454337553
dnarna_simulated_full,594,0.110137521,-0.8712065334591701
dnarna_simulated_full,595,0.14734781499999999,-0.86147857385434623
dnarna_simulated_full,596,0.189565912,-0.8504414145615834
dnarna_simulated_full,597,0.229354786,-0.84003933176714407
dnarna_simulated_full,598,0.26850866200000001,-0.82980325773611696
dnarna_simulated_full,599,0.30640260200000002,-0.81989657122652848
dnarna_simulated_full,600,0.342643372,-0.81042207616858253
dnarna_simulated_full,601,0.376736986,-0.80150891628399634
dnarna_simulated_full,602,0.408634096,-0.79316999271648503
dnarna_simulated_full,603,0.43838245999999997,-0.78539281999912902
dnarna_simulated_full,604,0.46670236900000001,-0.77798909105346981
dnarna_simulated_full,605,0.49263802499999998,-0.7712086820114824
dnarna_simulated_full,606,0.51744155800000002,-0.76472424608950562
dnarna_simulated_full,607,0.54208061500000004,-0.75828280944842574
dnarna_simulated_full,608,0.56191756400000004,-0.75309679725096901
dnarna_simulated_full,609,0.59471475600000001,-0.74452256349383572
dnarna_simulated_full,610,0.63391123800000004,-0.73427535089327933
dnarna_simulated_full,611,0.67883033999999998,-0.72253206260480296
dnarna_simulated_full,612,0.73158623899999997,-0.70873998521922332
dnarna_simulated_full,613,0.77909047099999995,-0.69632086136187943
dnarna_simulated_full,614,0.82336345300000002,-0.68474648948292849
dnarna_simulated_full,615,0.86178098199999997,-0.67470292008169908
dnarna_simulated_full,616,0.89978093100000001,-0.66476851943285253
dnarna_simulated_full,617,0.91089202899999999,-0.66186372345061062
dnarna_simulated_full,618,0.90478915699999996,-0.66345920915920009
dnarna_simulated_full,619,0.88256540999999999,-0.66926920660463352
dnarna_simulated_full,620,0.83728904100000001,-0.68110589590047999
dnarna_simulated_full,621,0.80190230900000004,-0.69035711814136658
dnarna_simulated_full,622,0.76670325399999995,-0.69955927561875653
dnarna_simulated_full,623,0.73411374500000004,-0.70807921440486343
dnarna_simulated_full,624,0.70585120700000004,-0.71546794473829756
dnarna_simulated_full,625,0.68319178999999997,-0.72139184024003322
dnarna_simulated_full,626,0.66682102499999996,-0.72567168120608594
dnarna_simulated_full,627,0.65900120699999998,-0.72771603145016284
dnarna_simulated_full,628,0.65436995099999995,-0.72892678972279568
dnarna_simulated_full,629,0.65372754,-0.72909473648123013
dnarna_simulated_full,630,0.65610452600000002,-0.72847331640351631
dnarna_simulated_full,631,0.66239546800000004,-0.72682866318867501
dnarna_simulated_full,632,0.66648477900000003,-0.7257595866525004
dnarna_simulated_full,633,0.66868581699999996,-0.72518416500297822
dnarna_simulated_full,634,0.66790366499999998,-0.72538864452310325
dnarna_simulated_full,635,0.66523192600000003,-0.72608712245145912
dnarna_simulated_full,636,0.65518069899999998,-0.72871483429471728
dnarna_simulated_full,637,0.63910730699999996,-0.73291693245842704
dnarna_simulated_full,638,0.61727889700000005,-0.73862357618227215
dnarna_simulated_full,639,0.58649936199999997,-0.74667032994173632
dnarna_simulated_full,640,0.55788305100000002,-0.75415154783931793
dnarna_simulated_full,641,0.52933142399999999,-0.76161585527284703
dnarna_simulated_full,642,0.50201481699999995,-0.76875728902332607
dnarna_simulated_full,643,0.47568997899999999,-0.77563944267326856
dnarna_simulated_full,644,0.45419189399999998,-0.78125972888925688
dnarna_simulated_full,645,0.43682848000000002,-0.78579908001595944
dnarna_simulated_full,646,0.42361314799999999,-0.78925398998953655
dnarna_simulated_full,647,0.41937669999999999,-0.79036153283808097
dnarna_simulated_full,648,0.41002480899999999,-0.79280641590932777
dnarna_simulated_full,649,0.40023031199999998,-0.79536701032886048
dnarna_simulated_full,650,0.39027191300000003,-0.79797045396735244
dnarna_simulated_full,651,0.37319974299999997,-0.80243366460811461
dnarna_simulated_full,652,0.370825295,-0.80305442117154713
dnarna_simulated_full,653,0.37588124899999997,-0.8017326332739334
dnarna_simulated_full,654,0.38785577900000001,-0.79860210858292313
dnarna_simulated_full,655,0.41516585299999997,-0.79146238276735303
dnarna_simulated_full,656,0.42893710499999999,-0.7878621375458601
dnarna_simulated_full,657,0.43855584199999997,-0.7853474924053131
dnarna_simulated_full,658,0.44396237700000002,-0.78393405143432626
dnarna_simulated_full,659,0.43836731400000001,-0.78539677964739663
dnarna_simulated_full,660,0.44512445299999998,-0.78363024764321032
dnarna_simulated_full,661,0.45669891000000001,-0.78060431481548875
dnarna_simulated_full,662,0.473702711,-0.77615897801550371
dnarna_simulated_full,663,0.49865327999999998,-0.76963610218578382
dnarna_simulated_full,664,0.524060635,-0.76299380790277116
dnarna_simulated_full,665,0.55244878200000003,-0.75557223936391993
dnarna_simulated_full,666,0.583365421,-0.74748964223880932
dnarna_simulated_full,667,0.61644711600000002,-0.73884103030848958
dnarna_simulated_full,668,0.65082550699999997,-0.72985342061836345
dnarna_simulated_full,669,0.68614440600000004,-0.72061993209073028
dnarna_simulated_full,670,0.72449371699999998,-0.71059419705405391
dnarna_simulated_full,671,0.759453194,-0.70145467291963648
dnarna_simulated_full,672,0.79254470600000004,-0.69280349451189405
dnarna_simulated_full,673,0.82394969500000004,-0.68459322709551884
dnarna_simulated_full,674,0.84808919400000005,-0.67828239087496422
dnarna_simulated_full,675,0.88059598500000003,-0.66978407721664024
dnarna_simulated_full,676,0.91771782599999996,-0.66007924205181467
dnarna_simulated_full,677,0.95972606000000005,-0.64909694765172232
dnarna_simulated_full,678,1.0087242320000001,-0.63628726015163939
dnarna_simulated_full,679,1.057635487,-0.6235002955320843
dnarna_simulated_full,680,1.1070501290000001,-0.6105817294690794
dnarna_simulated_full,681,1.1553111599999999,-0.59796475417576
dnarna_simulated_full,682,1.2013190090000001,-0.58593683263940122
dnarna_simulated_full,683,1.241122074,-0.57553103986420362
dnarna_simulated_full,684,1.273219675,-0.5671397015442281
dnarna_simulated_full,685,1.2953804099999999,-0.56134617744863224
dnarna_simulated_full,686,1.3137471940000001,-0.55654451334937716
dnarna_simulated_full,687,1.30469817,-0.55891021731116486
dnarna_simulated_full,688,1.2751887580000001,-0.56662492034194711
dnarna_simulated_full,689,1.2258670229999999,-0.57951919754706227
dnarna_simulated_full,690,1.150950307,-0.59910482046565749
dnarna_simulated_full,691,1.0751078030000001,-0.61893247394350137
dnarna_simulated_full,692,0.99405098700000005,-0.64012331515920484
dnarna_simulated_full,693,0.91151583199999997,-0.6617006414178439
dnarna_simulated_full,694,0.82665174399999997,-0.68388682516485277
dnarna_simulated_full,695,0.75535437999999999,-0.70252623384360247
dnarna_simulated_full,696,0.69523843200000002,-0.71824246316846863
dnarna_simulated_full,697,0.64784023199999996,-0.73063386687361986
dnarna_simulated_full,698,0.61827631599999999,-0.73836281899123568
dnarna_simulated_full,699,0.59328038900000002,-0.74489755285120263
dnarna_simulated_full,700,0.57802672399999999,-0.7488853481893829
dnarna_simulated_full,701,0.57235764300000003,-0.75036742707229831
dnarna_simulated_full,702,0.57065875600000004,-0.75081157040825697
dnarna_simulated_full,703,0.58883459299999996,-0.74605982595496501
dnarna_simulated_full,704,0.61801552100000001,-0.73843099913582522
dnarna_simulated_full,705,0.66430925399999996,-0.72632833838876143
dnarna_simulated_full,706,0.70199161600000004,-0.71647696512763237
dnarna_simulated_full,707,0.73272981199999998,-0.7084410187034208
dnarna_simulated_full,708,0.75207547299999999,-0.7033834448842885
dnarna_simulated_full,709,0.76704195100000006,-0.6994707294026401
dnarna_simulated_full,710,0.74817592300000002,-0.70440291183278914
dnarna_simulated_full,711,0.70230381399999997,-0.71639534659667681
dnarna_simulated_full,712,0.63024656400000001,-0.73523341375182194
dnarna_simulated_full,713,0.52035852000000005,-0.76396165903483726
dnarna_simulated_full,714,0.41522266699999999,-0.79144752977272237
dnarna_simulated_full,715,0.30832393299999999,-0.81939427392257558
dnarna_simulated_full,716,0.20564394999999999,-0.84623810178504832
dnarna_simulated_full,717,0.10550464599999999,-0.87241771499012488
dnarna_simulated_full,718,0.031840656000000002,-0.89167583531161854
dnarna_simulated_full,719,-0.018708519,-0.90489100454562599
dnarna_simulated_full,720,-0.044780623999999998,-0.91170708571533476
dnarna_simulated_full,721,-0.037033986999999997,-0.90968186732256329
dnarna_simulated_full,722,-0.022703922000000001,-0.905935530530532
dnarna_simulated_full,723,0.0065460869999999999,-0.89828864373106909
dnarna_simulated_full,724,0.049540525000000002,-0.88704852409922463
dnarna_simulated_full,725,0.103015278,-0.8730685153128942
dnarna_simulated_full,726,0.17208401000000001,-0.8550117422368092
dnarna_simulated_full,727,0.25246980600000002,-0.83399632708610882
dnarna_simulated_full,728,0.34237623900000003,-0.8104919132688515
dnarna_simulated_full,729,0.43881618999999999,-0.78527942912080373
dnarna_simulated_full,730,0.54186833599999995,-0.75833830596067997
dnarna_simulated_full,731,0.64743731000000004,-0.73073920355652522
dnarna_simulated_full,732,0.75776636799999997,-0.70189566312488361
dnarna_simulated_full,733,0.85564370099999998,-0.67630740140214907
dnarna_simulated_full,734,0.94093665400000004,-0.65400909864323653
dnarna_simulated_full,735,1.010147696,-0.6359151211867895
dnarna_simulated_full,736,1.0631676750000001,-0.6220540048526747
dnarna_simulated_full,737,1.091121046,-0.61474610064996527
dnarna_simulated_full,738,1.094770893,-0.61379191404289923
dnarna_simulated_full,739,1.073876729,-0.61925431601608882
dnarna_simulated_full,740,1.0268667499999999,-0.6315442263493859
dnarna_simulated_full,741,0.96181991899999997,-0.64854954601683623
dnarna_simulated_full,742,0.87943317300000001,-0.67008807342166898
dnarna_simulated_full,743,0.78316211700000005,-0.69525640302104652
dnarna_simulated_full,744,0.67019184700000001,-0.72479044064800124
dnarna_simulated_full,745,0.56288142399999996,-0.75284481345463827
dnarna_simulated_full,746,0.45878873399999998,-0.78005796805850824
dnarna_simulated_full,747,0.36123549500000002,-0.80556150125584691
dnarna_simulated_full,748,0.27347262999999999,-0.82850551791756999
dnarna_simulated_full,749,0.19538899500000001,-0.84891907463598271
dnarna_simulated_full,750,0.128878785,-0.86630696832444309
dnarna_simulated_full,751,0.074561568999999994,-0.88050722385304747
dnarna_simulated_full,752,0.036069146000000003,-0.89057037293850738
dnarna_simulated_full,753,0.0029587440000000001,-0.89922648979572661
dnarna_simulated_full,754,-0.021366488999999999,-0.90558588281750518
dnarna_simulated_full,755,-0.037306200999999997,-0.90975303275855446
dnarna_simulated_full,756,-0.047708674999999999,-0.91247257178886232
dnarna_simulated_full,757,-0.044374698999999997,-0.91160096395229284
dnarna_simulated_full,758,-0.031398479,-0.90820856549440088
dnarna_simulated_full,759,-0.0043940480000000002,-0.90114874452337457
dnarna_simulated_full,760,0.022848831,-0.89402658562747594
dnarna_simulated_full,761,0.05303861,-0.88613401292728278
dnarna_simulated_full,762,0.085493521000000003,-0.87764926235836338
dnarna_simulated_full,763,0.118279677,-0.86907791376419607
dnarna_simulated_full,764,0.155959127,-0.8592273017928963
dnarna_simulated_full,765,0.1971059,-0.84847022081920509
dnarna_simulated_full,766,0.24184640600000001,-0.83677362323071569
dnarna_simulated_full,767,0.28842954799999998,-0.82459530172533402
dnarna_simulated_full,768,0.34366806300000002,-0.81015418920549043
dnarna_simulated_full,769,0.406068979,-0.79384059624779946
dnarna_simulated_full,770,0.47601776400000001,-0.77555374920255682
dnarna_simulated_full,771,0.55841208899999994,-0.7540132404049984
dnarna_simulated_full,772,0.64017036100000002,-0.73263901618155625
dnarna_simulated_full,773,0.72700574699999998,-0.70993747216050418
dnarna_simulated_full,774,0.82033209900000004,-0.68553898226086574
dnarna_simulated_full,775,0.91519430899999998,-0.66073897001413839
dnarna_simulated_full,776,1.0347730209999999,-0.62947727452920432
dnarna_simulated_full,777,1.1721393490000001,-0.59356532796283235
dnarna_simulated_full,778,1.3329484949999999,-0.5515246798460981
dnarna_simulated_full,779,1.5053661469999999,-0.50644919740528249
dnarna_simulated_full,780,1.691901103,-0.45768300069488821
dnarna_simulated_full,781,1.891735012,-0.40544003281008578
dnarna_simulated_full,782,2.094621568,-0.35239900547690095
dnarna_simulated_full,783,2.322351018,-0.29286325199887786
dnarna_simulated_full,784,2.5657377509999999,-0.22923418454313393
dnarna_simulated_full,785,2.8210832259999998,-0.16247871988395735
dnarna_simulated_full,786,3.0923511960000001,-0.091560606357561025
dnarna_simulated_full,787,3.3484459580000001,-0.024609254139193903
dnarna_simulated_full,788,3.590108576,0.038569074575435125
dnarna_simulated_full,789,3.8097941020000001,0.096001889341491342
dnarna_simulated_full,790,4.0085411500000001,0.14796071703906344
dnarna_simulated_full,791,4.156897217,0.18674573246803428
dnarna_simulated_full,792,4.2580204039999998,0.2131825641213142
dnarna_simulated_full,793,4.3085809670000002,0.22640071054233302
dnarna_simulated_full,794,4.308116418,0.22627926259283659
dnarna_simulated_full,795,4.2547986580000003,0.2123402967921445
dnarna_simulated_full,796,4.1525025250000001,0.18559681958248608
dnarna_simulated_full,797,4.0062877160000001,0.14737159740125183
dnarna_simulated_full,798,3.8117875410000002,0.096523037980270732
dnarna_simulated_full,799,3.6131456169999998,0.04459169305468369
dnarna_simulated_full,800,3.4024678900000001,-0.010486195281595445
dnarna_simulated_full,801,3.18451993,-0.067464754785419245
dnarna_simulated_full,802,2.9685744610000002,-0.12391979916848028
dnarna_simulated_full,803,2.7577612829999998,-0.1790330987233979
dnarna_simulated_full,804,2.5551760460000001,-0.23199535164377727
dnarna_simulated_full,805,2.3694218509999998,-0.28055743248588472
dnarna_simulated_full,806,2.1843494959999998,-0.32894125856932355
dnarna_simulated_full,807,2.0063055580000002,-0.37548763191288725
dnarna_simulated_full,808,1.835929089,-0.42002948390805117
dnarna_simulated_full,809,1.6702783809999999,-0.46333587100444118
dnarna_simulated_full,810,1.5201657479999999,-0.5025801089026356
dnarna_simulated_full,811,1.3821723770000001,-0.53865598454128216
dnarna_simulated_full,812,1.2559579780000001,-0.57165246059758867
dnarna_simulated_full,813,1.1459223709999999,-0.60041928356298313
dnarna_simulated_full,814,1.035306523,-0.62933780006267381
dnarna_simulated_full,815,0.92955106200000004,-0.65698565612630855
dnarna_simulated_full,816,0.82292691600000001,-0.68486061420072863
dnarna_simulated_full,817,0.72866064100000005,-0.70950483000018516
dnarna_simulated_full,818,0.64382371699999996,-0.73168391220978868
dnarna_simulated_full,819,0.56861647500000001,-0.75134548790618638
dnarna_simulated_full,820,0.50536829999999999,-0.76788058143376858
dnarna_simulated_full,821,0.44694961100000002,-0.78315309303388581
dnarna_simulated_full,822,0.39439595399999999,-0.79689229789966221
dnarna_simulated_full,823,0.34673262300000002,-0.80935301531832471
dnarna_simulated_full,824,0.30535406300000001,-0.82017069281869015
dnarna_simulated_full,825,0.26348420299999997,-0.83111681183456332
dnarna_simulated_full,826,0.22280550099999999,-0.84175152409544118
dnarna_simulated_full,827,0.183530627,-0.85201923086917819
dnarna_simulated_full,828,0.14069878,-0.86321684401934573
dnarna_simulated_full,829,0.11209171900000001,-0.87069564367141872
dnarna_simulated_full,830,0.091567204999999999,-0.87606140732543991
dnarna_simulated_full,831,0.078392342000000004,-0.87950573740955829
dnarna_simulated_full,832,0.079186916999999996,-0.87929801012035691
dnarna_simulated_full,833,0.068011226999999994,-0.8822196925149125
dnarna_simulated_full,834,0.054229968000000003,-0.88582255388589803
dnarna_simulated_full,835,0.028414478,-0.89257154769655522
dnarna_simulated_full,836,0.01565979,-0.89590603061238849
dnarna_simulated_full,837,0.010987247,-0.8971275826258126
dnarna_simulated_full,838,0.015714839000000001,-0.89589163904514402
dnarna_simulated_full,839,0.035130354000000003,-0.89081580315879361
dnarna_simulated_full,840,0.057470462,-0.88497538523058794
dnarna_simulated_full,841,0.086349097,-0.87742558745896981
dnarna_simulated_full,842,0.121379107,-0.86826762374504218
dnarna_simulated_full,843,0.161727062,-0.85771937931630293
dnarna_simulated_full,844,0.20829579300000001,-0.84554482530670783
dnarna_simulated_full,845,0.26073422699999999,-0.83183574341414812
dnarna_simulated_full,846,0.31915965600000001,-0.81656146976270882
dnarna_simulated_full,847,0.38189359699999997,-0.80016081343090439
dnarna_simulated_full,848,0.45438410400000001,-0.7812094790547448
dnarna_simulated_full,849,0.53425148200000006,-0.76032959493108798
dnarna_simulated_full,850,0.61769172100000003,-0.73851565080022863
dnarna_simulated_full,851,0.71078737999999997,-0.71417747142071453
dnarna_simulated_full,852,0.80971995699999999,-0.68831333520461446
dnarna_simulated_full,853,0.91166429299999996,-0.66166182896957648
dnarna_simulated_full,854,1.0257761409999999,-0.63182934638355326
dnarna_simulated_full,855,1.115610124,-0.60834387331084816
dnarna_simulated_full,856,1.1874294940000001,-0.5895679955872295
dnarna_simulated_full,857,1.2388307540000001,-0.57613006411275491
dnarna_simulated_full,858,1.2635765320000001,-0.56966072719287086
dnarna_simulated_full,859,1.2770864879999999,-0.56612879309337294
dnarna_simulated_full,860,1.275754957,-0.56647689783504918
dnarna_simulated_full,861,1.2617226180000001,-0.57014539953926024
dnarna_simulated_full,862,1.2338210549999999,-0.57743975947566528
dnarna_simulated_full,863,1.205640936,-0.58480694284946844
dnarna_simulated_full,864,1.175439221,-0.59270263600137973
dnarna_simulated_full,865,1.146525923,-0.60026149578857291
dnarna_simulated_full,866,1.117547362,-0.60783741740891606
dnarna_simulated_full,867,1.0905334449999999,-0.61489971832339063
dnarna_simulated_full,868,1.0665059830000001,-0.62118126449291133
dnarna_simulated_full,869,1.045522455,-0.62666702907060301
dnarna_simulated_full,870,1.0301110360000001,-0.63069606634413311
dnarna_simulated_full,871,1.0200148010000001,-0.63333554471645681
dnarna_simulated_full,872,1.0152362930000001,-0.63458479936613332
dnarna_simulated_full,873,1.015635109,-0.63448053612280186
dnarna_simulated_full,874,1.019961621,-0.63334944766739265
dnarna_simulated_full,875,1.027398802,-0.63140513095917838
dnarna_simulated_full,876,1.036624749,-0.62899317367305085
dnarna_simulated_full,877,1.0502939979999999,-0.62541959529443658
dnarna_simulated_full,878,1.054559834,-0.62430436948383694
dnarna_simulated_full,879,1.053252622,-0.62464611646199675
dnarna_simulated_full,880,1.0403924710000001,-0.62800817077524496
dnarna_simulated_full,881,1.029657058,-0.63081475069651904
dnarna_simulated_full,882,1.0181201150000001,-0.63383087616618483
dnarna_simulated_full,883,1.0061104519999999,-0.63697058574578536
dnarna_simulated_full,884,0.99748482299999996,-0.63922560072841883
dnarna_simulated_full,885,0.98186290200000004,-0.64330966994963357
dnarna_simulated_full,886,0.96195127300000005,-0.6485152058848842
dnarna_simulated_full,887,0.93763250499999995,-0.65487290874912607
dnarna_simulated_full,888,0.905695837,-0.66322217404159256
dnarna_simulated_full,889,0.87593703700000003,-0.67100207506274634
dnarna_simulated_full,890,0.84527590200000002,-0.67901787527969848
dnarna_simulated_full,891,0.81359823200000003,-0.68729943022078388
dnarna_simulated_full,892,0.78381339100000003,-0.69508613919126672
dnarna_simulated_full,893,0.74520025300000003,-0.70518084703419559
dnarna_simulated_full,894,0.70150618499999995,-0.71660387229904388
dnarna_simulated_full,895,0.65029099999999995,-0.72999315782400054
dnarna_simulated_full,896,0.59840183499999999,-0.74355864325252319
dnarna_simulated_full,897,0.54492485999999996,-0.75753923294063952
dnarna_simulated_full,898,0.49066607499999998,-0.77172421273915504
dnarna_simulated_full,899,0.43675298000000001,-0.78581881812794974
dnarna_simulated_full,900,0.382742743,-0.79993881953892931
dnarna_simulated_full,901,0.32956956500000001,-0.8138399869858759
dnarna_simulated_full,902,0.27780383400000003,-0.82737320282346594
dnarna_simulated_full,903,0.22856868499999999,-0.84024484368202734
dnarna_simulated_full,904,0.180928794,-0.85269943313585472
dnarna_simulated_full,905,0.13615413200000001,-0.8644049601939221
dnarna_simulated_full,906,0.095075204999999996,-0.87514430405574462
dnarna_simulated_full,907,0.056432261999999997,-0.8852468038778506
dnarna_simulated_full,908,0.027916495999999999,-0.8927017361003321
dnarna_simulated_full,909,0.0071224950000000004,-0.89813795226542525
dnarna_simulated_full,910,-0.0038785740000000001,-0.90101398315198267
dnarna_simulated_full,911,-0.011029938,-0.90288357816543219
dnarna_simulated_full,912,-0.013555970000000001,-0.90354396362910239
dnarna_simulated_full,913,-0.012288202999999999,-0.90321252883408765
dnarna_simulated_full,914,-0.0052030399999999999,-0.90136024087695421
dnarna_simulated_full,915,-0.000207911,-0.90005435457751015
dnarna_simulated_full,916,0.0050739330000000001,-0.89867351181741317
dnarna_simulated_full,917,0.011105689,-0.89709661810315888
dnarna_simulated_full,918,0.01325759,-0.89653404243521118
dnarna_simulated_full,919,0.029453666999999999,-0.892299870493097
dnarna_simulated_full,920,0.053857483999999997,-0.88591993310320394
dnarna_simulated_full,921,0.089615344,-0.87657168614673142
dnarna_simulated_full,922,0.12811335900000001,-0.86650707513382441
dnarna_simulated_full,923,0.16998081400000001,-0.85556158486178358
dnarna_simulated_full,924,0.213546244,-0.84417218967971963
dnarna_simulated_full,925,0.25882152600000002,-0.83233578456039936
dnarna_simulated_full,926,0.29948143599999999,-0.82170598512866755
dnarna_simulated_full,927,0.33534718400000002,-0.81232953280230868
dnarna_simulated_full,928,0.36503902700000002,-0.80456713648002287
dnarna_simulated_full,929,0.38698884700000002,-0.7988287523035057
dnarna_simulated_full,930,0.40175831099999998,-0.79496754257544222
dnarna_simulated_full,931,0.408242471,-0.79327237600268641
dnarna_simulated_full,932,0.406028958,-0.79385105901574604
dnarna_simulated_full,933,0.396356135,-0.79637984396457262
dnarna_simulated_full,934,0.37477043799999998,-0.80202303475629189
dnarna_simulated_full,935,0.34387893899999999,-0.81009905948225769
dnarna_simulated_full,936,0.30210329800000002,-0.82102054664152679
dnarna_simulated_full,937,0.25839824,-0.83244644504347121
dnarna_simulated_full,938,0.21263384199999999,-0.84441072071092727
dnarna_simulated_full,939,0.166881892,-0.8563717420735083
dnarna_simulated_full,940,0.119914512,-0.86865051566729978
dnarna_simulated_full,941,0.082200306000000001,-0.87851021396734563
dnarna_simulated_full,942,0.051736905999999999,-0.88647431993827919
dnarna_simulated_full,943,0.028792901999999999,-0.89247261557348478
dnarna_simulated_full,944,0.016749456999999999,-0.89562115684711507
dnarna_simulated_full,945,0.002616316,-0.89931601141443673
dnarna_simulated_full,946,-0.0096973860000000005,-0.90253520650173813
dnarna_simulated_full,947,-0.020976960999999999,-0.90548404775409641
dnarna_simulated_full,948,-0.031145849,-0.90814251994165773
dnarna_simulated_full,949,-0.040450425999999998,-0.91057503362176928
dnarna_simulated_full,950,-0.048774277999999997,-0.91275115445576571
dnarna_simulated_full,951,-0.058271481999999999,-0.91523402698751111
dnarna_simulated_full,952,-0.061940468999999998,-0.91619321740204063
dnarna_simulated_full,953,-0.061770409999999998,-0.91614875854658417
dnarna_simulated_full,954,-0.057783175999999999,-0.9151063681992524
dnarna_simulated_full,955,-0.049770686000000001,-0.91301164733910389
dnarna_simulated_full,956,-0.040048259000000003,-0.91046989431998382
dnarna_simulated_full,957,-0.028840174999999999,-0.9075397430989407
dnarna_simulated_full,958,-0.012536221,-0.9032773686626917
dnarna_simulated_full,959,-0.0033230880000000001,-0.90086876136553173
dnarna_simulated_full,960,0.001040757,-0.89972791287124909
dnarna_simulated_full,961,0.00039168100000000001,-0.89989760207360958
dnarna_simulated_full,962,-0.010377697,-0.90271306153095976
dnarna_simulated_full,963,-0.015085871000000001,-0.90394392862608353
dnarna_simulated_full,964,-0.017684848999999999,-0.9046233845045516
dnarna_simulated_full,965,-0.017466721000000001,-0.90456635887684012
dnarna_simulated_full,966,-0.0099242410000000003,-0.90259451364605015
dnarna_simulated_full,967,-0.0074549899999999999,-0.90194897254975648
dnarna_simulated_full,968,-0.004717148,-0.90123321318541516
dnarna_simulated_full,969,-0.0075686169999999997,-0.90197867827758593
dnarna_simulated_full,970,0.001987384,-0.89948043433165903
dnarna_simulated_full,971,0.020916384,-0.89453178900895047
dnarna_simulated_full,972,0.049914871,-0.88695065809563356
dnarna_simulated_full,973,0.091816621000000001,-0.87599620201497397
dnarna_simulated_full,974,0.13723913400000001,-0.86412130600868098
dnarna_simulated_full,975,0.18717222999999999,-0.85106719950708243
dnarna_simulated_full,976,0.23961452699999999,-0.83735710770291183
dnarna_simulated_full,977,0.293167605,-0.82335662225934125
dnarna_simulated_full,978,0.34297579299999997,-0.810335170699365
dnarna_simulated_full,979,0.38754792900000001,-0.79868259040777367
dnarna_simulated_full,980,0.43342461399999999,-0.78668895933129712
dnarna_simulated_full,981,0.45742558799999999,-0.78041433797118565
dnarna_simulated_full,982,0.46412352600000001,-0.77866328299968723
dnarna_simulated_full,983,0.45422637799999999,-0.78125071367000021
dnarna_simulated_full,984,0.421426882,-0.78982554976633912
dnarna_simulated_full,985,0.393814153,-0.79704439926779569
dnarna_simulated_full,986,0.368607513,-0.80363422023758802
dnarna_simulated_full,987,0.35092770099999998,-0.80825628790942317
dnarna_simulated_full,988,0.33628849100000002,-0.8120834450806762
dnarna_simulated_full,989,0.35623859600000002,-0.80686785028983699
dnarna_simulated_full,990,0.401849232,-0.79494377292139884
dnarna_simulated_full,991,0.47785778899999998,-0.7750727078844778
dnarna_simulated_full,992,0.56701223199999995,-0.75176488827696342
dnarna_simulated_full,993,0.66737333799999998,-0.7255272889432024
dnarna_simulated_full,994,0.77170325500000003,-0.69825211562286715
dnarna_simulated_full,995,0.89317322200000004,-0.66649598566121482
dnarna_simulated_full,996,0.96617558699999995,-0.64741083525158327
dnarna_simulated_full,997,1.00348156,-0.63765786209951281
dnarna_simulated_full,998,1.0024165380000001,-0.63793629287445497
dnarna_simulated_full,999,0.95045370500000004,-0.65152103747164114
dnarna_simulated_full,1000,0.89273980799999997,-0.66660929392704482
dnarna_simulated_full,1001,0.81799398199999995,-0.68615024074023578
dnarna_simulated_full,1002,0.72963621700000003,-0.70924978326716448
dnarna_simulated_full,1003,0.63595166199999997,-0.73374191887447537
dnarna_simulated_full,1004,0.54076678300000003,-0.75862628710607405
dnarna_simulated_full,1005,0.44865678399999998,-0.7827067834728153
dnarna_simulated_full,1006,0.360510724,-0.80575097954942743
dnarna_simulated_full,1007,0.28929635999999997,-0.82436868937658503
dnarna_simulated_full,1008,0.23483643300000001,-0.83860625411976231
dnarna_simulated_full,1009,0.19902130600000001,-0.84796947249953747
dnarna_simulated_full,1010,0.18439034700000001,-0.85179447259579666
dnarna_simulated_full,1011,0.18550082800000001,-0.85150415738598073
dnarna_simulated_full,1012,0.203614028,-0.84676878824554613
dnarna_simulated_full,1013,0.24219860000000001,-0.83668154846761222
dnarna_simulated_full,1014,0.28715589699999999,-0.82492827478592423
dnarna_simulated_full,1015,0.34030808600000001,-0.81103259453411092
dnarna_simulated_full,1016,0.40035191599999997,-0.79533521915839067
dnarna_simulated_full,1017,0.46140272199999999,-0.77937458808651738
dnarna_simulated_full,1018,0.537212935,-0.75955537650767047
dnarna_simulated_full,1019,0.62185811800000002,-0.73742642152099591
dnarna_simulated_full,1020,0.71585764100000004,-0.71285194321623657
dnarna_simulated_full,1021,0.81224841199999998,-0.68765231629133694
dnarna_simulated_full,1022,0.90932177800000002,-0.66227423722664891
dnarna_simulated_full,1023,1.003930751,-0.63754042922185661
dnarna_simulated_full,1024,1.0977124389999999,-0.6130228999452485
dnarna_simulated_full,1025,1.1746356769999999,-0.59291270807371266
dnarna_simulated_full,1026,1.2357712190000001,-0.5769299243043875
dnarna_simulated_full,1027,1.279141613,-0.56559151776351757
dnarna_simulated_full,1028,1.3000211989999999,-0.56013292694524974
dnarna_simulated_full,1029,1.3087939930000001,-0.55783943833015193
dnarna_simulated_full,1030,1.3013892739999999,-0.5597752684345062
dnarna_simulated_full,1031,1.2811013870000001,-0.56507917023123022
dnarna_simulated_full,1032,1.2399381190000001,-0.57584056352488555
dnarna_simulated_full,1033,1.180295415,-0.59143307174947712
dnarna_simulated_full,1034,1.1031819819999999,-0.61159298667015183
dnarna_simulated_full,1035,1.0094566899999999,-0.63609577223068314
dnarna_simulated_full,1036,0.904189256,-0.66361604244557226
dnarna_simulated_full,1037,0.78976142400000005,-0.69353113334390204
dnarna_simulated_full,1038,0.66996328400000005,-0.72485019431807862
dnarna_simulated_full,1039,0.54306799800000005,-0.75802467598840828
dnarna_simulated_full,1040,0.431518295,-0.78718733201886326
dnarna_simulated_full,1041,0.331486744,-0.81333877514736641
dnarna_simulated_full,1042,0.249126083,-0.83487048309986456
dnarna_simulated_full,1043,0.17533385000000001,-0.85416213023852339
dnarna_simulated_full,1044,0.113245532,-0.87039400009248002
dnarna_simulated_full,1045,0.062879093999999996,-0.88356139603680839
dnarna_simulated_full,1046,0.024590172,-0.89357134345964395
dnarna_simulated_full,1047,-0.003239488,-0.90084690565477155
dnarna_simulated_full,1048,-0.021254474999999998,-0.90555659877940609
dnarna_simulated_full,1049,-0.029596768999999998,-0.90773754094136705
dnarna_simulated_full,1050,-0.031224278000000001,-0.90816302378782043
dnarna_simulated_full,1051,-0.026666810999999999,-0.90697155631711679
dnarna_simulated_full,1052,-0.016808478000000002,-0.90439427312782239
dnarna_simulated_full,1053,-0.001831751,-0.90047887823015038
dnarna_simulated_full,1054,0.016226681,-0.89575782719458319
dnarna_simulated_full,1055,0.037439776000000001,-0.89021204646913954
dnarna_simulated_full,1056,0.061666054999999997,-0.88387852318423366
dnarna_simulated_full,1057,0.086304795000000004,-0.87743716941708105
dnarna_simulated_full,1058,0.119230423,-0.86882935838641673
dnarna_simulated_full,1059,0.15668374600000001,-0.85903786323697173
dnarna_simulated_full,1060,0.20429000999999999,-0.84659206495522255
dnarna_simulated_full,1061,0.24321321600000001,-0.83641629543138496
dnarna_simulated_full,1062,0.277127713,-0.82754996245283008
dnarna_simulated_full,1063,0.305978046,-0.82000756372817296
dnarna_simulated_full,1064,0.32121370999999999,-0.81602447442646864
dnarna_simulated_full,1065,0.35100050799999999,-0.80823725383366585
dnarna_simulated_full,1066,0.38724689699999998,-0.79876128978961036
dnarna_simulated_full,1067,0.440938471,-0.78472459706712305
dnarna_simulated_full,1068,0.48560620399999999,-0.77304702466570474
dnarna_simulated_full,1069,0.52551029400000004,-0.76261482072807241
dnarna_simulated_full,1070,0.56012291800000003,-0.75356597504873002
dnarna_simulated_full,1071,0.58037598199999996,-0.74827117709669255
dnarna_simulated_full,1072,0.613662865,-0.73956892246805406
dnarna_simulated_full,1073,0.65371114600000002,-0.72909902239656743
dnarna_simulated_full,1074,0.70134243399999996,-0.71664668204177928
dnarna_simulated_full,1075,0.762412741,-0.70068095278550957
dnarna_simulated_full,1076,0.81800674900000003,-0.68614690303856973
dnarna_simulated_full,1077,0.87453916700000001,-0.67136752293834756
dnarna_simulated_full,1078,0.92588225599999996,-0.65794479922165561
dnarna_simulated_full,1079,0.98806453999999999,-0.64168836365337745
dnarna_simulated_full,1080,1.0573603300000001,-0.62357223036229514
dnarna_simulated_full,1081,1.1335791209999999,-0.60364620344145126
dnarna_simulated_full,1082,1.221285634,-0.58071691899279942
dnarna_simulated_full,1083,1.30325958,-0.55928631069564338
dnarna_simulated_full,1084,1.3835986709999999,-0.5382831057240226
dnarna_simulated_full,1085,1.45588188,-0.51938596566758966
dnarna_simulated_full,1086,1.5326705410000001,-0.49931095652317076
dnarna_simulated_full,1087,1.610618646,-0.47893283167652023
dnarna_simulated_full,1088,1.6888712260000001,-0.45847510733783986
dnarna_simulated_full,1089,1.769826611,-0.43731078342594154
dnarna_simulated_full,1090,1.840705488,-0.41878078061835067
dnarna_simulated_full,1091,1.902580044,-0.4026047949802255
dnarna_simulated_full,1092,1.953316483,-0.38934066895411534
dnarna_simulated_full,1093,1.99359814,-0.37880975694059105
dnarna_simulated_full,1094,2.0144502769999999,-0.37335834216783337
dnarna_simulated_full,1095,2.0185416119999999,-0.37228873649339822
dnarna_simulated_full,1096,2.0006534899999999,-0.37696526305409028
dnarna_simulated_full,1097,1.97712048,-0.38311754367460671
dnarna_simulated_full,1098,1.9453501740000001,-0.39142331662552432
dnarna_simulated_full,1099,1.906760011,-0.40151201806947345
dnarna_simulated_full,1100,1.865443406,-0.41231349855356919
dnarna_simulated_full,1101,1.8131056480000001,-0.42599626052344364
dnarna_simulated_full,1102,1.7540065469999999,-0.4414466535574092
dnarna_simulated_full,1103,1.6849562920000001,-0.45949859615541144
dnarna_simulated_full,1104,1.6184302580000001,-0.47689062674299942
dnarna_simulated_full,1105,1.553098088,-0.49397054314074379
dnarna_simulated_full,1106,1.489871588,-0.51049997013087722
dnarna_simulated_full,1107,1.4348005850000001,-0.5248972896624331
dnarna_simulated_full,1108,1.371725324,-0.54138717794635061
dnarna_simulated_full,1109,1.306364732,-0.5584745247628895
dnarna_simulated_full,1110,1.2314241859999999,-0.57806637760477908
dnarna_simulated_full,1111,1.167592288,-0.59475407497269661
dnarna_simulated_full,1112,1.112214566,-0.60923158064957117
dnarna_simulated_full,1113,1.0660229510000001,-0.62130754448908221
dnarna_simulated_full,1114,1.0378251629999999,-0.62867934710395512
dnarna_simulated_full,1115,1.0018390939999999,-0.63808725518359588
dnarna_simulated_full,1116,0.96485022399999998,-0.64775732748101122
dnarna_simulated_full,1117,0.92687988700000001,-0.6576839866070463
dnarna_simulated_full,1118,0.88114211399999998,-0.66964130164891633
dnarna_simulated_full,1119,0.85376064500000004,-0.67679969239833471
dnarna_simulated_full,1120,0.83566905700000005,-0.68152941147153301
dnarna_simulated_full,1121,0.83421711700000001,-0.68190899497250257
dnarna_simulated_full,1122,0.82705331400000004,-0.68378184193793956
dnarna_simulated_full,1123,0.81837254699999995,-0.68605127175526082
dnarna_simulated_full,1124,0.80688094300000002,-0.68905554416188652
dnarna_simulated_full,1125,0.788632204,-0.69382634752697081
dnarna_simulated_full,1126,0.77379917799999998,-0.69770417439244259
dnarna_simulated_full,1127,0.75859375699999998,-0.70167935720777697
dnarna_simulated_full,1128,0.74525235499999998,-0.70516722590689873
dnarna_simulated_full,1129,0.72742879599999999,-0.70982687363680363
dnarna_simulated_full,1130,0.70650568000000002,-0.71529684458771969
dnarna_simulated_full,1131,0.68256657399999998,-0.72155529167614085
dnarna_simulated_full,1132,0.65233929199999996,-0.72945766885863828
dnarna_simulated_full,1133,0.62702619599999998,-0.73607532082776894
dnarna_simulated_full,1134,0.60305251299999996,-0.7423428074486178
dnarna_simulated_full,1135,0.58501266500000004,-0.74705900003288395
dnarna_simulated_full,1136,0.56002965100000002,-0.75359035802212082
dnarna_simulated_full,1137,0.53007277699999999,-0.76142204191472318
dnarna_simulated_full,1138,0.49458964700000002,-0.77069846567242617
dnarna_simulated_full,1139,0.45096139899999999,-0.78210428348652994
dnarna_simulated_full,1140,0.40720912300000001,-0.79354252618214283
dnarna_simulated_full,1141,0.36151181300000002,-0.80548926290314582
dnarna_simulated_full,1142,0.31637943600000001,-0.81728830809009545
dnarna_simulated_full,1143,0.26806986300000002,-0.82991797381298094
dnarna_simulated_full,1144,0.218241939,-0.84294458499386105
dnarna_simulated_full,1145,0.16787904200000001,-0.85611105520766551
dnarna_simulated_full,1146,0.113724586,-0.87026876007259391
dnarna_simulated_full,1147,0.069587608999999995,-0.88180757589960779
dnarna_simulated_full,1148,0.032611187,-0.89147439389214833
dnarna_simulated_full,1149,0.0081060239999999999,-0.89788082636413102
dnarna_simulated_full,1150,-0.016404194,-0.90428858037460536
dnarna_simulated_full,1151,-0.039635785,-0.91036206043912171
dnarna_simulated_full,1152,-0.062470018000000002,-0.91633165842808506
dnarna_simulated_full,1153,-0.086637942999999995,-0.92264992611316199
dnarna_simulated_full,1154,-0.108517578,-0.92836996168848673
dnarna_simulated_full,1155,-0.12882708600000001,-0.9336795159053346
dnarna_simulated_full,1156,-0.14697671700000001,-0.93842440927302628
dnarna_simulated_full,1157,-0.16383307499999999,-0.94283119976246588
dnarna_simulated_full,1158,-0.17364090500000001,-0.9453952798541464
dnarna_simulated_full,1159,-0.17785878399999999,-0.94649796817286902
dnarna_simulated_full,1160,-0.17652111400000001,-0.9461482585004708
dnarna_simulated_full,1161,-0.169338346,-0.94427045347816096
dnarna_simulated_full,1162,-0.15700994600000001,-0.94104741586410423
dnarna_simulated_full,1163,-0.14047987000000001,-0.93672592591316028
dnarna_simulated_full,1164,-0.11758993600000001,-0.93074176590332314
dnarna_simulated_full,1165,-0.10019470900000001,-0.92619409784209406
dnarna_simulated_full,1166,-0.085187246999999994,-0.9222706678335344
dnarna_simulated_full,1167,-0.076587502000000002,-0.92002241975541421
dnarna_simulated_full,1168,-0.064667393000000004,-0.91690612245238567
dnarna_simulated_full,1169,-0.051807576000000001,-0.91354415545740775
dnarna_simulated_full,1170,-0.037895977999999997,-0.90990721930789631
dnarna_simulated_full,1171,-0.021199092999999999,-0.90554212015532332
dnarna_simulated_full,1172,-0.0078981610000000008,-0.90206483160709228
dnarna_simulated_full,1173,0.0038832860000000001,-0.89898478498068368
dnarna_simulated_full,1174,0.013185336000000001,-0.8965529319391019
dnarna_simulated_full,1175,0.022458322999999999,-0.89412867689419262
dnarna_simulated_full,1176,0.031337153999999999,-0.89180746681974232
dnarna_simulated_full,1177,0.040137814000000001,-0.88950669314201236
dnarna_simulated_full,1178,0.04828139,-0.88737770221367374
dnarna_simulated_full,1179,0.058672971999999997,-0.88466101070013148
dnarna_simulated_full,1180,0.070381964000000005,-0.88159990612543482
dnarna_simulated_full,1181,0.086073054999999996,-0.87749775365645366
dnarna_simulated_full,1182,0.098290108000000001,-0.87430382570538734
dnarna_simulated_full,1183,0.108739503,-0.87157202002669942
dnarna_simulated_full,1184,0.117638678,-0.86924549138072149
dnarna_simulated_full,1185,0.12161554099999999,-0.86820581234411087
dnarna_simulated_full,1186,0.13346282100000001,-0.86510855486834259
dnarna_simulated_full,1187,0.149293328,-0.86096995460305359
dnarna_simulated_full,1188,0.172769272,-0.85483259285801849
dnarna_simulated_full,1189,0.193288613,-0.84946818159145854
dnarna_simulated_full,1190,0.21234639499999999,-0.84448586853976537
dnarna_simulated_full,1191,0.22905904199999999,-0.84011664869684555
dnarna_simulated_full,1192,0.24164208000000001,-0.83682704057469626
dnarna_simulated_full,1193,0.25341150499999998,-0.83375013688315314
dnarna_simulated_full,1194,0.26283052099999998,-0.83128770519247119
dnarna_simulated_full,1195,0.26880791300000001,-0.8297250239645777
dnarna_simulated_full,1196,0.27297055799999997,-0.82863677557800974
dnarna_simulated_full,1197,0.274278876,-0.82829473945611654
dnarna_simulated_full,1198,0.27197378500000002,-0.82889736388400848
dnarna_simulated_full,1199,0.26908763299999999,-0.82965189622039326
dnarna_simulated_full,1200,0.25304120299999999,-0.83384694565595086
dnarna_simulated_full,1201,0.227810227,-0.84044312883360284
dnarna_simulated_full,1202,0.18940773999999999,-0.85048276577548709
dnarna_simulated_full,1203,0.151025506,-0.86051710793615099
dnarna_simulated_full,1204,0.111505363,-0.87084893586207013
dnarna_simulated_full,1205,0.072588177000000004,-0.88102313156558754
dnarna_simulated_full,1206,0.036141056999999997,-0.89055157310577449
dnarna_simulated_full,1207,0.001895065,-0.89950456946756419
dnarna_simulated_full,1208,-0.028898064000000001,-0.90755487713291427
dnarna_simulated_full,1209,-0.054788601999999999,-0.91432349088832177
dnarna_simulated_full,1210,-0.077871429000000006,-0.92035807929069069
dnarna_simulated_full,1211,-0.097265744000000001,-0.92542837281976709
dnarna_simulated_full,1212,-0.11263809700000001,-0.92944719699286005
dnarna_simulated_full,1213,-0.124838699,-0.93263682412696791
dnarna_simulated_full,1214,-0.12961054699999999,-0.9338843376398781
dnarna_simulated_full,1215,-0.12804752,-0.93347571244822414
dnarna_simulated_full,1216,-0.118269204,-0.93091934825902423
dnarna_simulated_full,1217,-0.10500581,-0.92745187334321555
dnarna_simulated_full,1218,-0.087181664000000006,-0.92279207215275783
dnarna_simulated_full,1219,-0.064783632999999993,-0.91693651130189235
dnarna_simulated_full,1220,-0.041459541000000003,-0.91083884852085661
dnarna_simulated_full,1221,-0.0056927239999999997,-0.90148825991843584
dnarna_simulated_full,1222,0.037605298000000002,-0.89016877373042624
dnarna_simulated_full,1223,0.094175248000000003,-0.87537958156637319
dnarna_simulated_full,1224,0.142170514,-0.86283208573441939
dnarna_simulated_full,1225,0.18423044,-0.85183627739412826
dnarna_simulated_full,1226,0.218597866,-0.8428515343052998
dnarna_simulated_full,1227,0.241649476,-0.83682510702401702
dnarna_simulated_full,1228,0.26257766900000001,-0.83135380878310661
dnarna_simulated_full,1229,0.27854930100000003,-0.82717831393431251
dnarna_simulated_full,1230,0.28757696599999999,-0.82481819389747857
dnarna_simulated_full,1231,0.29687436900000003,-0.82238755573015399
dnarna_simulated_full,1232,0.30483796699999999,-0.82030561680075298
dnarna_simulated_full,1233,0.31117649800000002,-0.81864852230099106
dnarna_simulated_full,1234,0.32042484900000001,-0.81623070789352536
dnarna_simulated_full,1235,0.31491353100000002,-0.8176715424882034
dnarna_simulated_full,1236,0.30101272699999998,-0.82130565674128009
dnarna_simulated_full,1237,0.27158388,-0.82899929750726131
dnarna_simulated_full,1238,0.25036081999999998,-0.83454768340205565
dnarna_simulated_full,1239,0.23276946900000001,-0.83914662454243683
dnarna_simulated_full,1240,0.22563867300000001,-0.84101084242360269
dnarna_simulated_full,1241,0.215456127,-0.84367288524869466
dnarna_simulated_full,1242,0.20372261,-0.84674040144188878
dnarna_simulated_full,1243,0.18977412599999999,-0.85038698077019326
dnarna_simulated_full,1244,0.17102432100000001,-0.85528877879517873
dnarna_simulated_full,1245,0.15432585300000001,-0.85965429179452357
dnarna_simulated_full,1246,0.13806809,-0.86390459042771361
dnarna_simulated_full,1247,0.12353183099999999,-0.86770483291860223
dnarna_simulated_full,1248,0.10859513699999999,-0.87160976191114437
dnarna_simulated_full,1249,0.093766398000000001,-0.87548646801785979
dnarna_simulated_full,1250,0.079207583999999998,-0.87929260710631052
dnarna_simulated_full,1251,0.066418961999999998,-0.88263596145382961
dnarna_simulated_full,1252,0.052572305999999999,-0.88625591968984607
dnarna_simulated_full,1253,0.039570404000000003,-0.88965503224299813
dnarna_simulated_full,1254,0.021990339000000001,-0.89425102286242664
dnarna_simulated_full,1255,0.016654312000000001,-0.89564603078970206
dnarna_simulated_full,1256,0.021261433,-0.89444158217710756
dnarna_simulated_full,1257,0.035847088999999999,-0.89062842573233825
dnarna_simulated_full,1258,0.067461164000000004,-0.88236349655591539
dnarna_simulated_full,1259,0.090685710000000003,-0.87629185827946499
dnarna_simulated_full,1260,0.11149472000000001,-0.87085171828228092
dnarna_simulated_full,1261,0.123456433,-0.86772454436453395
dnarna_simulated_full,1262,0.14037745300000001,-0.86330084916254446
dnarna_simulated_full,1263,0.15949532,-0.85830282797232238
dnarna_simulated_full,1264,0.18107588099999999,-0.85266097989508227
dnarna_simulated_full,1265,0.20571856299999999,-0.8462185955631949
dnarna_simulated_full,1266,0.230417125,-0.83976160241411535
dnarna_simulated_full,1267,0.25517256599999999,-0.83328973927732841
dnarna_simulated_full,1268,0.28074981300000001,-0.82660302979799449
dnarna_simulated_full,1269,0.30146689100000001,-0.82118692376255209
dnarna_simulated_full,1270,0.31744941199999999,-0.81700858218128836
dnarna_simulated_full,1271,0.32790761499999999,-0.81427447381001217
dnarna_simulated_full,1272,0.33267915599999998,-0.81302704055670971
dnarna_simulated_full,1273,0.33081872299999998,-0.81351341717796077
dnarna_simulated_full,1274,0.32299191999999999,-0.81555959352418683
dnarna_simulated_full,1275,0.30971745499999997,-0.81902996275307949
dnarna_simulated_full,1276,0.29306151800000002,-0.82338435679029109
dnarna_simulated_full,1277,0.27489983699999998,-0.82813240041294289
dnarna_simulated_full,1278,0.25396976399999999,-0.83360419014591347
dnarna_simulated_full,1279,0.24206232,-0.83671717641333454
dnarna_simulated_full,1280,0.23989967000000001,-0.83728256221327935
dnarna_simulated_full,1281,0.24896485900000001,-0.8349126322040703
dnarna_simulated_full,1282,0.27273455299999999,-0.82869847482463577
dnarna_simulated_full,1283,0.30393630999999999,-0.82054133874569135
dnarna_simulated_full,1284,0.34469659800000002,-0.80988529729799441
dnarna_simulated_full,1285,0.39573177100000001,-0.79654307266066149
dnarna_simulated_full,1286,0.45478908200000001,-0.78110360486775665
dnarna_simulated_full,1287,0.52201437500000003,-0.76352876563841732
dnarna_simulated_full,1288,0.59655465699999999,-0.74404155459331822
dnarna_simulated_full,1289,0.67209185500000002,-0.72429371785745189
dnarna_simulated_full,1290,0.76041683699999996,-0.70120274585403808
dnarna_simulated_full,1291,0.85603720299999997,-0.67620452740818338
dnarna_simulated_full,1292,0.97609568899999999,-0.64481740367236129
dnarna_simulated_full,1293,1.0715332950000001,-0.61986696452912049
dnarna_simulated_full,1294,1.153216668,-0.59851232129706855
dnarna_simulated_full,1295,1.224307751,-0.57992684106175563
dnarna_simulated_full,1296,1.261071566,-0.57031560533114789
dnarna_simulated_full,1297,1.366065002,-0.54286696694684311
dnarna_simulated_full,1298,1.510500148,-0.50510700552850973
dnarna_simulated_full,1299,1.7251761940000001,-0.44898382887176741
dnarna_simulated_full,1300,1.9221413329999999,-0.39749084911324895
dnarna_simulated_full,1301,2.1176265870000002,-0.34638475857145568
dnarna_simulated_full,1302,2.295629344,-0.29984915125689693
dnarna_simulated_full,1303,2.481221305,-0.25132948356526152
dnarna_simulated_full,1304,2.6713050410000001,-0.20163552239037774
dnarna_simulated_full,1305,2.8677689110000002,-0.15027359036244547
dnarna_simulated_full,1306,3.0693578509999999,-0.097571801306458261
dnarna_simulated_full,1307,3.2853211839999998,-0.04111208670309785
dnarna_simulated_full,1308,3.5136811529999998,0.018588504584647336
dnarna_simulated_full,1309,3.7595257389999999,0.082860133335354247
dnarna_simulated_full,1310,4.0081267020000002,0.14785236709153804
dnarna_simulated_full,1311,4.2605044889999997,0.21383198329910813
dnarna_simulated_full,1312,4.5151505390000004,0.28040459591883027
dnarna_simulated_full,1313,4.7645792619999998,0.34561323258337284
dnarna_simulated_full,1314,5.0267859750000001,0.41416244405097535
dnarna_simulated_full,1315,5.2934095860000001,0.48386637376193875
dnarna_simulated_full,1316,5.5707438360000001,0.55637040667912363
dnarna_simulated_full,1317,5.8300388480000001,0.62415840648553023
dnarna_simulated_full,1318,6.0729600880000003,0.6876657792000197
dnarna_simulated_full,1319,6.2959600690000004,0.74596509838961012
dnarna_simulated_full,1320,6.4924976040000004,0.79734628880191016
dnarna_simulated_full,1321,6.6749841969999997,0.84505411409149078
dnarna_simulated_full,1322,6.8371721780000003,0.88745523372671731
dnarna_simulated_full,1323,6.9816579120000002,0.92522842046438003
dnarna_simulated_full,1324,7.0965677039999999,0.95526951110383373
dnarna_simulated_full,1325,7.1842511079999998,0.97819275412162476
dnarna_simulated_full,1326,7.2376778760000002,0.99216021809598354
dnarna_simulated_full,1327,7.2743822280000003,1.0017559082987333
dnarna_simulated_full,1328,7.2921160010000001,1.0063920830998545
dnarna_simulated_full,1329,7.2911260599999999,1.006133280896917
dnarna_simulated_full,1330,7.2757398130000004,1.0021108243883541
dnarna_simulated_full,1331,7.2292012249999997,0.98994415072193409
dnarna_simulated_full,1332,7.1548570390000004,0.97050820543589278
dnarna_simulated_full,1333,7.0529445690000001,0.94386502999127442
dnarna_simulated_full,1334,6.9195569859999999,0.90899325447643708
dnarna_simulated_full,1335,6.7558915339999999,0.86620587672120497
dnarna_simulated_full,1336,6.5632629739999997,0.81584661725350494
dnarna_simulated_full,1337,6.3429798359999996,0.75825756761880314
dnarna_simulated_full,1338,6.1015051079999996,0.69512835935267547
dnarna_simulated_full,1339,5.8416239829999999,0.62718713088358069
dnarna_simulated_full,1340,5.5650312509999997,0.55487695446079066
dnarna_simulated_full,1341,5.2844500749999996,0.48152407135801301
dnarna_simulated_full,1342,5.0026794079999997,0.40786021730729549
dnarna_simulated_full,1343,4.7248516409999999,0.33522716327997648
dnarna_simulated_full,1344,4.4548125829999998,0.26463032661029839
dnarna_simulated_full,1345,4.1969443230000003,0.19721532535698338
dnarna_simulated_full,1346,3.955246786,0.13402786770020081
dnarna_simulated_full,1347,3.7293242289999999,0.074964493776992103
dnarna_simulated_full,1348,3.5342090709999998,0.023955158153015743
dnarna_simulated_full,1349,3.3677043549999999,-0.019574493917475233
dnarna_simulated_full,1350,3.2351864840000002,-0.05421889893091747
dnarna_simulated_full,1351,3.122452403,-0.083691189207767969
dnarna_simulated_full,1352,3.0308421729999999,-0.10764102999184311
dnarna_simulated_full,1353,2.9579729179999998,-0.12669138119502399
dnarna_simulated_full,1354,2.9018799309999999,-0.14135587999339172
dnarna_simulated_full,1355,2.8602322789999999,-0.15224390673921007
dnarna_simulated_full,1356,2.8306970329999999,-0.15996536360290858
dnarna_simulated_full,1357,2.8121988020000002,-0.16480139214728662
dnarna_simulated_full,1358,2.79884998,-0.16829120067145431
dnarna_simulated_full,1359,2.789642363,-0.17069836590999521
dnarna_simulated_full,1360,2.7798128709999999,-0.17326810914050939
dnarna_simulated_full,1361,2.7750543209999998,-0.17451214613138977
dnarna_simulated_full,1362,2.7722136719999999,-0.17525478252989501
dnarna_simulated_full,1363,2.769291967,-0.17601860955628756
dnarna_simulated_full,1364,2.7696802979999999,-0.17591708742691925
dnarna_simulated_full,1365,2.7530863719999998,-0.18025526980767226
dnarna_simulated_full,1366,2.7244226550000001,-0.18774888114812827
dnarna_simulated_full,1367,2.6769331909999998,-0.20016414417848061
dnarna_simulated_full,1368,2.6300931369999998,-0.21240963068820207
dnarna_simulated_full,1369,2.5804991340000001,-0.22537508744663326
dnarna_simulated_full,1370,2.5319707089999999,-0.23806196807395996
dnarna_simulated_full,1371,2.479178197,-0.25186361726741113
dnarna_simulated_full,1372,2.4234944380000001,-0.26642113079301633
dnarna_simulated_full,1373,2.3652055779999999,-0.28165970094490067
dnarna_simulated_full,1374,2.305330423,-0.29731297928697897
dnarna_simulated_full,1375,2.2430002299999998,-0.31360808299308995
dnarna_simulated_full,1376,2.1797583949999999,-0.33014151904212896
dnarna_simulated_full,1377,2.1120505079999998,-0.34784252376044644
dnarna_simulated_full,1378,2.0537127609999999,-0.36309387453591835
dnarna_simulated_full,1379,2.0025686500000002,-0.37646457904668162
dnarna_simulated_full,1380,1.9668065910000001,-0.38581392375589918
dnarna_simulated_full,1381,1.9271108340000001,-0.39619166279173978
dnarna_simulated_full,1382,1.8848150379999999,-0.40724913508534416
dnarna_simulated_full,1383,1.8394939429999999,-0.41909751718644733
dnarna_simulated_full,1384,1.7842693789999999,-0.4335349824691998
dnarna_simulated_full,1385,1.74321839,-0.44426702244528998
dnarna_simulated_full,1386,1.711242393,-0.45262656959479569
dnarna_simulated_full,1387,1.69312095,-0.45736409371876852
dnarna_simulated_full,1388,1.6782817329999999,-0.46124353910942345
dnarna_simulated_full,1389,1.668111533,-0.46390235429569904
dnarna_simulated_full,1390,1.6615810419999999,-0.46560963327198629
dnarna_simulated_full,1391,1.6608369009999999,-0.46580417550237807
dnarna_simulated_full,1392,1.6561810320000001,-0.46702136839951963
dnarna_simulated_full,1393,1.6518178509999999,-0.46816204330298955
dnarna_simulated_full,1394,1.6284861369999999,-0.47426169871832446
dnarna_simulated_full,1395,1.645352302,-0.46985234436578172
dnarna_simulated_full,1396,1.683681285,-0.45983192371772175
dnarna_simulated_full,1397,1.782724298,-0.43393891600313478
dnarna_simulated_full,1398,1.821070902,-0.42391388866273866
dnarna_simulated_full,1399,1.812588458,-0.42613147051205646
dnarna_simulated_full,1400,1.7543953080000001,-0.44134501901230366
dnarna_simulated_full,1401,1.6145492029999999,-0.47790525850764237
dnarna_simulated_full,1402,1.521245497,-0.50229782801941147
dnarna_simulated_full,1403,1.442414839,-0.52290668041508692
dnarna_simulated_full,1404,1.4004661869999999,-0.53387339817691959
dnarna_simulated_full,1405,1.3466205339999999,-0.54795037207235198
dnarna_simulated_full,1406,1.2931034100000001,-0.56194145799170414
dnarna_simulated_full,1407,1.2354212550000001,-0.5770214160742495
dnarna_simulated_full,1408,1.1799378620000001,-0.59152654752638401
dnarna_simulated_full,1409,1.1249029589999999,-0.605914429364657
dnarna_simulated_full,1410,1.07002581,-0.62026106926758018
dnarna_simulated_full,1411,1.0147941890000001,-0.63470037947558189
dnarna_simulated_full,1412,0.95877014299999996,-0.64934685489409905
dnarna_simulated_full,1413,0.90109249400000002,-0.66442563496429174
dnarna_simulated_full,1414,0.84400892699999996,-0.67934910302061136
dnarna_simulated_full,1415,0.77812790499999995,-0.69657250686527095
dnarna_simulated_full,1416,0.70539715199999997,-0.71558664922094339
dnarna_simulated_full,1417,0.62192266100000004,-0.73740954791884761
dnarna_simulated_full,1418,0.53890194800000002,-0.75911381455075544
dnarna_simulated_full,1419,0.45590832399999998,-0.78081099925265396
dnarna_simulated_full,1420,0.37489633999999999,-0.80199011995131442
dnarna_simulated_full,1421,0.303099232,-0.82076017767693132
dnarna_simulated_full,1422,0.227250011,-0.84058958719316257
dnarna_simulated_full,1423,0.15319260000000001,-0.85995056033263417
dnarna_simulated_full,1424,0.073646553000000003,-0.88074643826736432
dnarna_simulated_full,1425,0.015821568000000001,-0.89586373667488428
dnarna_simulated_full,1426,-0.024947073,-0.90652196186363354
dnarna_simulated_full,1427,-0.039775770000000002,-0.91039865699020728
dnarna_simulated_full,1428,-0.048399337000000001,-0.91265313290016625
dnarna_simulated_full,1429,-0.048373960000000001,-0.91264649854165003
dnarna_simulated_full,1430,-0.040556166999999997,-0.91060267769726555
dnarna_simulated_full,1431,-0.02965021,-0.90775151212604088
dnarna_simulated_full,1432,-0.000884894,-0.9002313395612126
dnarna_simulated_full,1433,0.040753232,-0.88934580321612033
dnarna_simulated_full,1434,0.099016047999999995,-0.87411404179786101
dnarna_simulated_full,1435,0.16033079,-0.85808440942365294
dnarna_simulated_full,1436,0.22643054600000001,-0.84080382152352195
dnarna_simulated_full,1437,0.29271498099999999,-0.82347495263287107
dnarna_simulated_full,1438,0.36311559100000002,-0.80506998409822406
dnarna_simulated_full,1439,0.43572277999999998,-0.78608814531963733
dnarna_simulated_full,1440,0.50969529700000005,-0.76674936618386513
dnarna_simulated_full,1441,0.58594744099999996,-0.74681461972329655
dnarna_simulated_full,1442,0.65754263400000001,-0.72809734902923617
dnarna_simulated_full,1443,0.72602227600000002,-0.71019458289874549
dnarna_simulated_full,1444,0.78875816499999996,-0.69379341729750843
dnarna_simulated_full,1445,0.85328385600000001,-0.67692434027486115
dnarna_simulated_full,1446,0.91791748799999995,-0.66002704402643453
dnarna_simulated_full,1447,0.98356329499999995,-0.64286513289716296
dnarna_simulated_full,1448,1.0480905149999999,-0.6259956561450688
dnarna_simulated_full,1449,1.111461365,-0.60942849145340161
dnarna_simulated_full,1450,1.173093664,-0.59331583953443467
dnarna_simulated_full,1451,1.2324871340000001,-0.5777884890396946
dnarna_simulated_full,1452,1.288386681,-0.56317456163713353
dnarna_simulated_full,1453,1.340225244,-0.5496223051879876
dnarna_simulated_full,1454,1.3867720240000001,-0.53745348987105868
dnarna_simulated_full,1455,1.4284599060000001,-0.52655494571801698
dnarna_simulated_full,1456,1.4639490900000001,-0.51727693925130735
dnarna_simulated_full,1457,1.4926433809999999,-0.50977533489050708
dnarna_simulated_full,1458,1.5119394859999999,-0.50473071659293489
dnarna_simulated_full,1459,1.520773438,-0.50242123932282912
dnarna_simulated_full,1460,1.522056963,-0.50208568488319516
dnarna_simulated_full,1461,1.5049954560000001,-0.50654610787510768
dnarna_simulated_full,1462,1.4702344650000001,-0.51563374142811447
dnarna_simulated_full,1463,1.418345736,-0.52919911287230814
dnarna_simulated_full,1464,1.3453754899999999,-0.54827586634923753
dnarna_simulated_full,1465,1.271898905,-0.56748499301672395
dnarna_simulated_full,1466,1.1953820340000001,-0.5874889475722973
dnarna_simulated_full,1467,1.119914649,-0.60721853295965511
dnarna_simulated_full,1468,1.042926928,-0.62734558274742236
dnarna_simulated_full,1469,0.966832896,-0.64723899368000404
dnarna_simulated_full,1470,0.89328162300000002,-0.66646764617673981
dnarna_simulated_full,1471,0.82188218499999999,-0.68513374026003648
dnarna_simulated_full,1472,0.75372313599999996,-0.70295269313837749
dnarna_simulated_full,1473,0.68967138400000005,-0.71969786736554686
dnarna_simulated_full,1474,0.63006656999999999,-0.7352804699336708
dnarna_simulated_full,1475,0.57752108800000002,-0.74901753759328127
dnarna_simulated_full,1476,0.532212927,-0.76086253833358342
dnarna_simulated_full,1477,0.495204376,-0.77053775587314555
dnarna_simulated_full,1478,0.46565272400000002,-0.77826350178936465
dnarna_simulated_full,1479,0.444282132,-0.78385045726214797
dnarna_simulated_full,1480,0.43268915699999999,-0.78688123128666199
dnarna_simulated_full,1481,0.42828703200000001,-0.78803208739587161
dnarna_simulated_full,1482,0.43229658599999998,-0.78698386188748515
dnarna_simulated_full,1483,0.43981264799999997,-0.78501892316586819
dnarna_simulated_full,1484,0.46469646399999998,-0.7785134987028991
dnarna_simulated_full,1485,0.50650307999999999,-0.76758391368907519
dnarna_simulated_full,1486,0.56488949399999999,-0.75231983980504391
dnarna_simulated_full,1487,0.64600613100000004,-0.73111335946884548
dnarna_simulated_full,1488,0.72340787399999995,-0.71087807110356238
dnarna_simulated_full,1489,0.80158859699999996,-0.69043913248028987
dnarna_simulated_full,1490,0.87183235100000001,-0.67207517111510451
dnarna_simulated_full,1491,0.95189132200000004,-0.65114519846044694
dnarna_simulated_full,1492,1.0366699669999999,-0.62898135224327634
dnarna_simulated_full,1493,1.1305090440000001,-0.60444881964866792
dnarna_simulated_full,1494,1.217582986,-0.58168490946809315
dnarna_simulated_full,1495,1.2972757779999999,-0.5608506677023164
dnarna_simulated_full,1496,1.367262365,-0.54255393800661733
dnarna_simulated_full,1497,1.4236463290000001,-0.52781336852463889
dnarna_simulated_full,1498,1.4731976330000001,-0.5148590746489079
dnarna_simulated_full,1499,1.5127177300000001,-0.50452725874885829
dnarna_simulated_full,1500,1.5431536370000001,-0.4965703403264406
dnarna_simulated_full,1501,1.559319068,-0.49234418022777093
dnarna_simulated_full,1502,1.5620843929999999,-0.49162123592923329
dnarna_simulated_full,1503,1.5498258540000001,-0.49482600964604828
dnarna_simulated_full,1504,1.5271390890000001,-0.5007570547886675
dnarna_simulated_full,1505,1.493822837,-0.50946698741215424
dnarna_simulated_full,1506,1.4516526510000001,-0.52049162123890946
dnarna_simulated_full,1507,1.3988390740000001,-0.53429877749632193
dnarna_simulated_full,1508,1.3363581449999999,-0.55063328840837955
dnarna_simulated_full,1509,1.2650978719999999,-0.56926300031478716
dnarna_simulated_full,1510,1.1847080860000001,-0.59027945857895547
dnarna_simulated_full,1511,1.1010431409999999,-0.61215214803687312
dnarna_simulated_full,1512,1.013846453,-0.63494814794320098
dnarna_simulated_full,1513,0.92520844099999999,-0.65812095598895026
dnarna_simulated_full,1514,0.83270731899999995,-0.68230370440305554
dnarna_simulated_full,1515,0.73779664300000003,-0.70711638721052084
dnarna_simulated_full,1516,0.64365302099999999,-0.7317285375973952
dnarna_simulated_full,1517,0.54533300500000004,-0.75743253079867545
dnarna_simulated_full,1518,0.445528549,-0.78352460403919932
dnarna_simulated_full,1519,0.33822007999999998,-0.81157846600781203
dnarna_simulated_full,1520,0.24497402700000001,-0.83595596318354704
dnarna_simulated_full,1521,0.16711852999999999,-0.85630987734045982
dnarna_simulated_full,1522,0.10662518999999999,-0.87212476899062741
dnarna_simulated_full,1523,0.071773055000000002,-0.88123623049700162
dnarna_simulated_full,1524,0.036685816000000003,-0.89040915569981782
dnarna_simulated_full,1525,0.0065984090000000004,-0.89827496508874383
dnarna_simulated_full,1526,-0.023304281999999999,-0.90609248381416785
dnarna_simulated_full,1527,-0.044211558999999997,-0.91155831394447706
dnarna_simulated_full,1528,-0.058493284,-0.91529201311619557
dnarna_simulated_full,1529,-0.065932344000000004,-0.91723682105503801
dnarna_simulated_full,1530,-0.067311148000000001,-0.9175972844691398
dnarna_simulated_full,1531,-0.062869891999999997,-0.91643619826641631
dnarna_simulated_full,1532,-0.051302791,-0.91341218853209605
dnarna_simulated_full,1533,-0.036929333000000002,-0.90965450742359333
dnarna_simulated_full,1534,-0.019803141999999999,-0.9051771739676282
dnarna_simulated_full,1535,8.0599999999999994e-05,-0.89997892858508055
dnarna_simulated_full,1536,0.021414743999999999,-0.89440150178389766
dnarna_simulated_full,1537,0.050562072,-0.88678145907817341
dnarna_simulated_full,1538,0.086893263999999998,-0.87728332482072569
dnarna_simulated_full,1539,0.13234871400000001,-0.865399818030398
dnarna_simulated_full,1540,0.18521204399999999,-0.85157965474933184
dnarna_simulated_full,1541,0.24671871100000001,-0.8354998470487166
dnarna_simulated_full,1542,0.31469693399999998,-0.81772816786360425
dnarna_simulated_full,1543,0.393714497,-0.79707045252989506
dnarna_simulated_full,1544,0.48332234600000001,-0.77364409810906842
dnarna_simulated_full,1545,0.58678168500000005,-0.74659652169019397
dnarna_simulated_full,1546,0.69642843499999996,-0.71793135836737199
dnarna_simulated_full,1547,0.81230324600000003,-0.68763798093196105
dnarna_simulated_full,1548,0.93416174600000002,-0.6557802760316872
dnarna_simulated_full,1549,1.0570848829999999,-0.62364424100777049
dnarna_simulated_full,1550,1.19737213,-0.58696867290051635
dnarna_simulated_full,1551,1.349823172,-0.5471131001848234
dnarna_simulated_full,1552,1.5171389989999999,-0.50337139778645734
dnarna_simulated_full,1553,1.6848959530000001,-0.45951437069765494
dnarna_simulated_full,1554,1.852785729,-0.41562261969480252
dnarna_simulated_full,1555,2.0194618919999998,-0.37204814590131297
dnarna_simulated_full,1556,2.176987322,-0.33086596605149732
dnarna_simulated_full,1557,2.323874048,-0.29246508330080367
dnarna_simulated_full,1558,2.4548328000000001,-0.25822828180296675
dnarna_simulated_full,1559,2.5772455779999999,-0.22622567092603374
dnarna_simulated_full,1560,2.6897739930000002,-0.19680714831197266
dnarna_simulated_full,1561,2.7919079720000002,-0.17010606333823031
dnarna_simulated_full,1562,2.8879728939999998,-0.14499162375179342
dnarna_simulated_full,1563,2.9611922900000001,-0.12584973450529602
dnarna_simulated_full,1564,3.0172138749999999,-0.11120390247080025
dnarna_simulated_full,1565,3.0493682990000002,-0.10279770880330641
dnarna_simulated_full,1566,3.084940676,-0.093497953028639169
dnarna_simulated_full,1567,3.1199125080000001,-0.084355198902517858
dnarna_simulated_full,1568,3.1609410910000002,-0.073629016570629591
dnarna_simulated_full,1569,3.1945143319999998,-0.064851898812543274
dnarna_simulated_full,1570,3.2229384579999998,-0.057420924213674951
dnarna_simulated_full,1571,3.2458181769999999,-0.051439434731175182
dnarna_simulated_full,1572,3.2622076849999999,-0.047154693746141896
dnarna_simulated_full,1573,3.2723135829999999,-0.044512689156915308
dnarna_simulated_full,1574,3.276690136,-0.043368518385451527
dnarna_simulated_full,1575,3.2734640220000002,-0.044211927649365323
dnarna_simulated_full,1576,3.2728155270000001,-0.044381464959764694
dnarna_simulated_full,1577,3.271999713,-0.044594744802086028
dnarna_simulated_full,1578,3.2750677050000001,-0.043792673680478567
dnarna_simulated_full,1579,3.2683527040000002,-0.045548189465286715
dnarna_simulated_full,1580,3.255370557,-0.048942137430328048
dnarna_simulated_full,1581,3.23461775,-0.054367584167800964
dnarna_simulated_full,1582,3.2127337969999998,-0.060088748606272335
dnarna_simulated_full,1583,3.1902605390000001,-0.065963976198206487
dnarna_simulated_full,1584,3.1647912549999999,-0.07262246070025824
dnarna_simulated_full,1585,3.14971092,-0.076564942039083816
dnarna_simulated_full,1586,3.1442212999999999,-0.078000104083378208
dnarna_simulated_full,1587,3.1581267639999999,-0.074364771557428933
dnarna_simulated_full,1588,3.1684124269999998,-0.071675770654269444
dnarna_simulated_full,1589,3.1765865760000001,-0.069538786967018429
dnarna_simulated_full,1590,3.1828582390000002,-0.067899173898681164
dnarna_simulated_full,1591,3.179249853,-0.068842521275797153
dnarna_simulated_full,1592,3.201570383,-0.063007221662247703
dnarna_simulated_full,1593,3.241016041,-0.052694866494892745
dnarna_simulated_full,1594,3.3061854820000001,-0.035657492656434031
dnarna_simulated_full,1595,3.370127664,-0.018940963527685595
dnarna_simulated_full,1596,3.4383289889999999,-0.0011109583523578603
dnarna_simulated_full,1597,3.5043834810000001,0.016157796092129084
dnarna_simulated_full,1598,3.5827191580000002,0.036637244641300359
dnarna_simulated_full,1599,3.6697566720000001,0.059391631378913678
dnarna_simulated_full,1600,3.7659627219999998,0.084542966333151504
dnarna_simulated_full,1601,3.8667836489999998,0.11090077756616401
dnarna_simulated_full,1602,3.9703664679999999,0.1379806356018406
dnarna_simulated_full,1603,4.0741956310000003,0.16512489582904222
dnarna_simulated_full,1604,4.1737465619999998,0.19115068953523029
dnarna_simulated_full,1605,4.2652564249999996,0.21507429117909183
dnarna_simulated_full,1606,4.3444933509999997,0.23578935500896703
dnarna_simulated_full,1607,4.4118868400000002,0.25340816604604577
dnarna_simulated_full,1608,4.448068235,0.26286713858214494
dnarna_simulated_full,1609,4.4555095189999996,0.26481252794563714
dnarna_simulated_full,1610,4.4329978619999997,0.25892726162837432
dnarna_simulated_full,1611,4.3833810709999996,0.24595584735873721
dnarna_simulated_full,1612,4.309377853,0.22660904200076348
dnarna_simulated_full,1613,4.2089004729999999,0.20034104492880977
dnarna_simulated_full,1614,4.1067624760000001,0.17363890952150485
dnarna_simulated_full,1615,4.0045841070000003,0.14692621958364016
dnarna_simulated_full,1616,3.9078791480000001,0.12164445387821055
dnarna_simulated_full,1617,3.8208521200000001,0.098892808515992248
dnarna_simulated_full,1618,3.7466959860000002,0.079506026030427668
dnarna_simulated_full,1619,3.6876843130000001,0.064078489468714972
dnarna_simulated_full,1620,3.6441692730000002,0.052702267842454908
dnarna_simulated_full,1621,3.6160363649999998,0.045347426932296209
dnarna_simulated_full,1622,3.6082691690000002,0.043316833760128737
dnarna_simulated_full,1623,3.6055520300000001,0.042606486821384015
dnarna_simulated_full,1624,3.60624586,0.042787876149095627
dnarna_simulated_full,1625,3.6090732280000002,0.043527040469914291
dnarna_simulated_full,1626,3.6042459199999999,0.042265027941229549
dnarna_simulated_full,1627,3.6227140439999999,0.047093185553982564
dnarna_simulated_full,1628,3.6546872549999998,0.055452004354084261
dnarna_simulated_full,1629,3.7117352129999999,0.070366163080206934
dnarna_simulated_full,1630,3.749031161,0.080116515377009923
dnarna_simulated_full,1631,3.7737031550000002,0.086566562802124603
dnarna_simulated_full,1632,3.7695740889999998,0.085487093038901119
dnarna_simulated_full,1633,3.777322544,0.087512786714952107
dnarna_simulated_full,1634,3.7897213299999999,0.090754225478022699
dnarna_simulated_full,1635,3.8192300979999998,0.098468760146631307
dnarna_simulated_full,1636,3.831803292,0.10175579473269558
dnarna_simulated_full,1637,3.8293223279999999,0.10110719148400793
dnarna_simulated_full,1638,3.8015713359999999,0.093852195617278311
dnarna_simulated_full,1639,3.7672775010000001,0.084886691566853578
dnarna_simulated_full,1640,3.725964018,0.074086027273296051
dnarna_simulated_full,1641,3.6787932059999999,0.061754070055684562
dnarna_simulated_full,1642,3.6286323390000002,0.048640416938110609
dnarna_simulated_full,1643,3.5660888420000001,0.032289548751999964
dnarna_simulated_full,1644,3.4933830370000001,0.013281928600538562
dnarna_simulated_full,1645,3.41076662,-0.0083166421409688329
dnarna_simulated_full,1646,3.3160147919999998,-0.033087797006534414
dnarna_simulated_full,1647,3.210112353,-0.060774077814859218
dnarna_simulated_full,1648,3.0933628400000002,-0.091296130297079947
dnarna_simulated_full,1649,2.9689171249999999,-0.12383021585183074
dnarna_simulated_full,1650,2.8382211960000001,-0.15799830702108975
dnarna_simulated_full,1651,2.6993852789999999,-0.19429445110086196
dnarna_simulated_full,1652,2.565153499,-0.22938692668096916
dnarna_simulated_full,1653,2.434871378,-0.26344683521914902
dnarna_simulated_full,1654,2.3158830090000002,-0.29455419618425926
dnarna_simulated_full,1655,2.1910374199999998,-0.32719282157734142
dnarna_simulated_full,1656,2.0624077409999999,-0.36082072898633599
dnarna_simulated_full,1657,1.9233645880000001,-0.39717105117705409
dnarna_simulated_full,1658,1.7909225689999999,-0.43179562605446092
dnarna_simulated_full,1659,1.6652923900000001,-0.46463936833875452
dnarna_simulated_full,1660,1.5541896909999999,-0.49368516324322126
dnarna_simulated_full,1661,1.4433000739999999,-0.52267525170558049
dnarna_simulated_full,1662,1.3321304060000001,-0.55173855444609854
dnarna_simulated_full,1663,1.22052041,-0.58091697299292755
dnarna_simulated_full,1664,1.1028435830000001,-0.61168145497954796
dnarna_simulated_full,1665,1.0020221540000001,-0.63803939745139782
dnarna_simulated_full,1666,0.91299998699999996,-0.66131263588670519
dnarna_simulated_full,1667,0.84099397499999995,-0.68013730779175563
dnarna_simulated_full,1668,0.76952699899999999,-0.69882105846588138
dnarna_simulated_full,1669,0.70115530100000001,-0.71669560458629689
dnarna_simulated_full,1670,0.63365095999999999,-0.73434339587755249
dnarna_simulated_full,1671,0.56956777700000005,-0.7510967871722446
dnarna_simulated_full,1672,0.50815002799999998,-0.76715334886700615
dnarna_simulated_full,1673,0.44873553100000002,-0.78268619649129345
dnarna_simulated_full,1674,0.39389844899999998,-0.79702236160040052
dnarna_simulated_full,1675,0.34370074299999998,-0.810145645609466
dnarna_simulated_full,1676,0.29756576000000001,-0.82220680403496071
dnarna_simulated_full,1677,0.25901476499999998,-0.83228526571241401
dnarna_simulated_full,1678,0.22763038399999999,-0.84049014553922763
dnarna_simulated_full,1679,0.20677884399999999,-0.84594140423711295
dnarna_simulated_full,1680,0.18552411699999999,-0.85149806889736956
dnarna_simulated_full,1681,0.16288903299999999,-0.85741560297554154
dnarna_simulated_full,1682,0.13802308599999999,-0.86391635591105154
dnarna_simulated_full,1683,0.107291336,-0.87195061714493338
dnarna_simulated_full,1684,0.084407399999999994,-0.87793320908595318
dnarna_simulated_full,1685,0.065603412999999999,-0.882849172016685
dnarna_simulated_full,1686,0.054284955000000003,-0.88580817852743432
dnarna_simulated_full,1687,0.039151462999999997,-0.88976455680426081
dnarna_simulated_full,1688,0.023293512999999998,-0.89391033154646826
dnarna_simulated_full,1689,0.0023243790000000001,-0.89939233307271638
dnarna_simulated_full,1690,-0.0088119319999999998,-0.90230372053863528
dnarna_simulated_full,1691,-0.013484036,-0.90352515778343467
dnarna_simulated_full,1692,-0.0069863260000000002,-0.9018264488077985
dnarna_simulated_full,1693,-0.0050593390000000004,-0.90132267284475398
dnarna_simulated_full,1694,-0.0057809970000000004,-0.90151133730068378
dnarna_simulated_full,1695,-0.011761816,-0.90307491445585919
dnarna_simulated_full,1696,-0.018449797,-0.90482336634946237
dnarna_simulated_full,1697,-0.026164995999999999,-0.90684036584468752
dnarna_simulated_full,1698,-0.036929452000000001,-0.90965453853399503
dnarna_simulated_full,1699,-0.042657403000000003,-0.91115200791562401
dnarna_simulated_full,1700,-0.043905766999999998,-0.91147837014657318
pyocyanin_experimental,450,0.57973432470076303,-0.74973442700579862
pyocyanin_experimental,451,0.68068351501926538,-0.72356866920917307
pyocyanin_experimental,452,0.81411168940218437,-0.68898444636266765
pyocyanin_experimental,453,0.96647086785321767,-0.64949335833249533
pyocyanin_experimental,454,1.1361500699938818,-0.60551296688676493
pyocyanin_experimental,455,1.3201195122915947,-0.55782858374357525
pyocyanin_experimental,456,1.5356058387760034,-0.50197510924332267
pyocyanin_experimental,457,1.7143189425214214,-0.45565315487269153
pyocyanin_experimental,458,1.8836121457697796,-0.41177281329852483
pyocyanin_experimental,459,2.0453827852821065,-0.36984229995087137
pyocyanin_experimental,460,2.1687610991437025,-0.33786297383965569
pyocyanin_experimental,461,2.3622189434912273,-0.28771922248232706
pyocyanin_experimental,462,2.5813383228093287,-0.23092407048858676
pyocyanin_experimental,463,2.8221561896711735,-0.16850472906022718
pyocyanin_experimental,464,3.1169017828665311,-0.092107466448811071
pyocyanin_experimental,465,3.3399567516138875,-0.034292220292176046
pyocyanin_experimental,466,3.5340042076699452,0.016004356829389499
pyocyanin_experimental,467,3.6960618969974375,0.058009272714750093
pyocyanin_experimental,468,3.800422504383576,0.085059260612215692
pyocyanin_experimental,469,3.9230639240483667,0.11684758573556298
pyocyanin_experimental,470,4.0344555251599852,0.1457199882389314
pyocyanin_experimental,471,4.1344051853345736,0.1716266705187196
pyocyanin_experimental,472,4.2363625026381539,0.19805373211022015
pyocyanin_experimental,473,4.2965703752730198,0.21365945027243149
pyocyanin_experimental,474,4.3310667857713954,0.22260082681151638
pyocyanin_experimental,475,4.3401087897151776,0.22494448984083515
pyocyanin_experimental,476,4.315011945745745,0.21843945558853439
pyocyanin_experimental,477,4.286123796798381,0.2109517253138814
pyocyanin_experimental,478,4.2442071715718006,0.20008704913500164
pyocyanin_experimental,479,4.1908613489436073,0.18625995582254318
pyocyanin_experimental,480,4.1322096339052568,0.1710575895112515
pyocyanin_experimental,481,4.0555726527157239,0.15119349073301358
pyocyanin_experimental,482,3.9674258885255576,0.12834608725132923
pyocyanin_experimental,483,3.8692187086290031,0.10289105115886155
pyocyanin_experimental,484,3.7648289772469763,0.075833514400230562
pyocyanin_experimental,485,3.6511509001756601,0.04636846349640944
pyocyanin_experimental,486,3.5333117564120484,0.015824875331390986
pyocyanin_experimental,487,3.4150393608946072,-0.014831010519422594
pyocyanin_experimental,488,3.2855606328508036,-0.048391547529379797
pyocyanin_experimental,489,3.1893192560606112,-0.073337052759889887
pyocyanin_experimental,490,3.1139284847656352,-0.092878137295399732
pyocyanin_experimental,491,3.0606774582544896,-0.10668065971005403
pyocyanin_experimental,492,3.0465104911169063,-0.11035269937342529
pyocyanin_experimental,493,3.0241156406897756,-0.1161573841888176
pyocyanin_experimental,494,3.0096619143307093,-0.11990375106879758
pyocyanin_experimental,495,3.0028682838364582,-0.1216646417655084
pyocyanin_experimental,496,2.9895173582599237,-0.12512516565771781
pyocyanin_experimental,497,3.0096388572276669,-0.11990972740770423
pyocyanin_experimental,498,3.0490541886507305,-0.10969337983487404
pyocyanin_experimental,499,3.1068890274885632,-0.094702745631042862
pyocyanin_experimental,500,3.1899413911711205,-0.073175797017600019
pyocyanin_experimental,501,3.2715027881841205,-0.052035302942676998
pyocyanin_experimental,502,3.3565683943471449,-0.029986527309487254
pyocyanin_experimental,503,3.4414397030030934,-0.0079881130659688049
pyocyanin_experimental,504,3.5270931830696148,0.014213037897080838
pyocyanin_experimental,505,3.5986163754127305,0.032751656401962648
pyocyanin_experimental,506,3.6576429989479968,0.048051197984252059
pyocyanin_experimental,507,3.7023483631255827,0.059638707775960254
pyocyanin_experimental,508,3.7253448585864173,0.06559933736101109
pyocyanin_experimental,509,3.7425117379220296,0.070048946173150273
pyocyanin_experimental,510,3.7476829685802509,0.071389315209163251
pyocyanin_experimental,511,3.7404817054095569,0.069522767222402471
pyocyanin_experimental,512,3.7229753894895437,0.064985177363295676
pyocyanin_experimental,513,3.6877976993720849,0.055867214984854807
pyocyanin_experimental,514,3.6367597577080875,0.042638318192270042
pyocyanin_experimental,515,3.5694586283034222,0.025194047011037335
pyocyanin_experimental,516,3.4845812614049017,0.0031940624873877388
pyocyanin_experimental,517,3.38500257345411,-0.022616464792776236
pyocyanin_experimental,518,3.2698186635472593,-0.052471823505233384
pyocyanin_experimental,519,3.1392077187273899,-0.086325828049128694
pyocyanin_experimental,520,2.9981224554418713,-0.12289474768240893
pyocyanin_experimental,521,2.8352446042958692,-0.16511224729855001
pyocyanin_experimental,522,2.6557998945121462,-0.21162383198063217
pyocyanin_experimental,523,2.4615903296926254,-0.26196242725636121
pyocyanin_experimental,524,2.2491354144289444,-0.31703016814613838
pyocyanin_experimental,525,2.0368556665164781,-0.37205250613103524
pyocyanin_experimental,526,1.8227625122902364,-0.42754487414037728
pyocyanin_experimental,527,1.6101459289704658,-0.48265451895415562
pyocyanin_experimental,528,1.3980627292233097,-0.53762591218483857
pyocyanin_experimental,529,1.199240544950821,-0.58916008597916258
pyocyanin_experimental,530,1.0124062125172699,-0.63758704091685381
pyocyanin_experimental,531,0.83936184518619905,-0.68243967410162165
pyocyanin_experimental,532,0.69082956290568109,-0.72093884096833916
pyocyanin_experimental,533,0.54453004279598671,-0.75885928190377472
pyocyanin_experimental,534,0.40934191941020165,-0.79389967878395118
pyocyanin_experimental,535,0.28555630435390061,-0.82598457626604471
pyocyanin_experimental,536,0.16363066733604542,-0.85758737245829664
pyocyanin_experimental,537,0.07073677405597098,-0.88166521899359973
pyocyanin_experimental,538,-0.0021743283009086753,-0.90056358002983905
pyocyanin_experimental,539,-0.055582156592978542,-0.91440674504309949
pyocyanin_experimental,540,-0.082103002683425477,-0.92128087680359005
pyocyanin_experimental,541,-0.10506392064298932,-0.92723228479629016
pyocyanin_experimental,542,-0.11876618511553959,-0.93078387478252844
pyocyanin_experimental,543,-0.12469446541905314,-0.93232046904428356
pyocyanin_experimental,544,-0.1313154991810484,-0.93403662313361357
pyocyanin_experimental,545,-0.12104319998013667,-0.93137407089265456
pyocyanin_experimental,546,-0.10152294131286212,-0.92631447250653687
pyocyanin_experimental,547,-0.074600628947470424,-0.91933628177062932
pyocyanin_experimental,548,-0.029023635093910941,-0.90752284791833271
pyocyanin_experimental,549,-0.0019526481898185181,-0.90050612114307815
pyocyanin_experimental,550,0.016202308916433733,-0.89580040523835869
pyocyanin_experimental,551,0.024299943787381473,-0.89370152012506332
pyocyanin_experimental,552,0.01073302157316975,-0.89721802976305753
pyocyanin_experimental,553,0.0063761082000536691,-0.89834732995558164
pyocyanin_experimental,554,0.0021247848847838913,-0.89944926148996562
pyocyanin_experimental,555,-0.00097521407088661783,-0.900252772856307
pyocyanin_experimental,556,0.00055292075213541302,-0.89985668443267885
pyocyanin_experimental,557,-0.00014764605192732396,-0.90003826945834997
pyocyanin_experimental,558,-0.000761124551562847,-0.90019728143045452
pyocyanin_experimental,559,-0.0015108219353701156,-0.90039160096985427
pyocyanin_experimental,560,-0.0021199935104914544,-0.90054949659874362
pyocyanin_experimental,561,-0.0043088666495256214,-0.90111684661138669
pyocyanin_experimental,562,-0.007950995626189233,-0.90206087661664747
pyocyanin_experimental,563,-0.013368328399682505,-0.90346503465702122
pyocyanin_experimental,564,-0.018204350270356415,-0.90471851847960572
pyocyanin_experimental,565,-0.028953241964725322,-0.90750460220914964
pyocyanin_experimental,566,-0.043231414674071426,-0.91120546605671893
pyocyanin_experimental,567,-0.060455744812846435,-0.91566996596205108
pyocyanin_experimental,568,-0.086563043580583351,-0.92243690737213524
pyocyanin_experimental,569,-0.10266263570338167,-0.9266098782179687
pyocyanin_experimental,570,-0.11435445850851296,-0.9296403671476462
pyocyanin_experimental,571,-0.12138230616454328,-0.93146196630083489
pyocyanin_experimental,572,-0.11406973386589261,-0.92956656728838993
pyocyanin_experimental,573,-0.11873522344340519,-0.93077584960063753
pyocyanin_experimental,574,-0.12628748666658987,-0.93273337585409966
pyocyanin_experimental,575,-0.1361014696819455,-0.93527713377617705
pyocyanin_experimental,576,-0.16216981398722796,-0.94203397829468183
pyocyanin_experimental,577,-0.16244686171906575,-0.94210578831937342
pyocyanin_experimental,578,-0.15066086506069759,-0.93905088978099283
pyocyanin_experimental,579,-0.12723649498213321,-0.93297935624931772
pyocyanin_experimental,580,-0.075090369380289693,-0.91946322116962731
pyocyanin_experimental,581,-0.046752761965329299,-0.91211818977495929
pyocyanin_experimental,582,-0.026031135886908651,-0.90674720019684063
pyocyanin_experimental,583,-0.013572636082794992,-0.90351799065731653
pyocyanin_experimental,584,-0.024830917750455702,-0.90643610689373977
pyocyanin_experimental,585,-0.014673307735370752,-0.90380328178034619
pyocyanin_experimental,586,0.0018276471552684636,-0.89952627878785796
pyocyanin_experimental,587,0.024760056118043907,-0.8935822602502157
pyocyanin_experimental,588,0.066307201308621541,-0.88281335229990954
pyocyanin_experimental,589,0.089606760475525307,-0.87677416941983044
pyocyanin_experimental,590,0.10669485779089345,-0.87234498069480559
pyocyanin_experimental,591,0.11731924632738541,-0.86959116784790713
pyocyanin_experimental,592,0.11263501867711127,-0.87080530701806413
pyocyanin_experimental,593,0.12013524866708451,-0.86886126763827864
pyocyanin_experimental,594,0.13086462311512548,-0.86608024272633055
pyocyanin_experimental,595,0.14528694216287105,-0.86234201653671638
pyocyanin_experimental,596,0.16585055853599709,-0.85701198264794221
pyocyanin_experimental,597,0.18470403690100326,-0.85212521191737745
pyocyanin_experimental,598,0.20349048422179883,-0.84725581545264017
pyocyanin_experimental,599,0.2209718394086552,-0.84272469534823025
pyocyanin_experimental,600,0.24374139814388129,-0.83682288715024244
pyocyanin_experimental,601,0.24849155325528821,-0.83559165976001448
pyocyanin_experimental,602,0.2439432787710008,-0.83677056023631302
pyocyanin_experimental,603,0.23141534393265958,-0.8400177671493918
pyocyanin_experimental,604,0.20024286913814573,-0.84809758852112571
pyocyanin_experimental,605,0.19084720900224833,-0.85053291828137079
pyocyanin_experimental,606,0.19044362135634288,-0.85063752711041796
pyocyanin_experimental,607,0.19995664446379438,-0.84817177718455994
pyocyanin_experimental,608,0.2266730987345385,-0.84124694431143499
pyocyanin_experimental,609,0.24807738953422886,-0.83569900987921009
pyocyanin_experimental,610,0.27182025362359485,-0.82954492355914689
pyocyanin_experimental,611,0.29725664420909464,-0.82295187973996764
pyocyanin_experimental,612,0.32231608291174008,-0.81645654083190877
pyocyanin_experimental,613,0.3512060143869471,-0.80896834853084754
pyocyanin_experimental,614,0.38157384015140916,-0.80109709001697516
pyocyanin_experimental,615,0.41279396353301434,-0.79300491826001029
pyocyanin_experimental,616,0.44326351209266429,-0.78510729347204611
pyocyanin_experimental,617,0.47471251064914571,-0.77695579788719749
pyocyanin_experimental,618,0.50493880315307182,-0.76912122441263708
pyocyanin_experimental,619,0.5324361842609473,-0.76199397741005948
pyocyanin_experimental,620,0.56270453106251184,-0.7541485035750024
pyocyanin_experimental,621,0.57297669021852937,-0.75148598763330221
pyocyanin_experimental,622,0.57273681057263015,-0.75154816379038814
pyocyanin_experimental,623,0.54854764378746357,-0.75781793056519742
pyocyanin_experimental,624,0.53679464809012145,-0.76086427534350787
pyocyanin_experimental,625,0.52999383030498914,-0.76262702896662571
pyocyanin_experimental,626,0.52990721797821383,-0.76264947864806898
pyocyanin_experimental,627,0.54869275413345098,-0.75778031835498649
pyocyanin_experimental,628,0.55825792123199292,-0.75530105284730831
pyocyanin_experimental,629,0.56628431744472307,-0.75322063260204009
pyocyanin_experimental,630,0.57248248578702676,-0.75161408408871622
pyocyanin_experimental,631,0.56923597762988865,-0.75245557024483523
pyocyanin_experimental,632,0.57682325845242777,-0.75048896752408856
pyocyanin_experimental,633,0.5903145272645024,-0.74699206704383569
pyocyanin_experimental,634,0.61039019941503248,-0.74178850698121523
pyocyanin_experimental,635,0.64149322578725054,-0.73372668645318717
pyocyanin_experimental,636,0.67124405096578599,-0.72601535282668428
pyocyanin_experimental,637,0.70289923647754726,-0.71781041413926427
pyocyanin_experimental,638,0.73575748722409862,-0.70929364418853524
pyocyanin_experimental,639,0.76890302735402472,-0.70070240960466534
pyocyanin_experimental,640,0.80303561830262393,-0.69185533411139466
pyocyanin_experimental,641,0.83782763597064192,-0.6828373369914077
pyocyanin_experimental,642,0.87351426018141054,-0.673587460268949
pyocyanin_experimental,643,0.9092532222446752,-0.66432401771631688
pyocyanin_experimental,644,0.94837444751650912,-0.65418390166446561
pyocyanin_experimental,645,0.99024369621822783,-0.64333150535302086
pyocyanin_experimental,646,1.0351430568059712,-0.63169371221515036
pyocyanin_experimental,647,1.0812497087207842,-0.61974299242225273
pyocyanin_experimental,648,1.1340227617360521,-0.60606435944828529
pyocyanin_experimental,649,1.1912585343241417,-0.59122900160026692
pyocyanin_experimental,650,1.2522511674847339,-0.57541987562686148
pyocyanin_experimental,651,1.3181853301602238,-0.55832991853412017
pyocyanin_experimental,652,1.3812836143874387,-0.54197501348472987
pyocyanin_experimental,653,1.442250450401827,-0.52617257406202667
pyocyanin_experimental,654,1.4994073908740868,-0.51135764928576333
pyocyanin_experimental,655,1.5505181949033198,-0.49810986676467278
pyocyanin_experimental,656,1.5953285668422079,-0.48649513924451798
pyocyanin_experimental,657,1.6314265015101705,-0.47713865196116029
pyocyanin_experimental,658,1.656855136492793,-0.47054761837332426
pyocyanin_experimental,659,1.6792260932587182,-0.46474912673045771
pyocyanin_experimental,660,1.6699393278862549,-0.46715623126178973
pyocyanin_experimental,661,1.6399342939226389,-0.47493345511959811
pyocyanin_experimental,662,1.5912240667686846,-0.4875590145907312
pyocyanin_experimental,663,1.5155926850116164,-0.50716246470891269
pyocyanin_experimental,664,1.4530133734791941,-0.52338285343586244
pyocyanin_experimental,665,1.3933848597710468,-0.53883840332722377
pyocyanin_experimental,666,1.3402868846008398,-0.55260125524719839
pyocyanin_experimental,667,1.2933309574646268,-0.56477210488636542
pyocyanin_experimental,668,1.2638573840593583,-0.5724115756011886
pyocyanin_experimental,669,1.2480479351814713,-0.57650934210066995
pyocyanin_experimental,670,1.2570915791498141,-0.5741652539814095
pyocyanin_experimental,671,1.2599335467346384,-0.57342862365029179
pyocyanin_experimental,672,1.2620399975778092,-0.57288263727438327
pyocyanin_experimental,673,1.2609581733872399,-0.57316304318610634
pyocyanin_experimental,674,1.2497180568485609,-0.57607645107010219
pyocyanin_experimental,675,1.2397439898727349,-0.57866170232286973
pyocyanin_experimental,676,1.2263695695951573,-0.58212831597820713
pyocyanin_experimental,677,1.2087221892637356,-0.58670246935219694
pyocyanin_experimental,678,1.1935857229847362,-0.59062580057757375
pyocyanin_experimental,679,1.1609464773747773,-0.59908580498771546
pyocyanin_experimental,680,1.1167025022056305,-0.61055372399314034
pyocyanin_experimental,681,1.0616451871204409,-0.62482443153330303
pyocyanin_experimental,682,0.98298687723597955,-0.64521245325626186
pyocyanin_experimental,683,0.92052875514212984,-0.66140143000767027
pyocyanin_experimental,684,0.8636785633682813,-0.67613684634883131
pyocyanin_experimental,685,0.81325317380572681,-0.68920697128922392
pyocyanin_experimental,686,0.78372298091145531,-0.69686111762285252
pyocyanin_experimental,687,0.73459765856271875,-0.70959426864865716
pyocyanin_experimental,688,0.67885202301592429,-0.72404338699556325
pyocyanin_experimental,689,0.61665636523599621,-0.74016433370486179
pyocyanin_experimental,690,0.53546433648588609,-0.76120908852250058
pyocyanin_experimental,691,0.47525642359249382,-0.77681481711961331
pyocyanin_experimental,692,0.42342268568825431,-0.79024998215082332
pyocyanin_experimental,693,0.37994825561986389,-0.80151843714215909
pyocyanin_experimental,694,0.3561529444095739,-0.80768611761447751
pyocyanin_experimental,695,0.31493008996148963,-0.81837097027917916
pyocyanin_experimental,696,0.26891746242563391,-0.83029731920670369
pyocyanin_experimental,697,0.21805110027059904,-0.84348174305344092
pyocyanin_experimental,698,0.15796580957000944,-0.85905568830898116
pyocyanin_experimental,699,0.10582334290160859,-0.87257087500299402
pyocyanin_experimental,700,0.056975106482518391,-0.8852322061033383
pyocyanin_experimental,701,0.013216189158331417,-0.89657439942390593
pyocyanin_experimental,702,-0.027899230326807693,-0.90723140523604306
pyocyanin_experimental,703,-0.052515528112707023,-0.91361188321395703
pyocyanin_experimental,704,-0.065663667982919935,-0.91701984559814953
pyocyanin_experimental,705,-0.058527551164417865,-0.91517018337012934
pyocyanin_experimental,706,-0.053664726788787996,-0.91390975241056638
pyocyanin_experimental,707,-0.046036416188478826,-0.91193251488210902
pyocyanin_experimental,708,-0.036422015062075604,-0.90944048804722954
pyocyanin_experimental,709,-0.031053928196963759,-0.90804909441345594
pyocyanin_experimental,710,-0.013987354158613055,-0.90362548446377
pyocyanin_experimental,711,0.010855076582284032,-0.89718639343396689
pyocyanin_experimental,712,0.044010753232143512,-0.88859253149147588
pyocyanin_experimental,713,0.088185479681837278,-0.87714256156731873
pyocyanin_experimental,714,0.13725518712226387,-0.86442382577571375
pyocyanin_experimental,715,0.19273206776242191,-0.85004436797557892
pyocyanin_experimental,716,0.25428953139121274,-0.83408883946857804
pyocyanin_experimental,717,0.32171905392768846,-0.81661128913395031
pyocyanin_experimental,718,0.39372917225808829,-0.79794646072676056
pyocyanin_experimental,719,0.47001994851279677,-0.77817209733366088
pyocyanin_experimental,720,0.5501117886974275,-0.75741250842417962
pyocyanin_experimental,721,0.62993685031542968,-0.73672206779947125
pyocyanin_experimental,722,0.7189755228342195,-0.713643484085138
pyocyanin_experimental,723,0.8127323133459845,-0.68934197691524679
pyocyanin_experimental,724,0.90979022709513369,-0.66418482750777352
pyocyanin_experimental,725,1.0160443170484714,-0.63664405403699975
pyocyanin_experimental,726,1.1072886642169502,-0.6129937654037878
pyocyanin_experimental,727,1.191115657480283,-0.59126603489275165
pyocyanin_experimental,728,1.267434993346626,-0.5714842689253623
pyocyanin_experimental,729,1.3278536464644224,-0.55582391703060474
pyocyanin_experimental,730,1.4015022662220138,-0.53673439347372587
pyocyanin_experimental,731,1.477141199284679,-0.51712898607750502
pyocyanin_experimental,732,1.5643143341077286,-0.49453394470118567
pyocyanin_experimental,733,1.6374900613203727,-0.47556699361621935
pyocyanin_experimental,734,1.7015652056812365,-0.4589588890554947
pyocyanin_experimental,735,1.7552099494607385,-0.44505431618702646
pyocyanin_experimental,736,1.7920779284459003,-0.43549823549402444
pyocyanin_experimental,737,1.826443587863867,-0.42659074928225016
pyocyanin_experimental,738,1.8543815436435096,-0.41934930651330327
pyocyanin_experimental,739,1.8762135444595178,-0.41369051079869612
pyocyanin_experimental,740,1.8955339716376192,-0.40868270819548014
pyocyanin_experimental,741,1.9034481004093076,-0.40663138736806237
pyocyanin_experimental,742,1.9030179388523576,-0.40674288408316289
pyocyanin_experimental,743,1.8947080987852787,-0.4088967722108226
pyocyanin_experimental,744,1.8774952505854505,-0.41335829602855484
pyocyanin_experimental,745,1.8575890506786985,-0.41851792934277887
pyocyanin_experimental,746,1.8345718639265356,-0.42448392205472246
pyocyanin_experimental,747,1.8098757612525187,-0.43088508524434427
pyocyanin_experimental,748,1.7828694185321183,-0.4378850564215786
pyocyanin_experimental,749,1.7606406399888057,-0.44364669585270278
pyocyanin_experimental,750,1.7420430363166768,-0.44846714455315528
pyocyanin_experimental,751,1.7277064758095786,-0.45218314236038731
pyocyanin_experimental,752,1.7159264246767194,-0.45523649983459541
pyocyanin_experimental,753,1.7118493616020063,-0.45629326358473477
pyocyanin_experimental,754,1.7120649764888449,-0.45623737678773751
pyocyanin_experimental,755,1.7145217114290683,-0.45560059771884576
pyocyanin_experimental,756,1.7265874801687573,-0.45247318301173706
pyocyanin_experimental,757,1.7138866691015273,-0.45576519897696993
pyocyanin_experimental,758,1.688919502402473,-0.46223662123062315
pyocyanin_experimental,759,1.6341209352054766,-0.47644026201619877
pyocyanin_experimental,760,1.5950556508472991,-0.48656587833414394
pyocyanin_experimental,761,1.5604563654752217,-0.49553391976296335
pyocyanin_experimental,762,1.5308475845146339,-0.50320843591137154
pyocyanin_experimental,763,1.5234194588040348,-0.50513378605646131
pyocyanin_experimental,764,1.4899383554646841,-0.51381199771895414
pyocyanin_experimental,765,1.4436156451851871,-0.52581871925711021
pyocyanin_experimental,766,1.384026886311563,-0.54126396480261119
pyocyanin_experimental,767,1.2984142591454144,-0.56345452680409425
pyocyanin_experimental,768,1.2262801432897461,-0.58215149503532149
pyocyanin_experimental,769,1.156784578324427,-0.60016455799387503
pyocyanin_experimental,770,1.0913521265788524,-0.6171244729670643
pyocyanin_experimental,771,1.0351033002473258,-0.63170401700789869
pyocyanin_experimental,772,0.97445126567547957,-0.64742486074594519
pyocyanin_experimental,773,0.91373170324697606,-0.6631632075222651
pyocyanin_experimental,774,0.85219926414133496,-0.6791122497403751
pyocyanin_experimental,775,0.79275419742818998,-0.69452025066552281
pyocyanin_experimental,776,0.72422553000569534,-0.71228269638940744
pyocyanin_experimental,777,0.65136857960698313,-0.73116702138417722
pyocyanin_experimental,778,0.56850036237738599,-0.75264623973379063
pyocyanin_experimental,779,0.49339587844466742,-0.77211311935733018
pyocyanin_experimental,780,0.42382786372829157,-0.79014496109590771
pyocyanin_experimental,781,0.36166463331486048,-0.80625750271929053
pyocyanin_experimental,782,0.30758610584056539,-0.82027451115121663
pyocyanin_experimental,783,0.26343173064759212,-0.8317192060845342
pyocyanin_experimental,784,0.22871069664895394,-0.84071880442891289
pyocyanin_experimental,785,0.20262121269967415,-0.84748112828611266
pyocyanin_experimental,786,0.19212182372855074,-0.85020254158288311
pyocyanin_experimental,787,0.17477065107930542,-0.85469991872474183
pyocyanin_experimental,788,0.15625237647389195,-0.85949980554511041
pyocyanin_experimental,789,0.13646493820679945,-0.86462865616272178
pyocyanin_experimental,790,0.10681442481454917,-0.87231398924483394
pyocyanin_experimental,791,0.094231508762197783,-0.87557544714025948
pyocyanin_experimental,792,0.089928867703776241,-0.87669068009522699
pyocyanin_experimental,793,0.09384669591381041,-0.87567518959243928
pyocyanin_experimental,794,0.10905225030326773,-0.87173395091521311
pyocyanin_experimental,795,0.12185287431487464,-0.86841606370406632
pyocyanin_experimental,796,0.13493165453761174,-0.86502607915338581
pyocyanin_experimental,797,0.1462854924102239,-0.86208319500642427
pyocyanin_experimental,798,0.15950641394953349,-0.85865636780994736
pyocyanin_experimental,799,0.15590670700318512,-0.85958940213939372
pyocyanin_experimental,800,0.1426386572478103,-0.86302844484233543
pyocyanin_experimental,801,0.10886303266660002,-0.87178299561617867
pyocyanin_experimental,802,0.086156557036973599,-0.87766845284337647
pyocyanin_experimental,803,0.068028215165259781,-0.88236727015110428
pyocyanin_experimental,804,0.056142211395297542,-0.88544809026301763
pyocyanin_experimental,805,0.055799200356401894,-0.88553699779894723
pyocyanin_experimental,806,0.055209578574956529,-0.88568982617405589
pyocyanin_experimental,807,0.057714515488117013,-0.88504055328381492
pyocyanin_experimental,808,0.062640456799904778,-0.88376376258467237
pyocyanin_experimental,809,0.071715159052273325,-0.88141162424197939
pyocyanin_experimental,810,0.077447061653615992,-0.87992593055085233
pyocyanin_experimental,811,0.081792192460560506,-0.87879968436769373
pyocyanin_experimental,812,0.084709648494352766,-0.87804348763425122
pyocyanin_experimental,813,0.08190986672890356,-0.87876918351479294
pyocyanin_experimental,814,0.087954166161776218,-0.8772025174076965
pyocyanin_experimental,815,0.097238809599624262,-0.87479596287609229
pyocyanin_experimental,816,0.11687222138843133,-0.86970703550613027
pyocyanin_experimental,817,0.12800237077854856,-0.86682213081037962
pyocyanin_experimental,818,0.13423526123406221,-0.86520658241898285
pyocyanin_experimental,819,0.13499239811686167,-0.86501033458151411
pyocyanin_experimental,820,0.12424192463413836,-0.86779682830633231
pyocyanin_experimental,821,0.11844588045439168,-0.86929914732154479
pyocyanin_experimental,822,0.11388222366847464,-0.87048203484892839
pyocyanin_experimental,823,0.11140244064658503,-0.87112478791841053
pyocyanin_experimental,824,0.11323770154810567,-0.8706490932437797
pyocyanin_experimental,825,0.11503120217004849,-0.8701842227209573
pyocyanin_experimental,826,0.11825227458203236,-0.86934932944136345
pyocyanin_experimental,827,0.12276604347564284,-0.86817937272108148
pyocyanin_experimental,828,0.12651023739170894,-0.86720888775887151
pyocyanin_experimental,829,0.134330980908234,-0.86518177213766356
pyocyanin_experimental,830,0.14345121108705169,-0.86281783307925708
pyocyanin_experimental,831,0.1526748634613363,-0.86042708726679096
pyocyanin_experimental,832,0.16833056222900952,-0.85636917238110033
pyocyanin_experimental,833,0.16499213841481733,-0.85723448282756398
pyocyanin_experimental,834,0.15230072371495029,-0.86052406327972519
pyocyanin_experimental,835,0.11665791721782341,-0.8697625825690164
pyocyanin_experimental,836,0.095833613141207738,-0.87516018600726952
pyocyanin_experimental,837,0.082149581818955833,-0.8787070500101386
pyocyanin_experimental,838,0.076953280727755105,-0.88005391723474657
pyocyanin_experimental,839,0.091296371487674138,-0.87633622680360024
pyocyanin_experimental,840,0.09614017498183125,-0.87508072600520181
pyocyanin_experimental,841,0.099202951406162074,-0.87428686261856725
pyocyanin_experimental,842,0.099723299707045659,-0.87415198974273889
pyocyanin_experimental,843,0.092262423701149954,-0.87608582867601803
pyocyanin_experimental,844,0.092002703832309227,-0.87615314736536676
pyocyanin_experimental,845,0.093922214867868795,-0.87565561528327729
pyocyanin_experimental,846,0.098015756363339313,-0.87459458037093207
pyocyanin_experimental,847,0.10657111849555191,-0.87237705358634265
pyocyanin_experimental,848,0.11118036560731388,-0.87118234916949056
pyocyanin_experimental,849,0.11441842056606086,-0.87034305405959
pyocyanin_experimental,850,0.11371835955878079,-0.87052450798409953
pyocyanin_experimental,851,0.11432931422424562,-0.87036615018300345
pyocyanin_experimental,852,0.1146649707144503,-0.8702791489262538
pyocyanin_experimental,853,0.11436563301773302,-0.8703567364497099
pyocyanin_experimental,854,0.11851633156371556,-0.86928088658406633
pyocyanin_experimental,855,0.11287283915450515,-0.87074366459189978
pyocyanin_experimental,856,0.10160420389141082,-0.87366446445232815
pyocyanin_experimental,857,0.085361939879626966,-0.87787441546689604
pyocyanin_experimental,858,0.057065952948745259,-0.88520865894437173
pyocyanin_experimental,859,0.041732398619800992,-0.88918307486060344
pyocyanin_experimental,860,0.032680047969573488,-0.89152941972832012
pyocyanin_experimental,861,0.030548176468460933,-0.89208199507018904
pyocyanin_experimental,862,0.040732737631996807,-0.88944218429182409
pyocyanin_experimental,863,0.045989497237863414,-0.88807964638331571
pyocyanin_experimental,864,0.051866673378056005,-0.886556298182828
pyocyanin_experimental,865,0.05555827093636978,-0.88559944605465646
pyocyanin_experimental,866,0.062862079831443249,-0.88370631849277737
pyocyanin_experimental,867,0.072366915806420781,-0.88124269064956984
pyocyanin_experimental,868,0.08413262574642022,-0.87819305037386231
pyocyanin_experimental,869,0.096968419215654383,-0.87486604733417639
pyocyanin_experimental,870,0.11344848936646651,-0.87059445760990972
pyocyanin_experimental,871,0.13203755769781644,-0.86577622124676101
pyocyanin_experimental,872,0.15179490685492616,-0.86065516964528477
pyocyanin_experimental,873,0.17817396698292953,-0.85381778842375899
pyocyanin_experimental,874,0.19205294785622484,-0.85022039402318128
pyocyanin_experimental,875,0.19899303974270327,-0.8484215409287188
pyocyanin_experimental,876,0.19937812794588361,-0.84832172710531939
pyocyanin_experimental,877,0.18613194742487882,-0.85175510136170973
pyocyanin_experimental,878,0.18580139304278676,-0.85184078016580067
pyocyanin_experimental,879,0.1899804645475405,-0.85075757610578628
pyocyanin_experimental,880,0.2064016572235598,-0.84650124726415021
pyocyanin_experimental,881,0.21745293967358853,-0.84363678466650871
pyocyanin_experimental,882,0.22677329373132474,-0.84122097403856722
pyocyanin_experimental,883,0.23385631471590443,-0.83938507410746144
pyocyanin_experimental,884,0.23481826950913393,-0.83913573802015318
pyocyanin_experimental,885,0.2401486665945925,-0.83775411347558881
pyocyanin_experimental,886,0.24730822551165196,-0.83589837511886311
pyocyanin_experimental,887,0.25667701792712511,-0.83347000939926996
pyocyanin_experimental,888,0.26773395870004346,-0.83060408017960008
pyocyanin_experimental,889,0.28202144510190807,-0.82690080224805584
pyocyanin_experimental,890,0.29828082471755502,-0.82268641491513994
pyocyanin_experimental,891,0.31545607519384733,-0.81823463632591953
pyocyanin_experimental,892,0.33589296428102577,-0.81293744980778659
pyocyanin_experimental,893,0.34674827318435747,-0.81012378302476462
pyocyanin_experimental,894,0.3513242632200137,-0.80893769875232047
pyocyanin_experimental,895,0.3487257245427775,-0.80961123296729731
pyocyanin_experimental,896,0.33951981305373286,-0.81199738039016933
pyocyanin_experimental,897,0.32396203484121827,-0.81602991453212637
pyocyanin_experimental,898,0.30304106182293711,-0.8214525742992721
pyocyanin_experimental,899,0.2718943350085965,-0.82952572186400619
pyocyanin_experimental,900,0.24828171355769149,-0.83564604964354017
pyocyanin_experimental,901,0.22810145647359351,-0.84087671783879925
pyocyanin_experimental,902,0.21174927887056963,-0.84511515815969906
pyocyanin_experimental,903,0.20657815084145759,-0.84645550059452379
pyocyanin_experimental,904,0.19019636252780975,-0.85070161593173554
pyocyanin_experimental,905,0.17021868262616074,-0.85587977666780291
pyocyanin_experimental,906,0.14715195152446933,-0.86185861114148687
pyocyanin_experimental,907,0.11605934811505415,-0.86991773006567485
pyocyanin_experimental,908,0.098540921564637854,-0.87445845896751084
pyocyanin_experimental,909,0.087394579098681313,-0.87734756086483434
pyocyanin_experimental,910,0.088552912112664181,-0.87704732407248287
pyocyanin_experimental,911,0.087685893980807131,-0.87727205283327703
pyocyanin_experimental,912,0.088262345185688762,-0.87712263823608294
pyocyanin_experimental,913,0.089926047447459398,-0.87669141109805604
pyocyanin_experimental,914,0.091374421207506051,-0.87631599652677716
pyocyanin_experimental,915,0.09686874829356322,-0.87489188176829691
pyocyanin_experimental,916,0.1056348987381638,-0.87261971922178694
pyocyanin_experimental,917,0.11847386547318317,-0.86929189368017012
pyocyanin_experimental,918,0.13030115366925721,-0.86622629248660976
pyocyanin_experimental,919,0.15841961680829736,-0.85893806269706752
pyocyanin_experimental,920,0.19537806710913774,-0.84935853208310907
pyocyanin_experimental,921,0.2532347362854967,-0.83436223951442434
pyocyanin_experimental,922,0.2954893611221972,-0.82340995474843415
pyocyanin_experimental,923,0.32786755348844243,-0.81501761463481115
pyocyanin_experimental,924,0.3483729118976201,-0.80970268105312793
pyocyanin_experimental,925,0.34525167426971065,-0.81051169742601725
pyocyanin_experimental,926,0.34868863057831745,-0.80962084762281572
pyocyanin_experimental,927,0.35027924390826248,-0.8092085649387436
pyocyanin_experimental,928,0.35042165030045275,-0.80917165358606225
pyocyanin_experimental,929,0.35470463975609429,-0.80806151427352058
pyocyanin_experimental,930,0.34536403825481732,-0.81048257298420567
pyocyanin_experimental,931,0.32795672560009842,-0.81499450146403252
pyocyanin_experimental,932,0.30241027743151866,-0.82161607191184016
pyocyanin_experimental,933,0.26886279684698555,-0.83031148837721624
pyocyanin_experimental,934,0.22971604314392741,-0.84045822132957193
pyocyanin_experimental,935,0.18605101328118573,-0.85177607927341625
pyocyanin_experimental,936,0.13243258479378789,-0.86567383128916275
pyocyanin_experimental,937,0.089543857841724223,-0.87679047361281715
pyocyanin_experimental,938,0.053394502901205919,-0.88616028889210308
pyocyanin_experimental,939,0.024620043558599421,-0.89361855112790722
pyocyanin_experimental,940,0.012539230004380309,-0.89674986541035528
pyocyanin_experimental,941,-0.010353672538280496,-0.90268364399048151
pyocyanin_experimental,942,-0.035311436289816041,-0.90915262902550453
pyocyanin_experimental,943,-0.061899550366099718,-0.91604419646645285
pyocyanin_experimental,944,-0.097518100916503564,-0.92527642867978954
pyocyanin_experimental,945,-0.11327306568619051,-0.92936007304540891
pyocyanin_experimental,946,-0.11930780149862905,-0.93092426028788899
pyocyanin_experimental,947,-0.10710770792171882,-0.9277620289453451
pyocyanin_experimental,948,-0.099719023380598737,-0.92584690184498253
pyocyanin_experimental,949,-0.092550452980344478,-0.92398882773612323
pyocyanin_experimental,950,-0.086800547227694522,-0.92249846767674515
pyocyanin_experimental,951,-0.085787853320022311,-0.92223598014785391
pyocyanin_experimental,952,-0.081888805456979311,-0.92122535746034206
pyocyanin_experimental,953,-0.077444786115458852,-0.92007347963579611
pyocyanin_experimental,954,-0.072089061273349603,-0.91868529020503542
pyocyanin_experimental,955,-0.066504736231953243,-0.91723784821932164
pyocyanin_experimental,956,-0.057181472239870079,-0.91482128334424773
pyocyanin_experimental,957,-0.04533976194807051,-0.91175194398238213
pyocyanin_experimental,958,-0.029150625193356705,-0.90755576340952371
pyocyanin_experimental,959,-0.013578005866678674,-0.90351938249081287
pyocyanin_experimental,960,0.0022012898811981118,-0.89942943160128508
pyocyanin_experimental,961,0.017885950513894626,-0.89536400987831188
pyocyanin_experimental,962,0.032773936224877287,-0.89150508414583085
pyocyanin_experimental,963,0.048555493807398001,-0.88741454699486511
pyocyanin_experimental,964,0.064612996517644961,-0.88325248561121905
pyocyanin_experimental,965,0.081096427262095316,-0.87898002483014737
pyocyanin_experimental,966,0.096959525108825328,-0.87486835266267249
pyocyanin_experimental,967,0.11599069948215701,-0.86993552360612614
pyocyanin_experimental,968,0.13648414128677169,-0.86462367877619772
pyocyanin_experimental,969,0.16099799973250672,-0.85826975279890039
pyocyanin_experimental,970,0.18123771655650073,-0.85302367279946678
pyocyanin_experimental,971,0.19839422689426489,-0.84857675160359702
pyocyanin_experimental,972,0.21191355259865038,-0.84507257885254705
pyocyanin_experimental,973,0.22292461111356895,-0.84221854219037262
pyocyanin_experimental,974,0.228783606959437,-0.84069990627312829
pyocyanin_experimental,975,0.23150060346917292,-0.83999566810753501
pyocyanin_experimental,976,0.23290249857055906,-0.83963230067919392
pyocyanin_experimental,977,0.22631608151295857,-0.8413394822121314
pyocyanin_experimental,978,0.24050921554086954,-0.83766066016137852
pyocyanin_experimental,979,0.26639174416289241,-0.83095197856669356
pyocyanin_experimental,980,0.31789675098165737,-0.8176020197460101
pyocyanin_experimental,981,0.35815080685939965,-0.80716827705718153
pyocyanin_experimental,982,0.3943567717996162,-0.79778378861869237
pyocyanin_experimental,983,0.42558842612385811,-0.78968862807250351
pyocyanin_experimental,984,0.44148942975664962,-0.78556713082754126
pyocyanin_experimental,985,0.47220367441262973,-0.77760608147153287
pyocyanin_experimental,986,0.51010353729409175,-0.76778253925635676
pyocyanin_experimental,987,0.55628692839570726,-0.75581192887326176
pyocyanin_experimental,988,0.61598365366797969,-0.74033869872849567
pyocyanin_experimental,989,0.67340301375874767,-0.72545575549505315
pyocyanin_experimental,990,0.73404455045495554,-0.70973763277805157
pyocyanin_experimental,991,0.79885814892254026,-0.69293812290501666
pyocyanin_experimental,992,0.86725180391829304,-0.67521067203791607
pyocyanin_experimental,993,0.94093743799038887,-0.65611155447057234
pyocyanin_experimental,994,1.0217632056171262,-0.63516173354803707
pyocyanin_experimental,995,1.0878481709066046,-0.61803268882457518
pyocyanin_experimental,996,1.2049481090882876,-0.58768070075221357
pyocyanin_experimental,997,1.3499375664334041,-0.55009982455115747
pyocyanin_experimental,998,1.5162280196872402,-0.50699778767495407
pyocyanin_experimental,999,1.7264232942366335,-0.45251573956241375
pyocyanin_experimental,1000,1.8642065437192845,-0.41680269299888623
pyocyanin_experimental,1001,1.958421130848127,-0.39238252618086134
pyocyanin_experimental,1002,1.9995170054017917,-0.38173058636223545
pyocyanin_experimental,1003,1.9921717929001963,-0.38363444562722915
pyocyanin_experimental,1004,1.9362125700549351,-0.39813892522569638
pyocyanin_experimental,1005,1.8372711605767349,-0.42378427164497162
pyocyanin_experimental,1006,1.6838676839312197,-0.46354603894991619
pyocyanin_experimental,1007,1.5432875593801754,-0.49998402798594999
pyocyanin_experimental,1008,1.4081785180012698,-0.53500392702328536
pyocyanin_experimental,1009,1.2890299550090685,-0.56588691311989114
pyocyanin_experimental,1010,1.1857150839177861,-0.59266584899084696
pyocyanin_experimental,1011,1.1330520900547645,-0.60631595492946233
pyocyanin_experimental,1012,1.1235592344137737,-0.60877647750242025
pyocyanin_experimental,1013,1.1808394962025452,-0.59392958817360508
pyocyanin_experimental,1014,1.2375667946320097,-0.57922602545577495
pyocyanin_experimental,1015,1.3054450295273374,-0.56163217008823896
pyocyanin_experimental,1016,1.3784468615427772,-0.54271029216926525
pyocyanin_experimental,1017,1.4478687124538556,-0.52471633569470999
pyocyanin_experimental,1018,1.5267942289785488,-0.50425905473145516
pyocyanin_experimental,1019,1.6092181060141455,-0.48289500816141556
pyocyanin_experimental,1020,1.6877422547863938,-0.46254176063681146
pyocyanin_experimental,1021,1.7783711879765693,-0.43905098564655326
pyocyanin_experimental,1022,1.8770232307887791,-0.41348064228646886
pyocyanin_experimental,1023,1.9824043530569302,-0.38616613968466207
pyocyanin_experimental,1024,2.1006198387045192,-0.3555250047185865
pyocyanin_experimental,1025,2.2062155622353359,-0.32815487804843357
pyocyanin_experimental,1026,2.3025102519300273,-0.30319555425690137
pyocyanin_experimental,1027,2.3866315604160464,-0.28139153803412864
pyocyanin_experimental,1028,2.4561390173302118,-0.26337539271451527
pyocyanin_experimental,1029,2.5110057016005509,-0.24915409616729089
pyocyanin_experimental,1030,2.5503375165152145,-0.23895939584813275
pyocyanin_experimental,1031,2.5751132395448018,-0.23253759527714157
pyocyanin_experimental,1032,2.5847442936883342,-0.23004125202514747
pyocyanin_experimental,1033,2.5815059234866111,-0.23088062884517702
pyocyanin_experimental,1034,2.5681298285188205,-0.23434767657569966
pyocyanin_experimental,1035,2.5361926370808008,-0.24262571043842918
pyocyanin_experimental,1036,2.5210061838537907,-0.24656199814587898
pyocyanin_experimental,1037,2.5147783605070848,-0.24817623315634252
pyocyanin_experimental,1038,2.518175671945039,-0.24729565919666296
pyocyanin_experimental,1039,2.5412654512011725,-0.24131085070352531
pyocyanin_experimental,1040,2.5468737459612201,-0.23985719583140108
pyocyanin_experimental,1041,2.5468247945858837,-0.23986988389583053
pyocyanin_experimental,1042,2.5287350084991425,-0.24455870764810661
pyocyanin_experimental,1043,2.5218910865900912,-0.24633263374386094
pyocyanin_experimental,1044,2.5179121660429922,-0.24736395921560494
pyocyanin_experimental,1045,2.5153964908826492,-0.24801601543054674
pyocyanin_experimental,1046,2.5283176575978725,-0.2446668838758147
pyocyanin_experimental,1047,2.5062977976977492,-0.25037437215823088
pyocyanin_experimental,1048,2.464104588339656,-0.26131073819784867
pyocyanin_experimental,1049,2.3845038382898642,-0.28194303786920949
pyocyanin_experimental,1050,2.3119596874199067,-0.30074628606997555
pyocyanin_experimental,1051,2.2410058005400559,-0.31913734213461309
pyocyanin_experimental,1052,2.1750362228123277,-0.33623647871335427
pyocyanin_experimental,1053,2.1201530119448662,-0.3504620589099684
pyocyanin_experimental,1054,2.0655110408813844,-0.36462511040019163
pyocyanin_experimental,1055,2.013994870585881,-0.3779779627639297
pyocyanin_experimental,1056,1.9643221777801734,-0.39085299073552215
pyocyanin_experimental,1057,1.9212956996593253,-0.40200533779050956
pyocyanin_experimental,1058,1.8638641595315641,-0.41689143805668233
pyocyanin_experimental,1059,1.7987279585064599,-0.43377456564233086
pyocyanin_experimental,1060,1.7150903756045914,-0.45545320149865409
pyocyanin_experimental,1061,1.6422688509969139,-0.47432834422395698
pyocyanin_experimental,1062,1.5742309871641154,-0.49196357498144927
pyocyanin_experimental,1063,1.511427799505356,-0.50824199179638763
pyocyanin_experimental,1064,1.4631290205975456,-0.5207609049920976
pyocyanin_experimental,1065,1.3994857082066168,-0.53725707987118232
pyocyanin_experimental,1066,1.3289038703300391,-0.55555170183786018
pyocyanin_experimental,1067,1.2425042144743568,-0.57794625955247747
pyocyanin_experimental,1068,1.160823871363978,-0.5991175841349563
pyocyanin_experimental,1069,1.0806343661740516,-0.61990248755033606
pyocyanin_experimental,1070,1.0026443608020061,-0.64011728654658362
pyocyanin_experimental,1071,0.9330941705237118,-0.65814450823889603
pyocyanin_experimental,1072,0.85471261555180877,-0.67846079583513053
pyocyanin_experimental,1073,0.77207380102341383,-0.69988055362345947
pyocyanin_experimental,1074,0.68523066902983643,-0.72239005915663912
pyocyanin_experimental,1075,0.59445086025728555,-0.74591994069082701
pyocyanin_experimental,1076,0.50223711669642401,-0.76982149425377233
pyocyanin_experimental,1077,0.41047451188322148,-0.79360611387037616
pyocyanin_experimental,1078,0.31226023279616349,-0.81906299005387073
pyocyanin_experimental,1079,0.23451049341637209,-0.83921551275309947
pyocyanin_experimental,1080,0.17261472993428034,-0.85525872766943345
pyocyanin_experimental,1081,0.12668238697203732,-0.86716426705206395
pyocyanin_experimental,1082,0.10549257495410659,-0.87265660916266308
pyocyanin_experimental,1083,0.078741639414718789,-0.87959037948759922
pyocyanin_experimental,1084,0.053760912368709904,-0.88606531654660092
pyocyanin_experimental,1085,0.024796171491425646,-0.89357289924286476
pyocyanin_experimental,1086,0.00072519566864552229,-0.89981203123907116
pyocyanin_experimental,1087,-0.02101587034512329,-0.90544725689825567
pyocyanin_experimental,1088,-0.040527264939403299,-0.91050455774056605
pyocyanin_experimental,1089,-0.056400647741482034,-0.9146188957407213
pyocyanin_experimental,1090,-0.072918526269036318,-0.91890028529424261
pyocyanin_experimental,1091,-0.08896188279469161,-0.92305868002500513
pyocyanin_experimental,1092,-0.10448837682175999,-0.92708310539049088
pyocyanin_experimental,1093,-0.12079151073792768,-0.93130883372006423
pyocyanin_experimental,1094,-0.13229146720952428,-0.93428959141369372
pyocyanin_experimental,1095,-0.14067341981331649,-0.93646217091632911
pyocyanin_experimental,1096,-0.14545159799760735,-0.93770066181144984
pyocyanin_experimental,1097,-0.14761382729101605,-0.93826110581118471
pyocyanin_experimental,1098,-0.14714460449134023,-0.93813948452734641
pyocyanin_experimental,1099,-0.14446315894580719,-0.93744446107576751
pyocyanin_experimental,1100,-0.13930812630307879,-0.93610829052167244
pyocyanin_experimental,1101,-0.1344452801078668,-0.93484785390653258
pyocyanin_experimental,1102,-0.12968907660041482,-0.9336150587883667
pyocyanin_experimental,1103,-0.12471229727782672,-0.9323250910139721
pyocyanin_experimental,1104,-0.12170670915649492,-0.93154605068119622
pyocyanin_experimental,1105,-0.12044824687590409,-0.93121986065306195
pyocyanin_experimental,1106,-0.12095283634972843,-0.93135064888342967
pyocyanin_experimental,1107,-0.12421159387985983,-0.93219531004398304
pyocyanin_experimental,1108,-0.12630859909644987,-0.93273884813896368
pyocyanin_experimental,1109,-0.12797320029774495,-0.93317030827969027
pyocyanin_experimental,1110,-0.12813148994562398,-0.93321133652939736
pyocyanin_experimental,1111,-0.12764971453008306,-0.93308646164139042
pyocyanin_experimental,1112,-0.12583863788289124,-0.932617035460239
pyocyanin_experimental,1113,-0.12231878743062556,-0.93170469971862735
pyocyanin_experimental,1114,-0.1197768194628569,-0.9310458284789318
pyocyanin_experimental,1115,-0.10933890877379013,-0.92834035018701844
pyocyanin_experimental,1116,-0.093659931737111679,-0.92427640163680025
pyocyanin_experimental,1117,-0.073365840768578744,-0.91901622800578897
pyocyanin_experimental,1118,-0.045285443718387143,-0.91173786484378427
pyocyanin_experimental,1119,-0.024880890800945115,-0.90644905977361268
pyocyanin_experimental,1120,-0.0080350562684908967,-0.90208266490835898
pyocyanin_experimental,1121,0.0023367226041264102,-0.89939432780486339
pyocyanin_experimental,1122,0.012093450457166493,-0.89686541026639899
pyocyanin_experimental,1123,0.01965956336974866,-0.89490429421080786
pyocyanin_experimental,1124,0.025397569033942958,-0.89341701862225409
pyocyanin_experimental,1125,0.030144655052591767,-0.89218658673258944
pyocyanin_experimental,1126,0.033382148298875043,-0.89134743721704413
pyocyanin_experimental,1127,0.036022408069047905,-0.89066308900733049
pyocyanin_experimental,1128,0.034149908271032869,-0.89114843590347204
pyocyanin_experimental,1129,0.039826649803754437,-0.88967703981252177
pyocyanin_experimental,1130,0.050064029496213282,-0.88702353861395022
pyocyanin_experimental,1131,0.064091673979196059,-0.88338761100679619
pyocyanin_experimental,1132,0.090547145479655325,-0.87653042416366722
pyocyanin_experimental,1133,0.098099201462221633,-0.87457295162641435
pyocyanin_experimental,1134,0.096261713676317667,-0.87504922350346981
pyocyanin_experimental,1135,0.073250757064372396,-0.88101360137987628
pyocyanin_experimental,1136,0.061889016203564975,-0.88395853396005786
pyocyanin_experimental,1137,0.057349546855457234,-0.88513515216881256
pyocyanin_experimental,1138,0.061525664160553911,-0.88405271382937967
pyocyanin_experimental,1139,0.080943487778004697,-0.87901966633183382
pyocyanin_experimental,1140,0.099301955059528851,-0.87426120113869998
pyocyanin_experimental,1141,0.12115167777558954,-0.86859781195540819
pyocyanin_experimental,1142,0.14538268250725511,-0.86231720089773389
pyocyanin_experimental,1143,0.17219918393644568,-0.85536643607104013
pyocyanin_experimental,1144,0.20112754165926167,-0.84786828379026236
pyocyanin_experimental,1145,0.23197332513791527,-0.83987313992627366
pyocyanin_experimental,1146,0.26522599311307476,-0.83125413809392157
pyocyanin_experimental,1147,0.29920213106491267,-0.82244761479534312
pyocyanin_experimental,1148,0.33446444556625282,-0.8133077180048941
pyocyanin_experimental,1149,0.3688664124310061,-0.80439082100086046
pyocyanin_experimental,1150,0.40849415061381567,-0.79411941816892084
pyocyanin_experimental,1151,0.4526981694001731,-0.78266185575012326
pyocyanin_experimental,1152,0.50160905160855473,-0.76998428703019628
pyocyanin_experimental,1153,0.55708880758855206,-0.755604083949732
pyocyanin_experimental,1154,0.61269928148339348,-0.74118999913838224
pyocyanin_experimental,1155,0.66961541536518521,-0.72643749078073649
pyocyanin_experimental,1156,0.72737719718131433,-0.71146579275984256
pyocyanin_experimental,1157,0.7858026389818179,-0.69632207586137607
pyocyanin_experimental,1158,0.84428923805985423,-0.68116250716155902
pyocyanin_experimental,1159,0.90311249773505675,-0.66591567694317677
pyocyanin_experimental,1160,0.9583087393369949,-0.65160896002465951
pyocyanin_experimental,1161,1.0212018799200819,-0.63530722765440428
pyocyanin_experimental,1162,1.0884243644739815,-0.61788334100632736
pyocyanin_experimental,1163,1.1590362069055513,-0.59958094193993972
pyocyanin_experimental,1164,1.2397121122335606,-0.57866996492094636
pyocyanin_experimental,1165,1.3027875152566826,-0.56232099061792962
pyocyanin_experimental,1166,1.3574950796374534,-0.54814093751681825
pyocyanin_experimental,1167,1.3871694268151988,-0.54044942678180297
pyocyanin_experimental,1168,1.4388404366645851,-0.52705644042341415
pyocyanin_experimental,1169,1.5008009606418924,-0.51099643976142683
pyocyanin_experimental,1170,1.5716336153181696,-0.49263680675690352
pyocyanin_experimental,1171,1.6640331952523593,-0.46868708490732841
pyocyanin_experimental,1172,1.7211558404359639,-0.45388104937736506
pyocyanin_experimental,1173,1.7573380988502458,-0.44450270560644434
pyocyanin_experimental,1174,1.7630370735699645,-0.44302554673340361
pyocyanin_experimental,1175,1.7559649113187838,-0.4448586321101064
pyocyanin_experimental,1176,1.7321698181725163,-0.45102625606081842
pyocyanin_experimental,1177,1.6933088770014151,-0.46109890717593666
pyocyanin_experimental,1178,1.6409696203111617,-0.47466510131272688
pyocyanin_experimental,1179,1.5787457557217939,-0.49079335915093769
pyocyanin_experimental,1180,1.5087695164820634,-0.50893101158468812
pyocyanin_experimental,1181,1.430147775140443,-0.52930955483999464
pyocyanin_experimental,1182,1.3548248365127928,-0.54883305733112819
pyocyanin_experimental,1183,1.2828715707101854,-0.56748314971648706
pyocyanin_experimental,1184,1.2161403004358959,-0.58477971494845393
pyocyanin_experimental,1185,1.1581145815035132,-0.59981982475784901
pyocyanin_experimental,1186,1.1021890662223777,-0.61431556744662885
pyocyanin_experimental,1187,1.0512227051239518,-0.62752591074972264
pyocyanin_experimental,1188,1.0073629072445422,-0.63889425203805528
pyocyanin_experimental,1189,0.9660867425913241,-0.64959292256411094
pyocyanin_experimental,1190,0.92920199913633561,-0.65915334856246599
pyocyanin_experimental,1191,0.89789512932491056,-0.66726800476002135
pyocyanin_experimental,1192,0.86659088461201161,-0.67538198053912057
pyocyanin_experimental,1193,0.85744242075532739,-0.6777532376906632
pyocyanin_experimental,1194,0.86306388304345272,-0.67629616983078367
pyocyanin_experimental,1195,0.89601796188020377,-0.66775456149759338
pyocyanin_experimental,1196,0.91713694823664438,-0.66228057720738376
pyocyanin_experimental,1197,0.93315910987387829,-0.65812767613452183
pyocyanin_experimental,1198,0.9433600713811171,-0.65548361443131287
pyocyanin_experimental,1199,0.93346398082847537,-0.6580486544055506
pyocyanin_experimental,1200,0.94962588470426967,-0.65385953252144113
pyocyanin_experimental,1201,0.9770748264194522,-0.64674484087877304
pyocyanin_experimental,1202,1.0283352519248445,-0.63345827687470069
pyocyanin_experimental,1203,1.0652665532292407,-0.62388578320737986
pyocyanin_experimental,1204,1.0932214679818528,-0.61663994471839001
pyocyanin_experimental,1205,1.1094290299357528,-0.61243898838360877
pyocyanin_experimental,1206,1.1101987616541158,-0.61223947599873951
pyocyanin_experimental,1207,1.1028233797796232,-0.61415115508379925
pyocyanin_experimental,1208,1.0857871372513248,-0.61856690318790586
pyocyanin_experimental,1209,1.0543288009834213,-0.62672081908236454
pyocyanin_experimental,1210,1.0267645282827065,-0.63386540420535042
pyocyanin_experimental,1211,1.0008657458717625,-0.64057829873827521
pyocyanin_experimental,1212,0.97779531624939442,-0.64655809185854096
pyocyanin_experimental,1213,0.96306349580352968,-0.65037653997559564
pyocyanin_experimental,1214,0.94021356198206529,-0.6562991811791058
pyocyanin_experimental,1215,0.91472445133253244,-0.66290588989665777
pyocyanin_experimental,1216,0.88023304983380146,-0.67184596811654773
pyocyanin_experimental,1217,0.85378544230257747,-0.67870111664006572
pyocyanin_experimental,1218,0.83120453791288118,-0.6845540261406311
pyocyanin_experimental,1219,0.81180715095373712,-0.68958177651147645
pyocyanin_experimental,1220,0.80334715362702802,-0.69177458499574818
pyocyanin_experimental,1221,0.77438710858620308,-0.69928095054386996
pyocyanin_experimental,1222,0.73464166222361083,-0.70958286301846407
pyocyanin_experimental,1223,0.67286234196644812,-0.72559589616502917
pyocyanin_experimental,1224,0.62200583114763242,-0.73877776657199468
pyocyanin_experimental,1225,0.5761269701085252,-0.75066944358442833
pyocyanin_experimental,1226,0.53657593388822755,-0.7609209654746063
pyocyanin_experimental,1227,0.50914385252838668,-0.76803128695865452
pyocyanin_experimental,1228,0.47431397875230452,-0.77705909627972614
pyocyanin_experimental,1229,0.43783506502718239,-0.78651433230691992
pyocyanin_experimental,1230,0.39899378777530409,-0.79658188658722362
pyocyanin_experimental,1231,0.35842115196609714,-0.80709820433484436
pyocyanin_experimental,1232,0.31653193248222611,-0.81795577701914712
pyocyanin_experimental,1233,0.27444216286482753,-0.8288653317570297
pyocyanin_experimental,1234,0.2284709118917459,-0.84078095599110614
pyocyanin_experimental,1235,0.19531800352518913,-0.84937410040203309
pyocyanin_experimental,1236,0.16921738683664148,-0.85613930983521791
pyocyanin_experimental,1237,0.16095994622842488,-0.85827961616450021
pyocyanin_experimental,1238,0.13833352716236536,-0.86414432294639254
pyocyanin_experimental,1239,0.10925128208006089,-0.87168236241560282
pyocyanin_experimental,1240,0.05838055977917956,-0.88486791640038098
pyocyanin_experimental,1241,0.024354545253978645,-0.89368736757222156
pyocyanin_experimental,1242,0.0037107093994710118,-0.8990381941341592
pyocyanin_experimental,1243,-0.0021980458386676172,-0.90056972755164255
pyocyanin_experimental,1244,0.019951684079559447,-0.8948285773108885
pyocyanin_experimental,1245,0.029753503398213484,-0.89228797218618172
pyocyanin_experimental,1246,0.035993029737856223,-0.89067070379152047
pyocyanin_experimental,1247,0.02884919844377697,-0.89252236559079856
pyocyanin_experimental,1248,0.027274814220651436,-0.89293044173416503
pyocyanin_experimental,1249,0.028115952876391858,-0.89271242086376434
pyocyanin_experimental,1250,0.031695078771479014,-0.89178472108728257
pyocyanin_experimental,1251,0.043697503786810803,-0.88867372490264285
pyocyanin_experimental,1252,0.04696374074897508,-0.88782712509348416
pyocyanin_experimental,1253,0.046259640687733833,-0.88800962592988408
pyocyanin_experimental,1254,0.036201974299537629,-0.89061654592480921
pyocyanin_experimental,1255,0.031912273258676342,-0.89172842486213377
pyocyanin_experimental,1256,0.031886567036048877,-0.89173508784569022
pyocyanin_experimental,1257,0.037298870483974185,-0.89033223339293599
pyocyanin_experimental,1258,0.046769616192194087,-0.88787744165490556
pyocyanin_experimental,1259,0.065518642685912135,-0.88301774456759541
pyocyanin_experimental,1260,0.090249592138025039,-0.87660754918709849
pyocyanin_experimental,1261,0.13308135402372154,-0.86550567205496998
pyocyanin_experimental,1262,0.15524089600800792,-0.85976197855316361
pyocyanin_experimental,1263,0.16262430152627855,-0.85784821976128223
pyocyanin_experimental,1264,0.15485350882466331,-0.85986238826601946
pyocyanin_experimental,1265,0.11857403971966099,-0.8692659287857265
pyocyanin_experimental,1266,0.10465691049977419,-0.87287321113482674
pyocyanin_experimental,1267,0.10003227757077224,-0.87407190351400066
pyocyanin_experimental,1268,0.11535060040778534,-0.87010143555938702
pyocyanin_experimental,1269,0.12658289724349348,-0.86719005452130582
pyocyanin_experimental,1270,0.13825203434412425,-0.86416544566503484
pyocyanin_experimental,1271,0.14920689114414012,-0.86132597633574592
pyocyanin_experimental,1272,0.16076035730084173,-0.85833134907609221
pyocyanin_experimental,1273,0.1669803856814798,-0.85671913449980464
pyocyanin_experimental,1274,0.17116212871112041,-0.85563523798774666
pyocyanin_experimental,1275,0.16173726515141934,-0.85807813719665871
pyocyanin_experimental,1276,0.17738963365978727,-0.85402108550519584
pyocyanin_experimental,1277,0.20925395614202172,-0.84576193907922492
pyocyanin_experimental,1278,0.27597645397758619,-0.82846764763970993
pyocyanin_experimental,1279,0.32999770235185399,-0.8144654857959871
pyocyanin_experimental,1280,0.3746091704637215,-0.80290231361120667
pyocyanin_experimental,1281,0.40722302094559409,-0.79444889154975573
pyocyanin_experimental,1282,0.41067454675815729,-0.79355426537043339
pyocyanin_experimental,1283,0.4348231786407098,-0.7872950051330293
pyocyanin_experimental,1284,0.46674158126561577,-0.77902184127997165
pyocyanin_experimental,1285,0.51845957235030737,-0.76561667751213458
pyocyanin_experimental,1286,0.55936612952477938,-0.75501380824746778
pyocyanin_experimental,1287,0.59250400253172875,-0.74642456096118959
pyocyanin_experimental,1288,0.61542881748714517,-0.74048251076976834
pyocyanin_experimental,1289,0.62273529371900305,-0.73858869184139042
pyocyanin_experimental,1290,0.62578601926130661,-0.7377979520108674
pyocyanin_experimental,1291,0.62070031201601927,-0.73911615360896721
pyocyanin_experimental,1292,0.61366729264496012,-0.74093909325673946
pyocyanin_experimental,1293,0.58993501855808739,-0.74709043467672542
pyocyanin_experimental,1294,0.55438191224725419,-0.75630570391971641
pyocyanin_experimental,1295,0.50965906119865356,-0.76789774626121665
pyocyanin_experimental,1296,0.44719217508627751,-0.78408899462258419
pyocyanin_experimental,1297,0.41021858147850948,-0.79367245034084566
pyocyanin_experimental,1298,0.3878178758586191,-0.79947865280640551
pyocyanin_experimental,1299,0.39551695029248374,-0.79748307348319258
pyocyanin_experimental,1300,0.39293795167743978,-0.79815154296676305
pyocyanin_experimental,1301,0.38940352205814344,-0.79906765758913845
pyocyanin_experimental,1302,0.37144184882228254,-0.80372327483608053
pyocyanin_experimental,1303,0.36979823640319365,-0.80414929474108143
pyocyanin_experimental,1304,0.38161260013294768,-0.80108704353432436
pyocyanin_experimental,1305,0.40753249536393421,-0.79436867661540123
pyocyanin_experimental,1306,0.45971141450646485,-0.78084404153843301
pyocyanin_experimental,1307,0.49848080674153594,-0.77079511966055914
pyocyanin_experimental,1308,0.53319124857923672,-0.7617982667757206
pyocyanin_experimental,1309,0.5525813686476978,-0.75677239996333612
pyocyanin_experimental,1310,0.58428338494499721,-0.7485553228626417
pyocyanin_experimental,1311,0.62508475035731259,-0.73797971901894655
pyocyanin_experimental,1312,0.67710207262288835,-0.72449696941653985
pyocyanin_experimental,1313,0.74334615450305797,-0.70732668210202476
pyocyanin_experimental,1314,0.81687903361067427,-0.688267158209382
pyocyanin_experimental,1315,0.8981936752907651,-0.66719062245106908
pyocyanin_experimental,1316,0.98983811821516454,-0.64343663007727381
pyocyanin_experimental,1317,1.0778821824981228,-0.62061584613448106
pyocyanin_experimental,1318,1.1641060954606577,-0.59826684050366019
pyocyanin_experimental,1319,1.2479422734096068,-0.57653672934688993
pyocyanin_experimental,1320,1.324359545901624,-0.55672957847033289
pyocyanin_experimental,1321,1.4117339954461718,-0.53408235686129446
pyocyanin_experimental,1322,1.504050671071864,-0.51015412358482826
pyocyanin_experimental,1323,1.6044642319777203,-0.48412719948697558
pyocyanin_experimental,1324,1.7004502558736434,-0.4592478810377863
pyocyanin_experimental,1325,1.7941508790818999,-0.43496093228144006
pyocyanin_experimental,1326,1.8828423361584599,-0.41197234587303838
pyocyanin_experimental,1327,1.9700570938736537,-0.38936651595536265
pyocyanin_experimental,1328,2.054586736110926,-0.36745666072584038
pyocyanin_experimental,1329,2.1360063113982579,-0.34635292645961335
pyocyanin_experimental,1330,2.2150402620267431,-0.32586753966918192
pyocyanin_experimental,1331,2.2874509756932491,-0.30709887803157254
pyocyanin_experimental,1332,2.3540414770724722,-0.28983879971744997
pyocyanin_experimental,1333,2.4144618015594466,-0.27417801460831048
pyocyanin_experimental,1334,2.4694078534373132,-0.25993614619132743
pyocyanin_experimental,1335,2.5191699917620012,-0.24703793418251541
pyocyanin_experimental,1336,2.5644156172882457,-0.23531039010671562
pyocyanin_experimental,1337,2.6037116239736715,-0.2251249711839749
pyocyanin_experimental,1338,2.6450496837874407,-0.21441025759928101
pyocyanin_experimental,1339,2.6861213065400866,-0.2037646037820543
pyocyanin_experimental,1340,2.7333367308344507,-0.19152649317954851
pyocyanin_experimental,1341,2.7684636655511854,-0.18242168646405077
pyocyanin_experimental,1342,2.7969972578216664,-0.17502585632354661
pyocyanin_experimental,1343,2.8086837656787464,-0.1719967450140657
pyocyanin_experimental,1344,2.8336696032197111,-0.16552048332855829
pyocyanin_experimental,1345,2.8690371157826413,-0.15635331948434139
pyocyanin_experimental,1346,2.9158193830279568,-0.14422748202040703
pyocyanin_experimental,1347,2.9793326771469797,-0.12776500752664577
pyocyanin_experimental,1348,3.0379028938532602,-0.11258376536316583
pyocyanin_experimental,1349,3.0943852651950219,-0.097943687085720543
pyocyanin_experimental,1350,3.1506312328961577,-0.083364883994171635
pyocyanin_experimental,1351,3.1900016304506971,-0.073160183158843317
pyocyanin_experimental,1352,3.2137692176417545,-0.066999688677518043
pyocyanin_experimental,1353,3.2155820766779013,-0.066529800505957803
pyocyanin_experimental,1354,3.2089153736540674,-0.068257791944752899
pyocyanin_experimental,1355,3.1940476632191488,-0.072111462380375468
pyocyanin_experimental,1356,3.1733951951275841,-0.077464526394870892
pyocyanin_experimental,1357,3.1471368420438774,-0.08427062067615021
pyocyanin_experimental,1358,3.1229357655754573,-0.090543474408729785
pyocyanin_experimental,1359,3.1004167837405867,-0.096380333750134883
pyocyanin_experimental,1360,3.0865015137862408,-0.099987134182622728
pyocyanin_experimental,1361,3.0661222534072814,-0.10526938349505222
pyocyanin_experimental,1362,3.0427623220132545,-0.11132421469353349
pyocyanin_experimental,1363,3.0174527401304552,-0.11788439003906881
pyocyanin_experimental,1364,2.9841376603475687,-0.12651956884361337
pyocyanin_experimental,1365,2.9700501428488231,-0.13017101537493181
pyocyanin_experimental,1366,2.9678186821864916,-0.13074940395872381
pyocyanin_experimental,1367,2.9862973723340969,-0.12595977732303087
pyocyanin_experimental,1368,2.9996385494757036,-0.12250178019885605
pyocyanin_experimental,1369,3.0128411120757672,-0.11907971158990416
pyocyanin_experimental,1370,3.0187227953871894,-0.11755519514279289
pyocyanin_experimental,1371,3.0318733979052719,-0.11414659444691611
pyocyanin_experimental,1372,3.0501566956354593,-0.10940761299870139
pyocyanin_experimental,1373,3.0736276325077219,-0.10332400947972453
pyocyanin_experimental,1374,3.1032013951822224,-0.095658569976600161
pyocyanin_experimental,1375,3.1323801633742554,-0.088095511977741903
pyocyanin_experimental,1376,3.1608292798336834,-0.08072157773956945
pyocyanin_experimental,1377,3.1919859459415041,-0.072645853936778915
pyocyanin_experimental,1378,3.2094356719566868,-0.068122932028339744
pyocyanin_experimental,1379,3.2153863835353862,-0.066580523640569989
pyocyanin_experimental,1380,3.2017740797413672,-0.070108796061622791
pyocyanin_experimental,1381,3.187674077181696,-0.073763478687051798
pyocyanin_experimental,1382,3.1724996961190177,-0.077696637322074324
pyocyanin_experimental,1383,3.1577813227031108,-0.08151160000524027
pyocyanin_experimental,1384,3.1485649838010903,-0.083900450185425357
pyocyanin_experimental,1385,3.1317932815505669,-0.088247630163191704
pyocyanin_experimental,1386,3.1111154859686354,-0.093607258994863329
pyocyanin_experimental,1387,3.0819258093648823,-0.10117314442461145
pyocyanin_experimental,1388,3.055893538051329,-0.10792063892097525
pyocyanin_experimental,1389,3.0304399141946177,-0.1145181495575619
pyocyanin_experimental,1390,3.0048078289233775,-0.12116191691135303
pyocyanin_experimental,1391,2.9857531237097663,-0.12610084509822006
pyocyanin_experimental,1392,2.9451048784532019,-0.13663676061062169
pyocyanin_experimental,1393,2.8925121185718004,-0.15026866209067369
pyocyanin_experimental,1394,2.8168417535859054,-0.16988221655660074
pyocyanin_experimental,1395,2.7578957217141369,-0.18516086899712625
pyocyanin_experimental,1396,2.7079065899691943,-0.19811791708810078
pyocyanin_experimental,1397,2.6750388587474303,-0.20663714435242919
pyocyanin_experimental,1398,2.6414731253345685,-0.21533729190166684
pyocyanin_experimental,1399,2.6086969036998444,-0.22383280012790296
pyocyanin_experimental,1400,2.5742382995916469,-0.23276437735264521
pyocyanin_experimental,1401,2.5397105351474951,-0.24171388074989064
pyocyanin_experimental,1402,2.4912054600540192,-0.25428626536039312
pyocyanin_experimental,1403,2.4324966088431834,-0.26950344121345493
pyocyanin_experimental,1404,2.3558400842569633,-0.28937260558739131
pyocyanin_experimental,1405,2.2867022696692469,-0.30729294061318513
pyocyanin_experimental,1406,2.2202037455164154,-0.32452917867835696
pyocyanin_experimental,1407,2.1621510259947665,-0.33957628696764952
pyocyanin_experimental,1408,2.100007354872734,-0.35568375887546755
pyocyanin_experimental,1409,2.0350260217253791,-0.37252674512499562
pyocyanin_experimental,1410,1.9660348256596598,-0.39040907702542538
pyocyanin_experimental,1411,1.8930004917454719,-0.40933937934887316
pyocyanin_experimental,1412,1.813043411058697,-0.43006403896005524
pyocyanin_experimental,1413,1.7271411077241461,-0.45232968424291942
pyocyanin_experimental,1414,1.6338161727170308,-0.4765192556310362
pyocyanin_experimental,1415,1.5401575685994551,-0.50079531315243431
pyocyanin_experimental,1416,1.4460072797943377,-0.52519881401840929
pyocyanin_experimental,1417,1.352020648718474,-0.54955989524246651
pyocyanin_experimental,1418,1.261357405281573,-0.57305956335611608
pyocyanin_experimental,1419,1.174998972169133,-0.595443436246893
pyocyanin_experimental,1420,1.0935037881067731,-0.61656676810363487
pyocyanin_experimental,1421,1.017175452549173,-0.63635086676671926
pyocyanin_experimental,1422,0.94567683046209561,-0.65488311672751998
pyocyanin_experimental,1423,0.8790734835848768,-0.67214652456006918
pyocyanin_experimental,1424,0.82111865923098726,-0.68716825868597353
pyocyanin_experimental,1425,0.75928197456413005,-0.70319616053277745
pyocyanin_experimental,1426,0.69664530181379913,-0.7194314171326639
pyocyanin_experimental,1427,0.62758442342182363,-0.73733181050407504
pyocyanin_experimental,1428,0.56894758639923315,-0.75253032047381874
pyocyanin_experimental,1429,0.51963358413112082,-0.76531237682571773
pyocyanin_experimental,1430,0.48084584647167539,-0.77536605378809831
pyocyanin_experimental,1431,0.45547331771539051,-0.78194254479342717
pyocyanin_experimental,1432,0.43516155746580709,-0.78720729825441971
pyocyanin_experimental,1433,0.42116402440774803,-0.7908354210614662
pyocyanin_experimental,1434,0.41393042829540433,-0.79271034965947695
pyocyanin_experimental,1435,0.4073234584933812,-0.79442285840832305
pyocyanin_experimental,1436,0.40175580541523881,-0.79586597906613776
pyocyanin_experimental,1437,0.39173405730261163,-0.79846358914093329
pyocyanin_experimental,1438,0.39013260424508756,-0.79887868145315133
pyocyanin_experimental,1439,0.39387935652090961,-0.79790753337099429
pyocyanin_experimental,1440,0.40174836537798186,-0.7958679075037236
pyocyanin_experimental,1441,0.41973872508494858,-0.79120485480085923
pyocyanin_experimental,1442,0.41845947350929358,-0.79153643335819024
pyocyanin_experimental,1443,0.40606567470864607,-0.79474887257216187
pyocyanin_experimental,1444,0.37176850207773204,-0.80363860719349123
pyocyanin_experimental,1445,0.34935365778773042,-0.80944847436420153
pyocyanin_experimental,1446,0.3317851056534934,-0.8140021956821385
pyocyanin_experimental,1447,0.33087383559223593,-0.81423839442365342
pyocyanin_experimental,1448,0.31699748648117138,-0.81783510667856074
pyocyanin_experimental,1449,0.29511132042946808,-0.82350794187613674
pyocyanin_experimental,1450,0.26551977327627962,-0.83117799106815926
pyocyanin_experimental,1451,0.21917925832933924,-0.8431893275280844
pyocyanin_experimental,1452,0.19533132346853702,-0.84937064790865102
pyocyanin_experimental,1453,0.1818419774113412,-0.85286705001602636
pyocyanin_experimental,1454,0.19087176945058845,-0.85052655227941865
pyocyanin_experimental,1455,0.18182813660072028,-0.85287063751680048
pyocyanin_experimental,1456,0.16367487142758638,-0.85757591487702001
pyocyanin_experimental,1457,0.12547740218021516,-0.86747659585937731
pyocyanin_experimental,1458,0.094556712747772595,-0.87549115514451192
pyocyanin_experimental,1459,0.066334077348324236,-0.88280638610292295
pyocyanin_experimental,1460,0.049313443449748834,-0.88721808849231332
pyocyanin_experimental,1461,0.026136633066752249,-0.89322545521874719
pyocyanin_experimental,1462,-0.0016563657900233327,-0.90042932554434196
pyocyanin_experimental,1463,-0.034122950769918253,-0.90884457678496322
pyocyanin_experimental,1464,-0.077874151641457293,-0.92018477002182153
pyocyanin_experimental,1465,-0.1078188704059021,-0.92794636034271905
pyocyanin_experimental,1466,-0.13016640806094967,-0.93373878181522463
pyocyanin_experimental,1467,-0.13613905397720588,-0.93528687552411616
pyocyanin_experimental,1468,-0.14959029686818923,-0.93877340139360144
pyocyanin_experimental,1469,-0.1658037090927558,-0.94297587410275696
pyocyanin_experimental,1470,-0.19191045566061715,-0.94974267238412313
pyocyanin_experimental,1471,-0.21019780603055965,-0.95448270426562942
pyocyanin_experimental,1472,-0.22183132287839813,-0.95749808044847051
pyocyanin_experimental,1473,-0.22557290218629317,-0.9584678877112961
pyocyanin_experimental,1474,-0.21939748258186254,-0.95686723560945897
pyocyanin_experimental,1475,-0.20882439321161664,-0.95412671936806004
pyocyanin_experimental,1476,-0.19312381745150003,-0.95005717248699417
pyocyanin_experimental,1477,-0.17045115031026073,-0.94418047832878016
pyocyanin_experimental,1478,-0.15039506904865826,-0.93898199617171885
pyocyanin_experimental,1479,-0.13173430738669653,-0.93414517709068501
pyocyanin_experimental,1480,-0.11834510394315165,-0.93067473167860992
pyocyanin_experimental,1481,-0.10171666395853372,-0.92636468489368295
pyocyanin_experimental,1482,-0.083386945279347965,-0.92161367126071925
pyocyanin_experimental,1483,-0.061026026460798168,-0.91581778142673265
pyocyanin_experimental,1484,-0.039632982463503795,-0.91027276213534802
pyocyanin_experimental,1485,-0.019334804163655787,-0.90501152907908644
pyocyanin_experimental,1486,-0.00060414527694721662,-0.90015659282596228
pyocyanin_experimental,1487,0.015639881886111047,-0.89594618480734056
pyocyanin_experimental,1488,0.032402006238728923,-0.89160148739487277
pyocyanin_experimental,1489,0.049121927272345087,-0.88726772896883688
pyocyanin_experimental,1490,0.065564665033859257,-0.88300581569916359
pyocyanin_experimental,1491,0.083575691493243079,-0.87833740622982603
pyocyanin_experimental,1492,0.10280109248522058,-0.87335423415769808
pyocyanin_experimental,1493,0.12232710892027741,-0.86829314337370411
pyocyanin_experimental,1494,0.14405948726353338,-0.86266016953527958
pyocyanin_experimental,1495,0.16690824515326219,-0.85673783313010277
pyocyanin_experimental,1496,0.18971836520008145,-0.85082551154957364
pyocyanin_experimental,1497,0.21677558749874962,-0.84381235252291187
pyocyanin_experimental,1498,0.22872458897209122,-0.84071520357623353
pyocyanin_experimental,1499,0.23137043620144798,-0.84002940711217278
pyocyanin_experimental,1500,0.21664664102513695,-0.84384577510100911
pyocyanin_experimental,1501,0.21356145122256986,-0.84464544797481711
pyocyanin_experimental,1502,0.21706929700050781,-0.84373622381240587
pyocyanin_experimental,1503,0.23230638091511951,-0.83978681276731781
pyocyanin_experimental,1504,0.24837341812414357,-0.83562228006731021
pyocyanin_experimental,1505,0.26579700977505166,-0.83110613211558748
pyocyanin_experimental,1506,0.28872408115414261,-0.82516349706523695
pyocyanin_experimental,1507,0.30137272101465817,-0.82188500373604045
pyocyanin_experimental,1508,0.30403979184903707,-0.82119370617081366
pyocyanin_experimental,1509,0.29695925183564925,-0.82302896304087958
pyocyanin_experimental,1510,0.27145077129866746,-0.82964069238100357
pyocyanin_experimental,1511,0.26275519010411302,-0.8318945635682784
pyocyanin_experimental,1512,0.26268267626030489,-0.83191335896097052
pyocyanin_experimental,1513,0.27886806437923956,-0.8277181500243932
pyocyanin_experimental,1514,0.29029028298577408,-0.82475754177567195
pyocyanin_experimental,1515,0.29967605377622059,-0.82232477530708881
pyocyanin_experimental,1516,0.30868617647504826,-0.81998937581045528
pyocyanin_experimental,1517,0.30638666381420393,-0.82058540328867557
pyocyanin_experimental,1518,0.29451527106135189,-0.82366243626437063
pyocyanin_experimental,1519,0.26358437223900699,-0.83167964179582565
pyocyanin_experimental,1520,0.24012766595107718,-0.83775955678573388
pyocyanin_experimental,1521,0.22534405537960786,-0.84159142876362925
pyocyanin_experimental,1522,0.22164915173612443,-0.84254913782015783
pyocyanin_experimental,1523,0.2383635371631472,-0.83821681420841743
pyocyanin_experimental,1524,0.24814683366738291,-0.83568101014723828
pyocyanin_experimental,1525,0.25798916901817448,-0.83312990337630288
pyocyanin_experimental,1526,0.26194653520615324,-0.83210416473629489
pyocyanin_experimental,1527,0.2769345857401207,-0.82821930247164433
pyocyanin_experimental,1528,0.29986586242194246,-0.8222755774181707
pyocyanin_experimental,1529,0.33338700291341677,-0.81358698823385689
pyocyanin_experimental,1530,0.37179106947659313,-0.8036327577845872
pyocyanin_experimental,1531,0.41500779006013444,-0.792431100396493
pyocyanin_experimental,1532,0.46652643625900647,-0.77907760628528111
pyocyanin_experimental,1533,0.51478304447794898,-0.76656962361836045
pyocyanin_experimental,1534,0.55947534476709593,-0.75498549995129283
pyocyanin_experimental,1535,0.6018054774934013,-0.74401364374401713
pyocyanin_experimental,1536,0.63185481089356688,-0.73622493759176311
pyocyanin_experimental,1537,0.68960927161565844,-0.72125513717869327
pyocyanin_experimental,1538,0.76517312114021441,-0.70166919123299509
pyocyanin_experimental,1539,0.87257635850629212,-0.67383056185293166
pyocyanin_experimental,1540,0.96632836179794934,-0.64953029551757768
pyocyanin_experimental,1541,1.0532248358140865,-0.62700696387605315
pyocyanin_experimental,1542,1.1219550159169107,-0.60919228660905445
pyocyanin_experimental,1543,1.1949329067179131,-0.59027661418827582
pyocyanin_experimental,1544,1.2703976389493998,-0.57071635917754926
pyocyanin_experimental,1545,1.3534684117979068,-0.54918463895795533
pyocyanin_experimental,1546,1.4356733430866893,-0.52787734253483287
pyocyanin_experimental,1547,1.5177845000962731,-0.50659435215190085
pyocyanin_experimental,1548,1.6002992525884796,-0.48520675090866572
pyocyanin_experimental,1549,1.6807031699475239,-0.46436627243747736
pyocyanin_experimental,1550,1.769289605829135,-0.44140490723948728
pyocyanin_experimental,1551,1.8638901500098801,-0.4168847013948182
pyocyanin_experimental,1552,1.9639945314633522,-0.39093791577694004
pyocyanin_experimental,1553,2.0707911543051245,-0.36325651924509272
pyocyanin_experimental,1554,2.1824633074245812,-0.33431139841814705
pyocyanin_experimental,1555,2.3035851178924625,-0.30291695189913914
pyocyanin_experimental,1556,2.4147577542664798,-0.27410130446504877
pyocyanin_experimental,1557,2.5168783972045836,-0.24763190930968848
pyocyanin_experimental,1558,2.6032237445090392,-0.2252514282250393
pyocyanin_experimental,1559,2.6865043778240039,-0.20366531273868693
pyocyanin_experimental,1560,2.7664269318183701,-0.18294960235303337
pyocyanin_experimental,1561,2.8441735505089838,-0.16279788852802068
pyocyanin_experimental,1562,2.9231153989026124,-0.14233637438839675
pyocyanin_experimental,1563,2.9955414620626728,-0.123563734203467
pyocyanin_experimental,1564,3.0649293032810219,-0.1055785929495181
pyocyanin_experimental,1565,3.1274787664415022,-0.089365940840052782
pyocyanin_experimental,1566,3.19898798314708,-0.07083094478271823
pyocyanin_experimental,1567,3.2763623731413372,-0.05077571163162764
pyocyanin_experimental,1568,3.3663383900608252,-0.027454170777338027
pyocyanin_experimental,1569,3.4496605599021297,-0.0058572891354129464
pyocyanin_experimental,1570,3.5290150582989193,0.014711182771810938
pyocyanin_experimental,1571,3.5976568182039657,0.032502941762079685
pyocyanin_experimental,1572,3.6709364544690786,0.051496825793126977
pyocyanin_experimental,1573,3.7474952787825933,0.071340666519947304
pyocyanin_experimental,1574,3.8276032642921343,0.092104440254089592
pyocyanin_experimental,1575,3.915838698035861,0.11497482664484993
pyocyanin_experimental,1576,3.9936033654042444,0.13513121863845001
pyocyanin_experimental,1577,4.0665315293774089,0.1540340019996026
pyocyanin_experimental,1578,4.1301703810722721,0.17052902067830089
pyocyanin_experimental,1579,4.2017287550878182,0.18907675817776604
pyocyanin_experimental,1580,4.2780393085567807,0.20885624777144673
pyocyanin_experimental,1581,4.3605445223206862,0.23024137660203914
pyocyanin_experimental,1582,4.447443911955447,0.25276546396404542
pyocyanin_experimental,1583,4.5383622461290134,0.27633125090847199
pyocyanin_experimental,1584,4.6343951662600835,0.30122272473529799
pyocyanin_experimental,1585,4.727240389253982,0.32528795606372374
pyocyanin_experimental,1586,4.8160396956943901,0.34830449673628616
pyocyanin_experimental,1587,4.9020052328335462,0.37058653205071612
pyocyanin_experimental,1588,4.9767420957746973,0.38995812530498453
pyocyanin_experimental,1589,5.0406492136880434,0.40652267786380303
pyocyanin_experimental,1590,5.0946330683245931,0.42051514735158746
pyocyanin_experimental,1591,5.1284076006542021,0.4292694150167623
pyocyanin_experimental,1592,5.1839195150307571,0.44365795346685954
pyocyanin_experimental,1593,5.2474703783661978,0.46013016580016475
pyocyanin_experimental,1594,5.33505416557324,0.48283164716658467
pyocyanin_experimental,1595,5.3822716539702844,0.49507029277893666
pyocyanin_experimental,1596,5.4009901662362836,0.49992208066074129
pyocyanin_experimental,1597,5.3754382005100236,0.49329908007686785
pyocyanin_experimental,1598,5.34557648165333,0.48555900310814792
pyocyanin_experimental,1599,5.3052742319085286,0.47511276869899188
pyocyanin_experimental,1600,5.2632585695300174,0.46422242235750744
pyocyanin_experimental,1601,5.2056539004344593,0.44929144752993733
pyocyanin_experimental,1602,5.1364271872925933,0.43134807023873234
pyocyanin_experimental,1603,5.0539694066051668,0.40997523593360163
pyocyanin_experimental,1604,4.9684562878815033,0.38781046625196336
pyocyanin_experimental,1605,4.8822538763068728,0.36546703372288236
pyocyanin_experimental,1606,4.7986223355940654,0.34378996398566353
pyocyanin_experimental,1607,4.7193282027128269,0.32323713865722048
pyocyanin_experimental,1608,4.6504758312522414,0.30539078971992983
pyocyanin_experimental,1609,4.5925801829392636,0.29038439386418868
pyocyanin_experimental,1610,4.543977905909153,0.27778681477393541
pyocyanin_experimental,1611,4.5116129489615817,0.26939790524512708
pyocyanin_experimental,1612,4.4914940549949467,0.26418314220437311
pyocyanin_experimental,1613,4.4893009968514104,0.26361470744985305
pyocyanin_experimental,1614,4.475216111849047,0.25996394325449523
pyocyanin_experimental,1615,4.450814307809897,0.25363906147709192
pyocyanin_experimental,1616,4.4091024461997028,0.24282745947518192
pyocyanin_experimental,1617,4.3581401178405592,0.22961816144723091
pyocyanin_experimental,1618,4.2958231728284444,0.21346577741454997
pyocyanin_experimental,1619,4.2210059006534912,0.19407334230380269
pyocyanin_experimental,1620,4.1379653771132539,0.17254946262330784
pyocyanin_experimental,1621,4.0470458934773399,0.14898337774134152
pyocyanin_experimental,1622,3.952144432140305,0.12438517498155621
pyocyanin_experimental,1623,3.8469109829422603,0.09710894884113852
pyocyanin_experimental,1624,3.7323134919528025,0.067405588330068156
pyocyanin_experimental,1625,3.6097542720162576,0.035638569154529232
pyocyanin_experimental,1626,3.4739572343822318,0.00044034334389664309
pyocyanin_experimental,1627,3.3505522143300341,-0.031545904939876857
pyocyanin_experimental,1628,3.2338946711952228,-0.061783225409552944
pyocyanin_experimental,1629,3.1333548172976475,-0.087842884310154412
pyocyanin_experimental,1630,3.0190797886932224,-0.11746266344094169
pyocyanin_experimental,1631,2.8965837560893841,-0.14921330463030558
pyocyanin_experimental,1632,2.7597565718618826,-0.18467854165890685
pyocyanin_experimental,1633,2.6244808734841349,-0.21974163774074607
pyocyanin_experimental,1634,2.4893650159431657,-0.25476330350890009
pyocyanin_experimental,1635,2.3575581197328148,-0.28892729542685103
pyocyanin_experimental,1636,2.2272007065202013,-0.32271558526210609
pyocyanin_experimental,1637,2.1000698827114972,-0.35566755182834353
pyocyanin_experimental,1638,1.9728903501683321,-0.38863214356715003
pyocyanin_experimental,1639,1.8569612692986999,-0.41868064858288817
pyocyanin_experimental,1640,1.7521955708063648,-0.44583563500225232
pyocyanin_experimental,1641,1.6577864921545147,-0.47030621349835461
pyocyanin_experimental,1642,1.5795618233112945,-0.49058183663327137
pyocyanin_experimental,1643,1.4885606527866106,-0.51416909453643733
pyocyanin_experimental,1644,1.3918969791205098,-0.53922405797793871
pyocyanin_experimental,1645,1.2822230166189748,-0.56765125318730325
pyocyanin_experimental,1646,1.1836234683951234,-0.59320799009170155
pyocyanin_experimental,1647,1.0913953174492794,-0.61711327800996707
pyocyanin_experimental,1648,1.0088476404333924,-0.63850941320091859
pyocyanin_experimental,1649,0.92929994772533853,-0.6591279605524355
pyocyanin_experimental,1650,0.85403129241523168,-0.67863739295410364
pyocyanin_experimental,1651,0.78333580828407234,-0.69696147172338185
pyocyanin_experimental,1652,0.71443735161052169,-0.71481976582354767
pyocyanin_experimental,1653,0.64745477161337184,-0.7321814698577136
pyocyanin_experimental,1654,0.58298720094007384,-0.74889129025995982
pyocyanin_experimental,1655,0.51788719954931284,-0.7657650349980436
pyocyanin_experimental,1656,0.45294358977142485,-0.78259824345197337
pyocyanin_experimental,1657,0.3839471752670372,-0.80048192795762807
pyocyanin_experimental,1658,0.32530627592963712,-0.81568149086841135
pyocyanin_experimental,1659,0.27672415461678868,-0.82827384565112505
pyocyanin_experimental,1660,0.24467411931000443,-0.8365811283402157
pyocyanin_experimental,1661,0.21609665553610469,-0.84398832985605243
pyocyanin_experimental,1662,0.18933167503509704,-0.85092574059715098
pyocyanin_experimental,1663,0.16250397957154153,-0.85787940688735365
pyocyanin_experimental,1664,0.1316272379442659,-0.86588257501994836
pyocyanin_experimental,1665,0.10764519510689755,-0.87209865582625345
pyocyanin_experimental,1666,0.087375547872043768,-0.87735249370743762
pyocyanin_experimental,1667,0.073316048943759399,-0.88099667790087921
pyocyanin_experimental,1668,0.057492574932421242,-0.88509807967711496
pyocyanin_experimental,1669,0.041398876423009962,-0.88926952291425787
pyocyanin_experimental,1670,0.02209795514484289,-0.89427226964083262
pyocyanin_experimental,1671,0.0088746288629769979,-0.89769972014009269
pyocyanin_experimental,1672,0.00012776923607049474,-0.89996688255869783
pyocyanin_experimental,1673,-0.00087728917168766469,-0.90022739098660975
pyocyanin_experimental,1674,-0.002876946601454388,-0.90074569679786409
pyocyanin_experimental,1675,-0.0048656922796341756,-0.90126117431254416
pyocyanin_experimental,1676,-0.011559736420912533,-0.90299625249522175
pyocyanin_experimental,1677,-0.011604068641969237,-0.90300774328732314
pyocyanin_experimental,1678,-0.0063851541171729151,-0.90165501472173226
pyocyanin_experimental,1679,0.010069781330289943,-0.89738993984476711
pyocyanin_experimental,1680,0.021623447025272257,-0.89439526086532928
pyocyanin_experimental,1681,0.027577599268334387,-0.89285196066663863
pyocyanin_experimental,1682,0.026962947914680565,-0.89301127663934066
pyocyanin_experimental,1683,0.01423527062726674,-0.89631025625636729
pyocyanin_experimental,1684,0.010279761225106984,-0.89733551362250019
pyocyanin_experimental,1685,0.0091485443738768216,-0.89762872197861832
pyocyanin_experimental,1686,0.017517378462691958,-0.89545954275967465
pyocyanin_experimental,1687,0.012349783483322569,-0.89679896943753734
pyocyanin_experimental,1688,-3.9755855501029103e-05,-0.90001030461049525
pyocyanin_experimental,1689,-0.027102859420956228,-0.90702498804564213
pyocyanin_experimental,1690,-0.041111874795123321,-0.91065608703804757
pyocyanin_experimental,1691,-0.047036365322190771,-0.91219169899997177
pyocyanin_experimental,1692,-0.038221757971166809,-0.90990697655404074
pyocyanin_experimental,1693,-0.032525975360833688,-0.90843064506714122
pyocyanin_experimental,1694,-0.027542733951063755,-0.90713900233718214
pyocyanin_experimental,1695,-0.026120161457430773,-0.90677027538455279
pyocyanin_experimental,1696,-0.024496907982048257,-0.90634953246283756
pyocyanin_experimental,1697,-0.023830956910101432,-0.9061769197415469
pyocyanin_experimental,1698,-0.023805619494030809,-0.906170352351655
pyocyanin_experimental,1699,-0.025456277141890301,-0.90659819836094713
pyocyanin_experimental,1700,-0.028711538331225677,-0.90744195327939836
pyocyanin_simulated_full,450,1.6418449691921015,-0.41238764192192562
pyocyanin_simulated_full,451,1.6874382279060904,-0.39884687722662593
pyocyanin_simulated_full,452,1.7160106725470163,-0.39036113261075478
pyocyanin_simulated_full,453,1.7345859203858969,-0.38484446047023091
pyocyanin_simulated_full,454,1.7417896385082752,-0.38270502462428069
pyocyanin_simulated_full,455,1.7369584268518456,-0.38413984858900929
pyocyanin_simulated_full,456,1.7187999576062938,-0.38953274144677319
pyocyanin_simulated_full,457,1.6919870465108731,-0.39749592131546041
pyocyanin_simulated_full,458,1.6559283676733749,-0.40820500636737261
pyocyanin_simulated_full,459,1.6121904722103362,-0.42119474580336763
pyocyanin_simulated_full,460,1.5562694326699209,-0.43780276328865841
pyocyanin_simulated_full,461,1.5093079467908359,-0.45174987845362963
pyocyanin_simulated_full,462,1.4642852369533297,-0.46512119555291337
pyocyanin_simulated_full,463,1.4215664537893336,-0.47780826831781148
pyocyanin_simulated_full,464,1.3925011869736188,-0.48644037643771082
pyocyanin_simulated_full,465,1.3426014556453121,-0.50126012258733099
pyocyanin_simulated_full,466,1.2871042935203263,-0.51774225250713801
pyocyanin_simulated_full,467,1.2284131878424362,-0.53517295331921744
pyocyanin_simulated_full,468,1.1555330038461336,-0.55681767559350615
pyocyanin_simulated_full,469,1.1140292460566428,-0.56914389736509841
pyocyanin_simulated_full,470,1.0900886860538801,-0.57625401624702977
pyocyanin_simulated_full,471,1.0857230172535866,-0.57755057840621249
pyocyanin_simulated_full,472,1.1062942848807289,-0.57144110735106046
pyocyanin_simulated_full,473,1.1378702070349351,-0.5620633584472291
pyocyanin_simulated_full,474,1.184620886109031,-0.54817885090064356
pyocyanin_simulated_full,475,1.2450781796007393,-0.53022360908690769
pyocyanin_simulated_full,476,1.3201473436593871,-0.50792878052973944
pyocyanin_simulated_full,477,1.3991188334079545,-0.48447499831534085
pyocyanin_simulated_full,478,1.4830710765507369,-0.45954197966076027
pyocyanin_simulated_full,479,1.569630130477208,-0.4338347629685152
pyocyanin_simulated_full,480,1.6582862614088889,-0.407504734328267
pyocyanin_simulated_full,481,1.7427112759348335,-0.38243130706428585
pyocyanin_simulated_full,482,1.8232200956687843,-0.35852095244909243
pyocyanin_simulated_full,483,1.8988038059617676,-0.33607330854859252
pyocyanin_simulated_full,484,1.9643883943640104,-0.3165953088564939
pyocyanin_simulated_full,485,2.0316184064289327,-0.29662863396834949
pyocyanin_simulated_full,486,2.095186518752,-0.27774950851494251
pyocyanin_simulated_full,487,2.1541225912200286,-0.2602460548934129
pyocyanin_simulated_full,488,2.2119793904335801,-0.24306313517520617
pyocyanin_simulated_full,489,2.2544769570010494,-0.23044176163788577
pyocyanin_simulated_full,490,2.2854024881421089,-0.22125717268614753
pyocyanin_simulated_full,491,2.3040201332958485,-0.21572790894589133
pyocyanin_simulated_full,492,2.3098746862915518,-0.21398916232529375
pyocyanin_simulated_full,493,2.3036544780767478,-0.21583650507218521
pyocyanin_simulated_full,494,2.2858120550317795,-0.22113553521086182
pyocyanin_simulated_full,495,2.2574272861405493,-0.22956554191202105
pyocyanin_simulated_full,496,2.2148715667306926,-0.24220418629106966
pyocyanin_simulated_full,497,2.173110676648061,-0.25460677391092956
pyocyanin_simulated_full,498,2.1286383052152944,-0.26781464573230263
pyocyanin_simulated_full,499,2.0825496196818372,-0.28150254748635573
pyocyanin_simulated_full,500,2.0385715466026606,-0.29456361739262049
pyocyanin_simulated_full,501,1.9891917046954224,-0.30922896132321043
pyocyanin_simulated_full,502,1.9376244125218236,-0.32454395720180573
pyocyanin_simulated_full,503,1.8842028694742752,-0.3404096479743044
pyocyanin_simulated_full,504,1.8266248427548455,-0.35750977491013725
pyocyanin_simulated_full,505,1.7721713286282512,-0.37368195128923343
pyocyanin_simulated_full,506,1.7184188842534227,-0.38964591661232229
pyocyanin_simulated_full,507,1.6651412025825012,-0.40546888192266722
pyocyanin_simulated_full,508,1.6174319091214286,-0.41963808883520526
pyocyanin_simulated_full,509,1.5601760618505225,-0.43664253153557936
pyocyanin_simulated_full,510,1.498166060679498,-0.45505891277911786
pyocyanin_simulated_full,511,1.4314672908101891,-0.47486781378204512
pyocyanin_simulated_full,512,1.3545292137807381,-0.49771769173659008
pyocyanin_simulated_full,513,1.2838689638334499,-0.51870311468802588
pyocyanin_simulated_full,514,1.2147408889840972,-0.5392334961912667
pyocyanin_simulated_full,515,1.1477028825782625,-0.55914314722274439
pyocyanin_simulated_full,516,1.0895677223635536,-0.57640873751382393
pyocyanin_simulated_full,517,1.0229920737263167,-0.59618107268049592
pyocyanin_simulated_full,518,0.95444915429439137,-0.61653766858382442
pyocyanin_simulated_full,519,0.88469112360183899,-0.6372551409878211
pyocyanin_simulated_full,520,0.80364875255478496,-0.66132395527418919
pyocyanin_simulated_full,521,0.74185521026273504,-0.67967605028706379
pyocyanin_simulated_full,522,0.69024602867272455,-0.69500348692437774
pyocyanin_simulated_full,523,0.64880411791747628,-0.70731134071435597
pyocyanin_simulated_full,524,0.62933275876961992,-0.71309414940045457
pyocyanin_simulated_full,525,0.59736274390103916,-0.72258894009651553
pyocyanin_simulated_full,526,0.56250535564217674,-0.73294125325901249
pyocyanin_simulated_full,527,0.52367886300027988,-0.74447235271618739
pyocyanin_simulated_full,528,0.47564598665330349,-0.75873766067175319
pyocyanin_simulated_full,529,0.43159507069187281,-0.77182036422202915
pyocyanin_simulated_full,530,0.38824642000748399,-0.78469450165664856
pyocyanin_simulated_full,531,0.34666065196216378,-0.79704507969511251
pyocyanin_simulated_full,532,0.30103556681642663,-0.81059529653828555
pyocyanin_simulated_full,533,0.27003937350266638,-0.81980087148401481
pyocyanin_simulated_full,534,0.24775524249216949,-0.82641904669156563
pyocyanin_simulated_full,535,0.23354375660266899,-0.83063972298951261
pyocyanin_simulated_full,536,0.2414781203330921,-0.82828329233921527
pyocyanin_simulated_full,537,0.23084545363810591,-0.83144109333570748
pyocyanin_simulated_full,538,0.21360597805384149,-0.8365610538066458
pyocyanin_simulated_full,539,0.18952280363165011,-0.84371352781628917
pyocyanin_simulated_full,540,0.14220627372654429,-0.85776608768401741
pyocyanin_simulated_full,541,0.11746151276130221,-0.86511504661177607
pyocyanin_simulated_full,542,0.1016299572780469,-0.86981686818816562
pyocyanin_simulated_full,543,0.095323786001968405,-0.87168974114759368
pyocyanin_simulated_full,544,0.1117359463816629,-0.86681548543279474
pyocyanin_simulated_full,545,0.1149708353828251,-0.86585475413137736
pyocyanin_simulated_full,546,0.1154393649120279,-0.86571560531230451
pyocyanin_simulated_full,547,0.11225612850622781,-0.86666099628360671
pyocyanin_simulated_full,548,0.098745621870828998,-0.87067348840249292
pyocyanin_simulated_full,549,0.0923129160126165,-0.87258394093071745
pyocyanin_simulated_full,550,0.087822177298960094,-0.87391764766598612
pyocyanin_simulated_full,551,0.085951599678925406,-0.8744731914483701
pyocyanin_simulated_full,552,0.085025381980639803,-0.87474826930555472
pyocyanin_simulated_full,553,0.090725620714060998,-0.87305535255484645
pyocyanin_simulated_full,554,0.1006664290689667,-0.87010302691260077
pyocyanin_simulated_full,555,0.1139312324891729,-0.86616350631440964
pyocyanin_simulated_full,556,0.1387638407441196,-0.85878845757617106
pyocyanin_simulated_full,557,0.14959831005249591,-0.85557072312065696
pyocyanin_simulated_full,558,0.15357009550511791,-0.85439114057378207
pyocyanin_simulated_full,559,0.15029442057127729,-0.85536398490973253
pyocyanin_simulated_full,560,0.13096841383766011,-0.86110362530967166
pyocyanin_simulated_full,561,0.1205190656122422,-0.8642069824622548
pyocyanin_simulated_full,562,0.1116082758100706,-0.86685340237966824
pyocyanin_simulated_full,563,0.1048859544433999,-0.86884986796251429
pyocyanin_simulated_full,564,0.1080231143520714,-0.86791816127312571
pyocyanin_simulated_full,565,0.1019951264784071,-0.86970841640482044
pyocyanin_simulated_full,566,0.093588754853015405,-0.87220502891577811
pyocyanin_simulated_full,567,0.0834478255760807,-0.87521678857068774
pyocyanin_simulated_full,568,0.061845009351640098,-0.88163261975937179
pyocyanin_simulated_full,569,0.058439383208639901,-0.8826440583698868
pyocyanin_simulated_full,570,0.063974505923382705,-0.88100017950809917
pyocyanin_simulated_full,571,0.078367287197269805,-0.87672566020332254
pyocyanin_simulated_full,572,0.1160813858501244,-0.86552493119298446
pyocyanin_simulated_full,573,0.13559033542260451,-0.85973095850788728
pyocyanin_simulated_full,574,0.1501379894355922,-0.85541044347091189
pyocyanin_simulated_full,575,0.15993961134532569,-0.85249945488059042
pyocyanin_simulated_full,576,0.14942878374643631,-0.8556210708230314
pyocyanin_simulated_full,577,0.16552078874581769,-0.85084189821466172
pyocyanin_simulated_full,578,0.19347317756710641,-0.84254030428659998
pyocyanin_simulated_full,579,0.23366122310745821,-0.83060483655353956
pyocyanin_simulated_full,580,0.29618951617519068,-0.81203452754052907
pyocyanin_simulated_full,581,0.3495369148967275,-0.7961908569284738
pyocyanin_simulated_full,582,0.40212600850481001,-0.78057239573110271
pyocyanin_simulated_full,583,0.4518097022934619,-0.76581681067837115
pyocyanin_simulated_full,584,0.496411258932479,-0.75257057207802047
pyocyanin_simulated_full,585,0.53602044651233871,-0.74080701965998919
pyocyanin_simulated_full,586,0.56924774664568223,-0.73093882718469116
pyocyanin_simulated_full,587,0.59558323762660637,-0.72311743655444716
pyocyanin_simulated_full,588,0.61303525066930975,-0.71793435447748999
pyocyanin_simulated_full,589,0.62660511636711913,-0.71390423328098773
pyocyanin_simulated_full,590,0.63464036487893571,-0.71151784080903702
pyocyanin_simulated_full,591,0.63739538093417336,-0.71069962721369473
pyocyanin_simulated_full,592,0.63799632682461693,-0.71052115199330856
pyocyanin_simulated_full,593,0.62921677122752018,-0.71312859659855921
pyocyanin_simulated_full,594,0.61493693210791645,-0.71736957315648098
pyocyanin_simulated_full,595,0.59663145119573147,-0.72280612708260217
pyocyanin_simulated_full,596,0.56808411672445458,-0.73128441421663803
pyocyanin_simulated_full,597,0.55360600230618762,-0.7355842766546179
pyocyanin_simulated_full,598,0.54595961420306449,-0.73785518127941851
pyocyanin_simulated_full,599,0.54559814721473343,-0.73796253354096253
pyocyanin_simulated_full,600,0.56176431172349084,-0.73316133626283453
pyocyanin_simulated_full,601,0.56614152935123285,-0.73186134421161519
pyocyanin_simulated_full,602,0.5691730842119318,-0.73096100121821073
pyocyanin_simulated_full,603,0.57137267234624456,-0.73030774443873514
pyocyanin_simulated_full,604,0.56531965154683617,-0.73210543411155937
pyocyanin_simulated_full,605,0.57761175275412147,-0.72845479682978964
pyocyanin_simulated_full,606,0.59947346154387371,-0.72196207700872594
pyocyanin_simulated_full,607,0.63120263317387049,-0.71253881446647771
pyocyanin_simulated_full,608,0.67872526997182114,-0.69842504280962081
pyocyanin_simulated_full,609,0.72247172500785151,-0.68543276126176456
pyocyanin_simulated_full,610,0.76941270714237997,-0.67149173551413799
pyocyanin_simulated_full,611,0.81938205513409057,-0.65665131387685549
pyocyanin_simulated_full,612,0.86672488080218169,-0.64259094441733433
pyocyanin_simulated_full,613,0.92924070190720642,-0.62402433945876257
pyocyanin_simulated_full,614,0.99955511379410278,-0.60314162712574992
pyocyanin_simulated_full,615,1.0766746379228742,-0.58023786110648135
pyocyanin_simulated_full,616,1.1636436075332717,-0.5544089033503703
pyocyanin_simulated_full,617,1.2441907755849704,-0.53048715964912052
pyocyanin_simulated_full,618,1.3226052586101189,-0.50719880313993049
pyocyanin_simulated_full,619,1.3974748101115109,-0.48496325761591819
pyocyanin_simulated_full,620,1.4683235715474614,-0.46392184854323693
pyocyanin_simulated_full,621,1.5325866889212256,-0.44483631319242456
pyocyanin_simulated_full,622,1.5908032025982617,-0.42754656169590394
pyocyanin_simulated_full,623,1.6358817746106902,-0.41415865406136726
pyocyanin_simulated_full,624,1.6850076416199775,-0.39956873826266937
pyocyanin_simulated_full,625,1.7335073367062614,-0.3851647895763769
pyocyanin_simulated_full,626,1.7810298769945669,-0.37105104658196775
pyocyanin_simulated_full,627,1.8371921054246012,-0.35437139828779052
pyocyanin_simulated_full,628,1.8750589151619923,-0.34312531553612324
pyocyanin_simulated_full,629,1.9008479546434605,-0.33546621580984703
pyocyanin_simulated_full,630,1.9138258229334515,-0.33161191221940323
pyocyanin_simulated_full,631,1.905589484448968,-0.33405802650285132
pyocyanin_simulated_full,632,1.8981004049625212,-0.33628221196295438
pyocyanin_simulated_full,633,1.8860853255148371,-0.33985057641387051
pyocyanin_simulated_full,634,1.8706261778872704,-0.34444179639505068
pyocyanin_simulated_full,635,1.8542262650716588,-0.34931241469967056
pyocyanin_simulated_full,636,1.8324968910973625,-0.35576583233774439
pyocyanin_simulated_full,637,1.8068372470247205,-0.3633865028568749
pyocyanin_simulated_full,638,1.7769643311049972,-0.3722584750878779
pyocyanin_simulated_full,639,1.7449766701160774,-0.38175850651403886
pyocyanin_simulated_full,640,1.7041910319546445,-0.39387145357834141
pyocyanin_simulated_full,641,1.656411477998502,-0.40806152719042998
pyocyanin_simulated_full,642,1.601604073079784,-0.42433880577277161
pyocyanin_simulated_full,643,1.5393124431227363,-0.44283882809024355
pyocyanin_simulated_full,644,1.4719210796995086,-0.4628534227989427
pyocyanin_simulated_full,645,1.399545857968667,-0.48434817607760622
pyocyanin_simulated_full,646,1.3231640007707035,-0.50703286202637066
pyocyanin_simulated_full,647,1.2433691806280749,-0.53073116554604394
pyocyanin_simulated_full,648,1.1629875575429842,-0.55460374396491297
pyocyanin_simulated_full,649,1.0829331130783575,-0.57837915344174984
pyocyanin_simulated_full,650,1.0046697166350578,-0.60162263867147581
pyocyanin_simulated_full,651,0.92440061821641262,-0.62546179833341164
pyocyanin_simulated_full,652,0.8576175172805558,-0.64529574486194596
pyocyanin_simulated_full,653,0.79964734831631712,-0.6625123343190773
pyocyanin_simulated_full,654,0.75021671150479896,-0.67719276385367921
pyocyanin_simulated_full,655,0.71651001632835187,-0.68720333210245466
pyocyanin_simulated_full,656,0.67388903896644192,-0.69986135747330291
pyocyanin_simulated_full,657,0.62995844080194918,-0.71290832778092539
pyocyanin_simulated_full,658,0.58410807636829409,-0.72652545043242323
pyocyanin_simulated_full,659,0.5330256877497408,-0.7416964345618261
pyocyanin_simulated_full,660,0.48696208435155108,-0.75537688715998885
pyocyanin_simulated_full,661,0.44259223697083128,-0.76855431031189769
pyocyanin_simulated_full,662,0.40068767436362829,-0.78099956730664488
pyocyanin_simulated_full,663,0.36068463762488462,-0.79288008918323893
pyocyanin_simulated_full,664,0.32727613854476878,-0.80280209602431141
pyocyanin_simulated_full,665,0.29897116531773449,-0.81120840417127515
pyocyanin_simulated_full,666,0.27569946578697718,-0.81811987784729512
pyocyanin_simulated_full,667,0.25881633372209778,-0.8231340076782927
pyocyanin_simulated_full,668,0.24297893175378099,-0.82783756560520294
pyocyanin_simulated_full,669,0.22954789136571699,-0.83182645700357194
pyocyanin_simulated_full,670,0.21808182293674039,-0.83523177039761853
pyocyanin_simulated_full,671,0.2084775576406635,-0.83808414594860114
pyocyanin_simulated_full,672,0.20030371864451529,-0.84051169847776819
pyocyanin_simulated_full,673,0.19327385006017589,-0.84259950266251737
pyocyanin_simulated_full,674,0.18823353773452339,-0.84409642753951764
pyocyanin_simulated_full,675,0.18287439164953559,-0.84568804301407219
pyocyanin_simulated_full,676,0.1778634489910576,-0.84717624537893788
pyocyanin_simulated_full,677,0.1734685812193596,-0.8484814793552331
pyocyanin_simulated_full,678,0.16468808703732979,-0.85108920271129229
pyocyanin_simulated_full,679,0.16541282799577681,-0.85087396153178063
pyocyanin_simulated_full,680,0.17128485186713199,-0.84913002622709033
pyocyanin_simulated_full,681,0.18178979357213701,-0.84601015833921622
pyocyanin_simulated_full,682,0.20539551449057311,-0.83899948348430864
pyocyanin_simulated_full,683,0.21657980117445341,-0.835677856591587
pyocyanin_simulated_full,684,0.22224853496115571,-0.83399429651075252
pyocyanin_simulated_full,685,0.2219826955609204,-0.83407324828710849
pyocyanin_simulated_full,686,0.20771618540475781,-0.83831026626951544
pyocyanin_simulated_full,687,0.20301920496867221,-0.83970522483701848
pyocyanin_simulated_full,688,0.2007559671737765,-0.840377384961006
pyocyanin_simulated_full,689,0.20134505836104349,-0.84020243047484178
pyocyanin_simulated_full,690,0.21117315335543421,-0.83728357962987543
pyocyanin_simulated_full,691,0.21237494569667101,-0.83692665872173455
pyocyanin_simulated_full,692,0.21126148934660441,-0.83725734467970292
pyocyanin_simulated_full,693,0.20824667235868491,-0.83815271668390423
pyocyanin_simulated_full,694,0.19825939175612139,-0.84111884414221094
pyocyanin_simulated_full,695,0.1996584191421592,-0.84070334629952637
pyocyanin_simulated_full,696,0.2065980687621955,-0.83864233629008167
pyocyanin_simulated_full,697,0.2193282762140919,-0.83486158561573709
pyocyanin_simulated_full,698,0.24170602721167389,-0.82821560616142587
pyocyanin_simulated_full,699,0.26093147014204709,-0.82250583225567908
pyocyanin_simulated_full,700,0.28123249144508999,-0.81647662179140423
pyocyanin_simulated_full,701,0.30227942587630258,-0.81022588221434888
pyocyanin_simulated_full,702,0.32354795154733479,-0.803909332144217
pyocyanin_simulated_full,703,0.34664767424109028,-0.79704893395498111
pyocyanin_simulated_full,704,0.37128366075322727,-0.78973228000642104
pyocyanin_simulated_full,705,0.3899489524089032,-0.78418886570773871
pyocyanin_simulated_full,706,0.42170460321457881,-0.77475773910186996
pyocyanin_simulated_full,707,0.46095089566479641,-0.76310196308978462
pyocyanin_simulated_full,708,0.50639867212648437,-0.74960440524131522
pyocyanin_simulated_full,709,0.57543113194032369,-0.72910242049526475
pyocyanin_simulated_full,710,0.61673044923464826,-0.7168369156085217
pyocyanin_simulated_full,711,0.64277295937477841,-0.70910253750463192
pyocyanin_simulated_full,712,0.65291721993899576,-0.70608978848904713
pyocyanin_simulated_full,713,0.63153530964020421,-0.71244001271645263
pyocyanin_simulated_full,714,0.6254159685005527,-0.71425739890027606
pyocyanin_simulated_full,715,0.62395780167524661,-0.71469046059458963
pyocyanin_simulated_full,716,0.63044186232747312,-0.71276475618042123
pyocyanin_simulated_full,717,0.647307919544026,-0.70775569741716304
pyocyanin_simulated_full,718,0.67558896630200915,-0.69935649520420251
pyocyanin_simulated_full,719,0.71576206968909639,-0.68742546514870895
pyocyanin_simulated_full,720,0.76727835973214054,-0.67212561641836044
pyocyanin_simulated_full,721,0.83444591615672536,-0.6521774902620584
pyocyanin_simulated_full,722,0.89951221687185867,-0.63285341708922094
pyocyanin_simulated_full,723,0.96644559052228163,-0.61297484099207367
pyocyanin_simulated_full,724,1.0335355829034298,-0.59304975061980236
pyocyanin_simulated_full,725,1.0995296103523649,-0.5734501514205681
pyocyanin_simulated_full,726,1.1632361782948282,-0.55452990596354956
pyocyanin_simulated_full,727,1.2240052391899281,-0.53648207219284294
pyocyanin_simulated_full,728,1.2813781002710511,-0.51944287750248308
pyocyanin_simulated_full,729,1.3326450763474786,-0.5042170726516999
pyocyanin_simulated_full,730,1.3854622386127475,-0.4885308772298308
pyocyanin_simulated_full,731,1.4363903631086434,-0.47340570807932497
pyocyanin_simulated_full,732,1.4881124896199291,-0.4580447278733859
pyocyanin_simulated_full,733,1.5324354540864855,-0.4448812285015889
pyocyanin_simulated_full,734,1.5707016198461432,-0.43351654080525015
pyocyanin_simulated_full,735,1.6023743572109277,-0.42411003870363601
pyocyanin_simulated_full,736,1.6234927378438671,-0.41783808028341746
pyocyanin_simulated_full,737,1.64305921266068,-0.41202702314725181
pyocyanin_simulated_full,738,1.658192593059485,-0.4075325529381767
pyocyanin_simulated_full,739,1.6684896643141731,-0.40447442059924632
pyocyanin_simulated_full,740,1.679464694443709,-0.40121494091519661
pyocyanin_simulated_full,741,1.6745209771098717,-0.40268317799729458
pyocyanin_simulated_full,742,1.6583773363046472,-0.40747768594945183
pyocyanin_simulated_full,743,1.6312083560317243,-0.41554661498114692
pyocyanin_simulated_full,744,1.5890870847916037,-0.42805623238110635
pyocyanin_simulated_full,745,1.546518806804368,-0.44069860653832821
pyocyanin_simulated_full,746,1.5006042490635525,-0.45433479399220678
pyocyanin_simulated_full,747,1.4529761438719322,-0.46847988876001811
pyocyanin_simulated_full,748,1.4049826935696694,-0.48273348755485723
pyocyanin_simulated_full,749,1.3581402972274683,-0.4966452342587423
pyocyanin_simulated_full,750,1.3134192571267049,-0.50992695831212087
pyocyanin_simulated_full,751,1.2717096266558523,-0.52231432231425634
pyocyanin_simulated_full,752,1.2313136182790101,-0.53431155303407651
pyocyanin_simulated_full,753,1.1994115537564551,-0.5437861631229064
pyocyanin_simulated_full,754,1.1728246939105165,-0.55168220791801792
pyocyanin_simulated_full,755,1.1504147658376775,-0.55833774365799349
pyocyanin_simulated_full,756,1.1365528963517846,-0.56245458720547692
pyocyanin_simulated_full,757,1.1099832842570048,-0.57034550958235053
pyocyanin_simulated_full,758,1.0777588934106008,-0.57991584752721537
pyocyanin_simulated_full,759,1.0335737314357425,-0.5930384208681222
pyocyanin_simulated_full,760,0.99201322730936503,-0.60538149576267108
pyocyanin_simulated_full,761,0.94939884945282682,-0.61803756114312025
pyocyanin_simulated_full,762,0.9062143280489694,-0.63086295374067447
pyocyanin_simulated_full,763,0.86465903568281821,-0.64320448079194859
pyocyanin_simulated_full,764,0.8195292932132735,-0.65660758556612187
pyocyanin_simulated_full,765,0.77239546760009281,-0.67060588399486631
pyocyanin_simulated_full,766,0.72316395180214244,-0.68522717648011788
pyocyanin_simulated_full,767,0.67358066406536488,-0.69995294188931523
pyocyanin_simulated_full,768,0.61914173839616171,-0.7161207856351588
pyocyanin_simulated_full,769,0.56210280105359489,-0.73306080814749275
pyocyanin_simulated_full,770,0.50348109329541824,-0.750470898436708
pyocyanin_simulated_full,771,0.4411383911144045,-0.76898608871950402
pyocyanin_simulated_full,772,0.38686872667492589,-0.78510366348812632
pyocyanin_simulated_full,773,0.33829115572294699,-0.79953074056669782
pyocyanin_simulated_full,774,0.29654638410706358,-0.81192854115506141
pyocyanin_simulated_full,775,0.26064951502258932,-0.82258957024754231
pyocyanin_simulated_full,776,0.2359686565360842,-0.82991955074619916
pyocyanin_simulated_full,777,0.219856482503824,-0.83470471336572516
pyocyanin_simulated_full,778,0.22006382798635721,-0.83464313372722576
pyocyanin_simulated_full,779,0.21448359907695591,-0.83630040870031142
pyocyanin_simulated_full,780,0.20699872301201749,-0.83852334578415955
pyocyanin_simulated_full,781,0.1965338300046568,-0.84163131958930204
pyocyanin_simulated_full,782,0.173387270103116,-0.84850562798428975
pyocyanin_simulated_full,783,0.16209051064635249,-0.85186065822204959
pyocyanin_simulated_full,784,0.15586967968208071,-0.85370818591961672
pyocyanin_simulated_full,785,0.1546859162549464,-0.85405975241154652
pyocyanin_simulated_full,786,0.16618520595935021,-0.85064457261430515
pyocyanin_simulated_full,787,0.16724608822320661,-0.85032950066047941
pyocyanin_simulated_full,788,0.16400836573268199,-0.85129107348131894
pyocyanin_simulated_full,789,0.15592010416933769,-0.85369321032594148
pyocyanin_simulated_full,790,0.14009636098979311,-0.85839271172234699
pyocyanin_simulated_full,791,0.12616812278217429,-0.86252926614967029
pyocyanin_simulated_full,792,0.1119680948953795,-0.8667465395296664
pyocyanin_simulated_full,793,0.098807579492697001,-0.87065508757740484
pyocyanin_simulated_full,794,0.082213473616613394,-0.87558337937612185
pyocyanin_simulated_full,795,0.080505107289736796,-0.87609074794546948
pyocyanin_simulated_full,796,0.086802568516693698,-0.87422046178788371
pyocyanin_simulated_full,797,0.099854251582544101,-0.87034423591026111
pyocyanin_simulated_full,798,0.13056674409545971,-0.86122291740718282
pyocyanin_simulated_full,799,0.1351342554816195,-0.85986640991753238
pyocyanin_simulated_full,800,0.13082763409697781,-0.86114543555522582
pyocyanin_simulated_full,801,0.095028310350541503,-0.87177749460900467
pyocyanin_simulated_full,802,0.089817813122759702,-0.87332496278515548
pyocyanin_simulated_full,803,0.1000423871352564,-0.87028836143842137
pyocyanin_simulated_full,804,0.12650047786174709,-0.86243055984845995
pyocyanin_simulated_full,805,0.18586212923490539,-0.84480071333516993
pyocyanin_simulated_full,806,0.22796620202054729,-0.83229620371280277
pyocyanin_simulated_full,807,0.26443583242042518,-0.8214650699509648
pyocyanin_simulated_full,808,0.29190828473770303,-0.81330601260512603
pyocyanin_simulated_full,809,0.30847774038477788,-0.80838504169024372
pyocyanin_simulated_full,810,0.31207326210765618,-0.80731720589654121
pyocyanin_simulated_full,811,0.30295176326735429,-0.81002620439651207
pyocyanin_simulated_full,812,0.28223564200822743,-0.81617869560423228
pyocyanin_simulated_full,813,0.24697212916907391,-0.82665162390883173
pyocyanin_simulated_full,814,0.21528460403809241,-0.83606251783652041
pyocyanin_simulated_full,815,0.18417323131202609,-0.84530229997348294
pyocyanin_simulated_full,816,0.15061523843792499,-0.85526870505115571
pyocyanin_simulated_full,817,0.1309563372955114,-0.86110721192796091
pyocyanin_simulated_full,818,0.1234428551251899,-0.86333864475334565
pyocyanin_simulated_full,819,0.12895630489799609,-0.86170120254941707
pyocyanin_simulated_full,820,0.15348490589967759,-0.85441644107728398
pyocyanin_simulated_full,821,0.18045772048397549,-0.84640577139150719
pyocyanin_simulated_full,822,0.21249458218633799,-0.83689112782086794
pyocyanin_simulated_full,823,0.24734129859815451,-0.82654198409555935
pyocyanin_simulated_full,824,0.28440686384098568,-0.8155338633468342
pyocyanin_simulated_full,825,0.31741987324931331,-0.80572931318107199
pyocyanin_simulated_full,826,0.34569149053247811,-0.79733291143255114
pyocyanin_simulated_full,827,0.3674865469370886,-0.79085998673666691
pyocyanin_simulated_full,828,0.38499837801339121,-0.78565913927201092
pyocyanin_simulated_full,829,0.38730866599353581,-0.78497300568998829
pyocyanin_simulated_full,830,0.37819573522417621,-0.7876794595542872
pyocyanin_simulated_full,831,0.35881297427556502,-0.79343595541690604
pyocyanin_simulated_full,832,0.32438111197589359,-0.80366189141208333
pyocyanin_simulated_full,833,0.29883622070114479,-0.81124848144040829
pyocyanin_simulated_full,834,0.27576442032744819,-0.81810058696585308
pyocyanin_simulated_full,835,0.26008744547986401,-0.82275649956198726
pyocyanin_simulated_full,836,0.24499628549985791,-0.82723843070777947
pyocyanin_simulated_full,837,0.23335506927898059,-0.83069576133209044
pyocyanin_simulated_full,838,0.22568290669512889,-0.83297432073280597
pyocyanin_simulated_full,839,0.22419152153561961,-0.83341724795679895
pyocyanin_simulated_full,840,0.22555204573372781,-0.83301318519514345
pyocyanin_simulated_full,841,0.23192638882339511,-0.83112006585472198
pyocyanin_simulated_full,842,0.2445313762852665,-0.82737650432780629
pyocyanin_simulated_full,843,0.25762823873355228,-0.82348686060281118
pyocyanin_simulated_full,844,0.292719128789377,-0.81306519962491819
pyocyanin_simulated_full,845,0.34308440540935459,-0.79810719094642146
pyocyanin_simulated_full,846,0.40815370057152839,-0.77878222845126066
pyocyanin_simulated_full,847,0.49142112769489249,-0.75405259364859301
pyocyanin_simulated_full,848,0.57403537267700089,-0.72951694773655051
pyocyanin_simulated_full,849,0.65892989772707899,-0.70430408030732172
pyocyanin_simulated_full,850,0.74594206961417975,-0.67846229188545781
pyocyanin_simulated_full,851,0.82447651830488311,-0.65513830671328965
pyocyanin_simulated_full,852,0.893675969308526,-0.63458672717030884
pyocyanin_simulated_full,853,0.95129963137547002,-0.61747304696980687
pyocyanin_simulated_full,854,0.99776273987661679,-0.60367394515142392
pyocyanin_simulated_full,855,1.0273842691736097,-0.59487663235916144
pyocyanin_simulated_full,856,1.041938516898657,-0.59055415905234554
pyocyanin_simulated_full,857,1.0427227316520049,-0.59032125472075836
pyocyanin_simulated_full,858,1.0269862275760118,-0.59499484693219351
pyocyanin_simulated_full,859,1.0113606759172211,-0.599635487329784
pyocyanin_simulated_full,860,0.99471144686840296,-0.60458015018712485
pyocyanin_simulated_full,861,0.9806071045644198,-0.60876900585805327
pyocyanin_simulated_full,862,0.96621370105826376,-0.61304370995990254
pyocyanin_simulated_full,863,0.97214833512953858,-0.61128118002064236
pyocyanin_simulated_full,864,0.9932348968885254,-0.60501867150370359
pyocyanin_simulated_full,865,1.0419149788970401,-0.59056114961521122
pyocyanin_simulated_full,866,1.0883282990448258,-0.57677683446477979
pyocyanin_simulated_full,867,1.1383489458464096,-0.56192117756831128
pyocyanin_simulated_full,868,1.1911027050337051,-0.54625381225826153
pyocyanin_simulated_full,869,1.2346162893479646,-0.53333069110246467
pyocyanin_simulated_full,870,1.2990500360911048,-0.51419448044995208
pyocyanin_simulated_full,871,1.3755882243669042,-0.49146336565623888
pyocyanin_simulated_full,872,1.4633179858343013,-0.46540845994623492
pyocyanin_simulated_full,873,1.5682992634325572,-0.43423001783734111
pyocyanin_simulated_full,874,1.6648561817342002,-0.40555353040687209
pyocyanin_simulated_full,875,1.7572944792342045,-0.37810023422697814
pyocyanin_simulated_full,876,1.8423752948920435,-0.35283204025703285
pyocyanin_simulated_full,877,1.9162682875200321,-0.33088652344096647
pyocyanin_simulated_full,878,1.9793984091406835,-0.31213747706520001
pyocyanin_simulated_full,879,2.0283563922530456,-0.29759742118896693
pyocyanin_simulated_full,880,2.069898365550999,-0.28525984977441432
pyocyanin_simulated_full,881,2.0820104693889223,-0.28166267000134326
pyocyanin_simulated_full,882,2.0694815482083042,-0.2853836405653678
pyocyanin_simulated_full,883,2.0334681440090834,-0.29607927947982748
pyocyanin_simulated_full,884,1.957486123221974,-0.31864521781307376
pyocyanin_simulated_full,885,1.8947710066405328,-0.33727101163480455
pyocyanin_simulated_full,886,1.8339109742591475,-0.35534586307269511
pyocyanin_simulated_full,887,1.7770895886304388,-0.37222127479278688
pyocyanin_simulated_full,888,1.7401969302790172,-0.38317804383740472
pyocyanin_simulated_full,889,1.6792466387737921,-0.40127970137760055
pyocyanin_simulated_full,890,1.6086695440686931,-0.42224042801209338
pyocyanin_simulated_full,891,1.5289093459136114,-0.44592844913037921
pyocyanin_simulated_full,892,1.4317981876167101,-0.47476954057407739
pyocyanin_simulated_full,893,1.3494048861045389,-0.49923956837454436
pyocyanin_simulated_full,894,1.2716334056602874,-0.52233695922582835
pyocyanin_simulated_full,895,1.2108035022008869,-0.54040286266011872
pyocyanin_simulated_full,896,1.1389271351180108,-0.56174946084752997
pyocyanin_simulated_full,897,1.0635482138811736,-0.5841362843438811
pyocyanin_simulated_full,898,0.98568413664016497,-0.60726117556411863
pyocyanin_simulated_full,899,0.89473462695376649,-0.63427231590707778
pyocyanin_simulated_full,900,0.82745891040406683,-0.65425256459300174
pyocyanin_simulated_full,901,0.77604056474683225,-0.66952332477125098
pyocyanin_simulated_full,902,0.74217958029681375,-0.67957971546850615
pyocyanin_simulated_full,903,0.73442459812632888,-0.68188287149965332
pyocyanin_simulated_full,904,0.72859217843372281,-0.68361504473950074
pyocyanin_simulated_full,905,0.73178217720402494,-0.68266764541018488
pyocyanin_simulated_full,906,0.74326876891072868,-0.67925623679762759
pyocyanin_simulated_full,907,0.76099077419786199,-0.67399296958904131
pyocyanin_simulated_full,908,0.789913016811156,-0.66540333829850962
pyocyanin_simulated_full,909,0.8280221264685107,-0.65408529477249844
pyocyanin_simulated_full,910,0.87003085148069825,-0.64160910253302927
pyocyanin_simulated_full,911,0.92859683004941485,-0.62421556328364802
pyocyanin_simulated_full,912,0.99924273634675242,-0.60323440025998076
pyocyanin_simulated_full,913,1.0804014191389939,-0.57913104249027092
pyocyanin_simulated_full,914,1.1766044488260361,-0.55055965661634376
pyocyanin_simulated_full,915,1.2660877540679487,-0.52398396506423606
pyocyanin_simulated_full,916,1.3521785091020171,-0.49841582869412532
pyocyanin_simulated_full,917,1.4322541053737674,-0.47463413733151799
pyocyanin_simulated_full,918,1.5024866422366197,-0.45377574110282165
pyocyanin_simulated_full,919,1.5663344097431069,-0.43481356071670491
pyocyanin_simulated_full,920,1.6203152607403448,-0.41878176079665735
pyocyanin_simulated_full,921,1.6678710401396948,-0.40465814610204454
pyocyanin_simulated_full,922,1.6966617757813944,-0.39610757113274053
pyocyanin_simulated_full,923,1.7091991120416643,-0.39238410137000401
pyocyanin_simulated_full,924,1.7059830627828745,-0.39333923744691712
pyocyanin_simulated_full,925,1.6788880444865928,-0.40138620047419954
pyocyanin_simulated_full,926,1.6550674222779227,-0.40846069897071235
pyocyanin_simulated_full,927,1.6286218807852322,-0.41631477355745461
pyocyanin_simulated_full,928,1.6008170805449304,-0.42457253507907672
pyocyanin_simulated_full,929,1.575990313008035,-0.43194584917954176
pyocyanin_simulated_full,930,1.542058877574783,-0.44202316314952239
pyocyanin_simulated_full,931,1.5024410539698212,-0.45378928038496541
pyocyanin_simulated_full,932,1.4562194544701377,-0.4675166563242853
pyocyanin_simulated_full,933,1.4066300190490897,-0.48224424753730705
pyocyanin_simulated_full,934,1.3401210660009977,-0.50199677474762106
pyocyanin_simulated_full,935,1.2627230535854517,-0.52498324914238148
pyocyanin_simulated_full,936,1.1650432788461729,-0.55399321426752479
pyocyanin_simulated_full,937,1.0771682231216917,-0.58009127099156554
pyocyanin_simulated_full,938,0.99294734521877004,-0.6051040716178373
pyocyanin_simulated_full,939,0.91355373768127635,-0.62868321880536504
pyocyanin_simulated_full,940,0.85100334732313165,-0.64726009050370026
pyocyanin_simulated_full,941,0.77171497844104964,-0.6708079828103537
pyocyanin_simulated_full,942,0.68742022891742149,-0.69584272260618374
pyocyanin_simulated_full,943,0.5996809161626121,-0.72190046495781046
pyocyanin_simulated_full,944,0.49939528799086508,-0.7516843437964007
pyocyanin_simulated_full,945,0.42712101186559559,-0.77314911718920765
pyocyanin_simulated_full,946,0.37020186609706079,-0.79005356274209193
pyocyanin_simulated_full,947,0.3391467782039761,-0.79927662881837336
pyocyanin_simulated_full,948,0.30774675383752698,-0.80860213775029599
pyocyanin_simulated_full,949,0.28114617274817583,-0.81650225762434725
pyocyanin_simulated_full,950,0.2575180898289976,-0.82351957378103291
pyocyanin_simulated_full,951,0.2342243708237369,-0.83043758703179205
pyocyanin_simulated_full,952,0.21432375238442239,-0.83634788164942642
pyocyanin_simulated_full,953,0.19576586006103741,-0.84185939936672805
pyocyanin_simulated_full,954,0.17813829657369171,-0.8470946182579886
pyocyanin_simulated_full,955,0.16139373133425411,-0.85206759505823537
pyocyanin_simulated_full,956,0.14487596830918359,-0.85697321375547009
pyocyanin_simulated_full,957,0.12881110031322571,-0.86174432693162861
pyocyanin_simulated_full,958,0.109683218515001,-0.86742512610797262
pyocyanin_simulated_full,959,0.097121566218476299,-0.87115581750247084
pyocyanin_simulated_full,960,0.088581418277766694,-0.87369216030818297
pyocyanin_simulated_full,961,0.083549954701633899,-0.87518645719064037
pyocyanin_simulated_full,962,0.090947723912310596,-0.87298939001497977
pyocyanin_simulated_full,963,0.083830284078519099,-0.87510320202887637
pyocyanin_simulated_full,964,0.070453580037742297,-0.87907595604830435
pyocyanin_simulated_full,965,0.051968358389150301,-0.88456589126557472
pyocyanin_simulated_full,966,0.0147887005164561,-0.89560789644147221
pyocyanin_simulated_full,967,0.0095013006134024997,-0.89717820398159176
pyocyanin_simulated_full,968,0.018704934098450299,-0.89444481227242278
pyocyanin_simulated_full,969,0.063693419747126903,-0.88108365943208655
pyocyanin_simulated_full,970,0.087715438008915597,-0.87394934822109016
pyocyanin_simulated_full,971,0.1015904156832719,-0.86982861166616277
pyocyanin_simulated_full,972,0.1033725749649933,-0.86929932729027037
pyocyanin_simulated_full,973,0.077946067496978494,-0.87685075845265914
pyocyanin_simulated_full,974,0.068091326701968602,-0.87977752284727029
pyocyanin_simulated_full,975,0.062446488582128999,-0.88145398614205894
pyocyanin_simulated_full,976,0.062296239755027502,-0.8814986086163219
pyocyanin_simulated_full,977,0.074055208142171397,-0.87800630671729285
pyocyanin_simulated_full,978,0.079012817543748504,-0.87653394382305294
pyocyanin_simulated_full,979,0.083697881940742999,-0.87514252420595584
pyocyanin_simulated_full,980,0.085906846795938296,-0.87448648262945827
pyocyanin_simulated_full,981,0.091400627064022993,-0.87285488208156869
pyocyanin_simulated_full,982,0.099330583210187104,-0.87049976044192356
pyocyanin_simulated_full,983,0.1103574944120374,-0.86722487257227432
pyocyanin_simulated_full,984,0.12763289910084641,-0.86209424149861813
pyocyanin_simulated_full,985,0.1455105158960632,-0.85678475915046348
pyocyanin_simulated_full,986,0.1670860094180765,-0.8503770425448306
pyocyanin_simulated_full,987,0.19396382272100859,-0.84239458733709316
pyocyanin_simulated_full,988,0.22349103221970071,-0.83362528662887392
pyocyanin_simulated_full,989,0.2722788780037097,-0.81913575992283161
pyocyanin_simulated_full,990,0.33623303459703829,-0.80014198298863526
pyocyanin_simulated_full,991,0.42858176088360389,-0.77271528860819272
pyocyanin_simulated_full,992,0.52038540462712768,-0.74545047856466806
pyocyanin_simulated_full,993,0.61991923834682394,-0.71588987553617756
pyocyanin_simulated_full,994,0.72959126805775198,-0.6833183246126644
pyocyanin_simulated_full,995,0.81665429433897585,-0.65746143291887038
pyocyanin_simulated_full,996,0.98185651868762203,-0.6083979417330827
pyocyanin_simulated_full,997,1.19301974653487,-0.54568446914459567
pyocyanin_simulated_full,998,1.4439053671483777,-0.47117382327318263
pyocyanin_simulated_full,999,1.7524129496249503,-0.37955000214566759
pyocyanin_simulated_full,1000,2.0090414879227954,-0.30333376428058056
pyocyanin_simulated_full,1001,2.2329147370041236,-0.23684553613266823
pyocyanin_simulated_full,1002,2.4401586267367601,-0.1752960697299244
pyocyanin_simulated_full,1003,2.544157819086569,-0.14440929760986299
pyocyanin_simulated_full,1004,2.5596003291123264,-0.13982301883836057
pyocyanin_simulated_full,1005,2.4885174955180194,-0.16093394511835324
pyocyanin_simulated_full,1006,2.2866838193309453,-0.22087662949590037
pyocyanin_simulated_full,1007,2.119120232068453,-0.27064142303380057
pyocyanin_simulated_full,1008,1.9512894178223088,-0.32048558044714925
pyocyanin_simulated_full,1009,1.7955447142601082,-0.36674027780721996
pyocyanin_simulated_full,1010,1.6708501065162531,-0.40377339168978144
pyocyanin_simulated_full,1011,1.5462551314674071,-0.44077691560845061
pyocyanin_simulated_full,1012,1.4377060773347361,-0.47301495345365674
pyocyanin_simulated_full,1013,1.3541283555326342,-0.49783674282806378
pyocyanin_simulated_full,1014,1.2748315727926895,-0.52138713397056946
pyocyanin_simulated_full,1015,1.205048021880001,-0.54211218563750063
pyocyanin_simulated_full,1016,1.1444706130231901,-0.56010310057355828
pyocyanin_simulated_full,1017,1.0883688505786979,-0.57676479104446532
pyocyanin_simulated_full,1018,1.0506638890867519,-0.58796280640481791
pyocyanin_simulated_full,1019,1.0267626157742649,-0.59506125751296679
pyocyanin_simulated_full,1020,1.0199403448937638,-0.59708740715188524
pyocyanin_simulated_full,1021,1.0202736831226611,-0.59698840886466553
pyocyanin_simulated_full,1022,1.0283771434925604,-0.59458175811888714
pyocyanin_simulated_full,1023,1.0427762034141366,-0.59030537411539497
pyocyanin_simulated_full,1024,1.0584292577605261,-0.58565656568086721
pyocyanin_simulated_full,1025,1.0832248424257755,-0.57829251259703907
pyocyanin_simulated_full,1026,1.1127860212101282,-0.56951312333369186
pyocyanin_simulated_full,1027,1.1448587006655282,-0.55998784223067433
pyocyanin_simulated_full,1028,1.184280454302032,-0.54827995591316947
pyocyanin_simulated_full,1029,1.2061678000163896,-0.54177962216905251
pyocyanin_simulated_full,1030,1.2169955744008212,-0.53856387604234723
pyocyanin_simulated_full,1031,1.2096608938588611,-0.54074220648275073
pyocyanin_simulated_full,1032,1.2010177528343955,-0.5433091372558887
pyocyanin_simulated_full,1033,1.1886786182227489,-0.54697374301192947
pyocyanin_simulated_full,1034,1.1743443004222729,-0.5512308992205146
pyocyanin_simulated_full,1035,1.1593662368342337,-0.55567924181232531
pyocyanin_simulated_full,1036,1.1454860731239669,-0.55980151857064997
pyocyanin_simulated_full,1037,1.1337339347556732,-0.56329179201896662
pyocyanin_simulated_full,1038,1.1249454546642921,-0.56590188711423572
pyocyanin_simulated_full,1039,1.1154227476448224,-0.56873004063188182
pyocyanin_simulated_full,1040,1.1179579114897913,-0.56797712105436049
pyocyanin_simulated_full,1041,1.1261894246332127,-0.56553243985136636
pyocyanin_simulated_full,1042,1.1519283760540526,-0.55788821580325276
pyocyanin_simulated_full,1043,1.1554636558630951,-0.55683827128565233
pyocyanin_simulated_full,1044,1.1438229073618229,-0.56029546300168398
pyocyanin_simulated_full,1045,1.1154406481481589,-0.56872472435244836
pyocyanin_simulated_full,1046,1.0606943596419078,-0.5849838519409023
pyocyanin_simulated_full,1047,1.0095440070862809,-0.60017502071394857
pyocyanin_simulated_full,1048,0.95430269812663782,-0.6165811646742918
pyocyanin_simulated_full,1049,0.90141969333516681,-0.63228691470092924
pyocyanin_simulated_full,1050,0.84112418134550548,-0.65019410894550567
pyocyanin_simulated_full,1051,0.77708907565868923,-0.66921192699143939
pyocyanin_simulated_full,1052,0.71086849894323023,-0.68887880917057953
pyocyanin_simulated_full,1053,0.6363862076541974,-0.71099934209055093
pyocyanin_simulated_full,1054,0.57724851876720362,-0.72856267387312723
pyocyanin_simulated_full,1055,0.52836583076639054,-0.74308036781654507
pyocyanin_simulated_full,1056,0.49019969873331221,-0.75441534644642505
pyocyanin_simulated_full,1057,0.46948471384015789,-0.76056750016424712
pyocyanin_simulated_full,1058,0.4411138678645542,-0.768993371891735
pyocyanin_simulated_full,1059,0.4122576215258153,-0.77756340291569825
pyocyanin_simulated_full,1060,0.37939725732276358,-0.78732261890564581
pyocyanin_simulated_full,1061,0.3495548697076053,-0.7961855245202164
pyocyanin_simulated_full,1062,0.3210780165741578,-0.80464287936650014
pyocyanin_simulated_full,1063,0.29456909913267559,-0.81251577600795266
pyocyanin_simulated_full,1064,0.26792898392368691,-0.82042763713995615
pyocyanin_simulated_full,1065,0.24927862290355421,-0.82596661718172537
pyocyanin_simulated_full,1066,0.23593625076453331,-0.82992917495249019
pyocyanin_simulated_full,1067,0.23238117880411471,-0.83098499755102084
pyocyanin_simulated_full,1068,0.22602232410377929,-0.83287351698695278
pyocyanin_simulated_full,1069,0.2181165444955977,-0.83522145842449791
pyocyanin_simulated_full,1070,0.20773510213494081,-0.83830464818036277
pyocyanin_simulated_full,1071,0.19363422175263881,-0.84249247569344066
pyocyanin_simulated_full,1072,0.17867588517902119,-0.84693495954937759
pyocyanin_simulated_full,1073,0.16268715691475991,-0.85168345994856098
pyocyanin_simulated_full,1074,0.14677845215647389,-0.85640819412670499
pyocyanin_simulated_full,1075,0.12733625330968659,-0.86218234248041337
pyocyanin_simulated_full,1076,0.1207779562772701,-0.86413009439424149
pyocyanin_simulated_full,1077,0.1217320777458429,-0.8638467293823715
pyocyanin_simulated_full,1078,0.13835219705528201,-0.85891071184107937
pyocyanin_simulated_full,1079,0.1480318584644742,-0.85603594436077579
pyocyanin_simulated_full,1080,0.15510601471647381,-0.85393498715947092
pyocyanin_simulated_full,1081,0.1589011015190932,-0.85280788243298333
pyocyanin_simulated_full,1082,0.154380600292189,-0.85415042835193833
pyocyanin_simulated_full,1083,0.15774199462924171,-0.85315212616758096
pyocyanin_simulated_full,1084,0.16455106274675491,-0.85112989762384184
pyocyanin_simulated_full,1085,0.17637434401605159,-0.84761849540979539
pyocyanin_simulated_full,1086,0.19142790991340211,-0.84314772934940252
pyocyanin_simulated_full,1087,0.20995565173742819,-0.83764516604397632
pyocyanin_simulated_full,1088,0.23153516889281531,-0.83123625445745652
pyocyanin_simulated_full,1089,0.25611822380080979,-0.82393532069246866
pyocyanin_simulated_full,1090,0.2814301148602098,-0.81641792951456549
pyocyanin_simulated_full,1091,0.30694594578069989,-0.80883997013537767
pyocyanin_simulated_full,1092,0.33166426432136831,-0.80149886435651041
pyocyanin_simulated_full,1093,0.35644279978168403,-0.79413987472457759
pyocyanin_simulated_full,1094,0.3744524059519464,-0.78879119278595322
pyocyanin_simulated_full,1095,0.38747335184910481,-0.78492409555542442
pyocyanin_simulated_full,1096,0.39155746527639029,-0.78371115266720714
pyocyanin_simulated_full,1097,0.3968189512651879,-0.78214854131343547
pyocyanin_simulated_full,1098,0.40073510341897561,-0.78098548132778989
pyocyanin_simulated_full,1099,0.40325144719595468,-0.78023815113166806
pyocyanin_simulated_full,1100,0.40877014367363179,-0.77859915070623731
pyocyanin_simulated_full,1101,0.40279368104966151,-0.78037410332827051
pyocyanin_simulated_full,1102,0.39049470999833469,-0.78402678088845601
pyocyanin_simulated_full,1103,0.36777325264919047,-0.79077483786391967
pyocyanin_simulated_full,1104,0.34837244525014738,-0.79653669335087285
pyocyanin_simulated_full,1105,0.33111606681343209,-0.80166167380840947
pyocyanin_simulated_full,1106,0.31783597636664812,-0.80560573450826523
pyocyanin_simulated_full,1107,0.30863376890283101,-0.80833870270267605
pyocyanin_simulated_full,1108,0.30812202937067229,-0.80849068448212535
pyocyanin_simulated_full,1109,0.31533802308680581,-0.8063476029014498
pyocyanin_simulated_full,1110,0.3358360433320845,-0.80025988562285033
pyocyanin_simulated_full,1111,0.35505761865173929,-0.79455126036074397
pyocyanin_simulated_full,1112,0.37503084577733481,-0.78861940165307742
pyocyanin_simulated_full,1113,0.39515658119223268,-0.78264224943233973
pyocyanin_simulated_full,1114,0.40998767684526771,-0.7782375549210081
pyocyanin_simulated_full,1115,0.43519661956372269,-0.77075073842234099
pyocyanin_simulated_full,1116,0.46662610408603949,-0.76141648010400154
pyocyanin_simulated_full,1117,0.50424435450682159,-0.75024421710801648
pyocyanin_simulated_full,1118,0.54983296012910132,-0.73670483433674927
pyocyanin_simulated_full,1119,0.59452864467039546,-0.72343064064365148
pyocyanin_simulated_full,1120,0.64011242453496997,-0.70989269107657738
pyocyanin_simulated_full,1121,0.68347315561060251,-0.69701496588052414
pyocyanin_simulated_full,1122,0.72844102522811893,-0.68365993580558715
pyocyanin_simulated_full,1123,0.77217648588829046,-0.67067091948291269
pyocyanin_simulated_full,1124,0.8129211301389756,-0.65857014722065399
pyocyanin_simulated_full,1125,0.85284064039310703,-0.64671443191647571
pyocyanin_simulated_full,1126,0.87697110457350036,-0.63954791329790606
pyocyanin_simulated_full,1127,0.88846935451413722,-0.63613304230062551
pyocyanin_simulated_full,1128,0.88407181079921282,-0.6374390710066371
pyocyanin_simulated_full,1129,0.87002690856262077,-0.64161027354223987
pyocyanin_simulated_full,1130,0.84524012589869701,-0.64897171251529462
pyocyanin_simulated_full,1131,0.81061413625350442,-0.65925530248785302
pyocyanin_simulated_full,1132,0.76809815477335541,-0.67188214507929478
pyocyanin_simulated_full,1133,0.71674354945635155,-0.68713397498203832
pyocyanin_simulated_full,1134,0.65917786237439802,-0.70423043716276912
pyocyanin_simulated_full,1135,0.59113068180091777,-0.72443980333473257
pyocyanin_simulated_full,1136,0.53036883708721205,-0.7424854939681198
pyocyanin_simulated_full,1137,0.47511627253931421,-0.75889498073124495
pyocyanin_simulated_full,1138,0.42644122369655318,-0.77335100781732435
pyocyanin_simulated_full,1139,0.39111633077093749,-0.78384216542448304
pyocyanin_simulated_full,1140,0.34903887067059608,-0.79633877133214037
pyocyanin_simulated_full,1141,0.30570565986194947,-0.80920832327034553
pyocyanin_simulated_full,1142,0.2592213796509466,-0.82301371288542124
pyocyanin_simulated_full,1143,0.21352668012369361,-0.83658460453855754
pyocyanin_simulated_full,1144,0.1685983849261245,-0.84992788138673314
pyocyanin_simulated_full,1145,0.1255627069302776,-0.86270906890614274
pyocyanin_simulated_full,1146,0.1060140670709656,-0.8685148292293654
pyocyanin_simulated_full,1147,0.086465427211653706,-0.87432058955258796
pyocyanin_simulated_full,1148,0.0669167873523418,-0.88012634987581051
pyocyanin_simulated_full,1149,0.047368147493029901,-0.88593211019903317
pyocyanin_simulated_full,1150,0.027819507633717998,-0.89173787052225573
pyocyanin_simulated_full,1151,0.0082708677744055999,-0.8975436308454785
pyocyanin_simulated_full,1152,0.0140830079912746,-0.89581748041726694
pyocyanin_simulated_full,1153,0.0286432615402917,-0.89149322343778825
pyocyanin_simulated_full,1154,0.037738261923078199,-0.88879209472796028
pyocyanin_simulated_full,1155,0.0443476079177152,-0.88682918175732528
pyocyanin_simulated_full,1156,0.048420431126967402,-0.88561959195660511
pyocyanin_simulated_full,1157,0.045308770829398097,-0.88654372550374649
pyocyanin_simulated_full,1158,0.053781938622287903,-0.88402727516561541
pyocyanin_simulated_full,1159,0.067853382795105999,-0.87984818992710589
pyocyanin_simulated_full,1160,0.090366278723567006,-0.87316207371222065
pyocyanin_simulated_full,1161,0.11379078152616449,-0.86620521891611801
pyocyanin_simulated_full,1162,0.1390575096306714,-0.85870124070676335
pyocyanin_simulated_full,1163,0.1649354557722274,-0.85101573654706753
pyocyanin_simulated_full,1164,0.1938751788029405,-0.84242091373862893
pyocyanin_simulated_full,1165,0.2137965397074395,-0.8365044588058913
pyocyanin_simulated_full,1166,0.22883049463546609,-0.83203951701708057
pyocyanin_simulated_full,1167,0.22967997503081511,-0.83178722940985228
pyocyanin_simulated_full,1168,0.24391867830902489,-0.82755846980602787
pyocyanin_simulated_full,1169,0.26513781045995682,-0.82125658914211996
pyocyanin_simulated_full,1170,0.29301671587255318,-0.81297681908833652
pyocyanin_simulated_full,1171,0.33648255769269803,-0.80006787699973092
pyocyanin_simulated_full,1172,0.36060870989851118,-0.79290263899664715
pyocyanin_simulated_full,1173,0.37572187982867628,-0.78841417110475553
pyocyanin_simulated_full,1174,0.37159259447228682,-0.78964052962677678
pyocyanin_simulated_full,1175,0.375045681174909,-0.7886149956809364
pyocyanin_simulated_full,1176,0.38047474731478131,-0.78700261461433207
pyocyanin_simulated_full,1177,0.38857146715643409,-0.78459796574140683
pyocyanin_simulated_full,1178,0.40562135761701618,-0.77953431025111519
pyocyanin_simulated_full,1179,0.41140808486815211,-0.77781570723229931
pyocyanin_simulated_full,1180,0.4126854850925421,-0.7774363315011481
pyocyanin_simulated_full,1181,0.40424178954244938,-0.77994402886315906
pyocyanin_simulated_full,1182,0.40175656947324428,-0.78068211561375189
pyocyanin_simulated_full,1183,0.40271620452663209,-0.78039711311957172
pyocyanin_simulated_full,1184,0.40809610251850648,-0.77879933452581807
pyocyanin_simulated_full,1185,0.42034277674762738,-0.77516218862500008
pyocyanin_simulated_full,1186,0.43332670406781287,-0.77130608556015023
pyocyanin_simulated_full,1187,0.44889347779543448,-0.76668290164971775
pyocyanin_simulated_full,1188,0.46646111826863768,-0.76146547932438002
pyocyanin_simulated_full,1189,0.48614916578690431,-0.75561831625084142
pyocyanin_simulated_full,1190,0.50749667283210076,-0.74927830946291751
pyocyanin_simulated_full,1191,0.53006535727399451,-0.74257562458954185
pyocyanin_simulated_full,1192,0.55714630661783393,-0.73453283990747775
pyocyanin_simulated_full,1193,0.57742484255788462,-0.7285103073823973
pyocyanin_simulated_full,1194,0.59550341830582698,-0.72314114213442315
pyocyanin_simulated_full,1195,0.60002027350296283,-0.72179967905167164
pyocyanin_simulated_full,1196,0.62541911491230506,-0.71425646444587687
pyocyanin_simulated_full,1197,0.66490040585538035,-0.7025308961139336
pyocyanin_simulated_full,1198,0.71790348150225292,-0.68678948618393298
pyocyanin_simulated_full,1199,0.79453586182083735,-0.664030397248351
pyocyanin_simulated_full,1200,0.85179987880735786,-0.64702352822005293
pyocyanin_simulated_full,1201,0.89967898424253712,-0.63280388876444427
pyocyanin_simulated_full,1202,0.928431771314845,-0.62426458415973274
pyocyanin_simulated_full,1203,0.95547276701982997,-0.61623366532884272
pyocyanin_simulated_full,1204,0.97565324184732483,-0.61024025602259613
pyocyanin_simulated_full,1205,0.98846631049138123,-0.60643489636137371
pyocyanin_simulated_full,1206,0.99810612015043976,-0.60357196447226236
pyocyanin_simulated_full,1207,0.98868930763750762,-0.60636866832748038
pyocyanin_simulated_full,1208,0.96540532425342696,-0.61328379019123891
pyocyanin_simulated_full,1209,0.92627637542559715,-0.62490471626225697
pyocyanin_simulated_full,1210,0.88055345077323843,-0.63848399050940685
pyocyanin_simulated_full,1211,0.82914215385737244,-0.65375265727843368
pyocyanin_simulated_full,1212,0.77533730192991757,-0.66973218714677307
pyocyanin_simulated_full,1213,0.71712363142566737,-0.68702109424798685
pyocyanin_simulated_full,1214,0.67425034332020473,-0.6997540535126805
pyocyanin_simulated_full,1215,0.64322322531619902,-0.70896881279762358
pyocyanin_simulated_full,1216,0.63249927082825885,-0.71215372540137545
pyocyanin_simulated_full,1217,0.62296289451981512,-0.71498593856798653
pyocyanin_simulated_full,1218,0.6190224726142507,-0.71615620643934363
pyocyanin_simulated_full,1219,0.62046046670086907,-0.71572913585677611
pyocyanin_simulated_full,1220,0.62161629212483305,-0.71538586668637272
pyocyanin_simulated_full,1221,0.64092562399092012,-0.70965117856367632
pyocyanin_simulated_full,1222,0.67126225944906892,-0.70064148603516563
pyocyanin_simulated_full,1223,0.72192959086135522,-0.68559376995291865
pyocyanin_simulated_full,1224,0.76273781643578242,-0.67347411464154061
pyocyanin_simulated_full,1225,0.79920792111931882,-0.66264284002196194
pyocyanin_simulated_full,1226,0.83066665352838909,-0.65329989535911592
pyocyanin_simulated_full,1227,0.84835556602988549,-0.64804645639347735
pyocyanin_simulated_full,1228,0.88481202916758661,-0.637219233183415
pyocyanin_simulated_full,1229,0.92991175534943382,-0.62382504296152874
pyocyanin_simulated_full,1230,0.98958088969648217,-0.60610387692612733
pyocyanin_simulated_full,1231,1.0465378603752016,-0.58918819773426057
pyocyanin_simulated_full,1232,1.1031905559140589,-0.57236288536827351
pyocyanin_simulated_full,1233,1.1577117713363241,-0.55617060234753546
pyocyanin_simulated_full,1234,1.2113006887338302,-0.54025520298318064
pyocyanin_simulated_full,1235,1.2544672415249496,-0.52743514689290527
pyocyanin_simulated_full,1236,1.2906334883198602,-0.5166941151795531
pyocyanin_simulated_full,1237,1.3100128417365295,-0.51093863132154893
pyocyanin_simulated_full,1238,1.3437066011642376,-0.50093190486725736
pyocyanin_simulated_full,1239,1.3845068904516198,-0.48881460655773573
pyocyanin_simulated_full,1240,1.4430907223691225,-0.47141576503337457
pyocyanin_simulated_full,1241,1.4928217601073184,-0.45664611927740301
pyocyanin_simulated_full,1242,1.5349931535705617,-0.44412161605334471
pyocyanin_simulated_full,1243,1.5670971906553284,-0.43458702203230748
pyocyanin_simulated_full,1244,1.5855637158660232,-0.42910263947947369
pyocyanin_simulated_full,1245,1.5963674320775032,-0.4258940384015788
pyocyanin_simulated_full,1246,1.5983039155573715,-0.42531892120493969
pyocyanin_simulated_full,1247,1.5876299104691889,-0.42848899931149026
pyocyanin_simulated_full,1248,1.5773961593909029,-0.43152832615958026
pyocyanin_simulated_full,1249,1.566991578969738,-0.43461838769960109
pyocyanin_simulated_full,1250,1.5573953963176836,-0.43746836278209539
pyocyanin_simulated_full,1251,1.5559521429498466,-0.43789699532122084
pyocyanin_simulated_full,1252,1.5425723231915889,-0.44187067467914098
pyocyanin_simulated_full,1253,1.5237907518955751,-0.4474486229263297
pyocyanin_simulated_full,1254,1.4916422670799121,-0.45699641750118308
pyocyanin_simulated_full,1255,1.4701291073518641,-0.46338562156218865
pyocyanin_simulated_full,1256,1.4569055626894889,-0.46731288870126836
pyocyanin_simulated_full,1257,1.4534237140289621,-0.46834696467536346
pyocyanin_simulated_full,1258,1.463041268717445,-0.46549064230108739
pyocyanin_simulated_full,1259,1.4751872291978805,-0.46188340742683337
pyocyanin_simulated_full,1260,1.4911008047953758,-0.4571572266557179
pyocyanin_simulated_full,1261,1.5121473752317651,-0.45090659518166715
pyocyanin_simulated_full,1262,1.5269043286458928,-0.44652392021092868
pyocyanin_simulated_full,1263,1.5351007512124362,-0.4440896605759016
pyocyanin_simulated_full,1264,1.5348799048002779,-0.44415524986223881
pyocyanin_simulated_full,1265,1.5238187322464221,-0.44744031302794568
pyocyanin_simulated_full,1266,1.5050757044198939,-0.45300681423086592
pyocyanin_simulated_full,1267,1.4772274628507895,-0.46127747741444325
pyocyanin_simulated_full,1268,1.4393475602206629,-0.4725274486308686
pyocyanin_simulated_full,1269,1.3945670641576122,-0.48582683054020603
pyocyanin_simulated_full,1270,1.3427011712348458,-0.50123050800455249
pyocyanin_simulated_full,1271,1.2842967199298885,-0.51857607519113036
pyocyanin_simulated_full,1272,1.2212618557379804,-0.53729683101551973
pyocyanin_simulated_full,1273,1.1500332078565751,-0.55845106275352308
pyocyanin_simulated_full,1274,1.073196986136582,-0.58127069064879966
pyocyanin_simulated_full,1275,0.98969587286890659,-0.60606972801627457
pyocyanin_simulated_full,1276,0.90778746326293935,-0.63039574752714445
pyocyanin_simulated_full,1277,0.82751526313297075,-0.65423582836787664
pyocyanin_simulated_full,1278,0.75064175140229672,-0.67706653104206471
pyocyanin_simulated_full,1279,0.6779852979425105,-0.69864480747248148
pyocyanin_simulated_full,1280,0.61076022299762178,-0.71861001608287922
pyocyanin_simulated_full,1281,0.54983238667414314,-0.73670500464742394
pyocyanin_simulated_full,1282,0.4967908841665295,-0.75245782699000374
pyocyanin_simulated_full,1283,0.44923585080033152,-0.76658122011985796
pyocyanin_simulated_full,1284,0.40811319825826481,-0.77879425725352192
pyocyanin_simulated_full,1285,0.3736873351200834,-0.78901841155472963
pyocyanin_simulated_full,1286,0.34631729021697583,-0.79714705487144555
pyocyanin_simulated_full,1287,0.32611481120958657,-0.80314699921007771
pyocyanin_simulated_full,1288,0.3133231676683268,-0.80694599581931126
pyocyanin_simulated_full,1289,0.29170374727070719,-0.8133667582896873
pyocyanin_simulated_full,1290,0.30708322850597441,-0.80879919847017756
pyocyanin_simulated_full,1291,0.33872989513302421,-0.7994004391299947
pyocyanin_simulated_full,1292,0.46074485124138048,-0.76316315632608633
pyocyanin_simulated_full,1293,0.45754382986698938,-0.76411382926410032
pyocyanin_simulated_full,1294,0.50481748448333574,-0.75007400294981197
pyocyanin_simulated_full,1295,0.55209113909968166,-0.73603417663552384
pyocyanin_simulated_full,1296,0.59936479371602747,-0.72199435032123571
pyocyanin_simulated_full,1297,0.64663844833237383,-0.70795452400694747
pyocyanin_simulated_full,1298,0.69391210294871963,-0.69391469769265934
pyocyanin_simulated_full,1299,0.74118575756506599,-0.6798748713783711
pyocyanin_simulated_full,1300,0.7884594121814118,-0.66583504506408298
pyocyanin_simulated_full,1301,0.83573306679775805,-0.65179521874979474
pyocyanin_simulated_full,1302,0.85896810534084667,-0.64489463303882744
pyocyanin_simulated_full,1303,0.90108162433999495,-0.6323873179807894
pyocyanin_simulated_full,1304,0.94177628116793421,-0.6203013915081983
pyocyanin_simulated_full,1305,0.99218903117817903,-0.60532928368379635
pyocyanin_simulated_full,1306,1.0801982594759238,-0.57919137898015571
pyocyanin_simulated_full,1307,1.1446882300343206,-0.56003847038864651
pyocyanin_simulated_full,1308,1.2037792456054914,-0.54248900013746626
pyocyanin_simulated_full,1309,1.2495260396585637,-0.52890263690506745
pyocyanin_simulated_full,1310,1.3000410047869937,-0.51390017216162343
pyocyanin_simulated_full,1311,1.3521397205083043,-0.49842734853796056
pyocyanin_simulated_full,1312,1.4056247420083838,-0.48254280526811494
pyocyanin_simulated_full,1313,1.4668611904621105,-0.4643561618327478
pyocyanin_simulated_full,1314,1.5119532778448328,-0.4509642402616319
pyocyanin_simulated_full,1315,1.547376721550318,-0.44044381400909904
pyocyanin_simulated_full,1316,1.5652513606415457,-0.43513521601074062
pyocyanin_simulated_full,1317,1.5871722231307472,-0.42862492810290947
pyocyanin_simulated_full,1318,1.6093644958246169,-0.42203403394272926
pyocyanin_simulated_full,1319,1.6324541332495348,-0.4151766309825265
pyocyanin_simulated_full,1320,1.65923100698528,-0.40722415386730265
pyocyanin_simulated_full,1321,1.6785199992342776,-0.40149550641765241
pyocyanin_simulated_full,1322,1.6927844188274392,-0.39725910931259611
pyocyanin_simulated_full,1323,1.703918483570628,-0.39395239785914404
pyocyanin_simulated_full,1324,1.7030984919206369,-0.39419592758914845
pyocyanin_simulated_full,1325,1.692619235900404,-0.39730816707266314
pyocyanin_simulated_full,1326,1.6685471868253403,-0.4044573369599021
pyocyanin_simulated_full,1327,1.6439279248898884,-0.41176902386807263
pyocyanin_simulated_full,1328,1.6188288015677776,-0.41922322504932608
pyocyanin_simulated_full,1329,1.5953878459476429,-0.42618496617593304
pyocyanin_simulated_full,1330,1.573131502625764,-0.43279488870395144
pyocyanin_simulated_full,1331,1.5591593499121197,-0.43694448532237001
pyocyanin_simulated_full,1332,1.5514746285170522,-0.43922677457070614
pyocyanin_simulated_full,1333,1.5559900277985113,-0.43788574388107915
pyocyanin_simulated_full,1334,1.5534183198788236,-0.43864951670161773
pyocyanin_simulated_full,1335,1.5461259660535327,-0.44081527650928065
pyocyanin_simulated_full,1336,1.5328700781456015,-0.44475214928502482
pyocyanin_simulated_full,1337,1.5097047310919081,-0.45163203728572121
pyocyanin_simulated_full,1338,1.4885518250514806,-0.45791424942396719
pyocyanin_simulated_full,1339,1.4654180218103312,-0.4647847692120089
pyocyanin_simulated_full,1340,1.4424328031969209,-0.47161116077718823
pyocyanin_simulated_full,1341,1.4133744696178123,-0.48024120979168233
pyocyanin_simulated_full,1342,1.3797461256845769,-0.49022850846557248
pyocyanin_simulated_full,1343,1.3406458317960901,-0.5018409242918318
pyocyanin_simulated_full,1344,1.2986826263694708,-0.5143035976468302
pyocyanin_simulated_full,1345,1.2539890123466289,-0.52757717641561797
pyocyanin_simulated_full,1346,1.2072776684931334,-0.54145000177537561
pyocyanin_simulated_full,1347,1.1594007411144469,-0.55566899436889772
pyocyanin_simulated_full,1348,1.1107410418199253,-0.57012046278497297
pyocyanin_simulated_full,1349,1.0623088548878481,-0.58450436219080359
pyocyanin_simulated_full,1350,1.0134653325104934,-0.59901042431613361
pyocyanin_simulated_full,1351,0.96908169128527699,-0.61219194410881439
pyocyanin_simulated_full,1352,0.92897211666806245,-0.6241041067231885
pyocyanin_simulated_full,1353,0.89497842289604046,-0.63419991082832028
pyocyanin_simulated_full,1354,0.86405391375758178,-0.64338419625499532
pyocyanin_simulated_full,1355,0.836418281504408,-0.65159171649156156
pyocyanin_simulated_full,1356,0.81176848383253297,-0.65891247222335569
pyocyanin_simulated_full,1357,0.78768811554225626,-0.66606411283847911
pyocyanin_simulated_full,1358,0.76902098522974771,-0.6716080732007732
pyocyanin_simulated_full,1359,0.75328991258457068,-0.67628005232885535
pyocyanin_simulated_full,1360,0.74569605536105332,-0.67853535578146429
pyocyanin_simulated_full,1361,0.72816647584139871,-0.68374147436518284
pyocyanin_simulated_full,1362,0.70277553190690689,-0.69128234349597428
pyocyanin_simulated_full,1363,0.66926674936339692,-0.70123413357296693
pyocyanin_simulated_full,1364,0.62262114943693747,-0.71508743361097193
pyocyanin_simulated_full,1365,0.58316728660872508,-0.72680485605337219
pyocyanin_simulated_full,1366,0.54628503894890057,-0.73775853322148877
pyocyanin_simulated_full,1367,0.51432698929119935,-0.74724977036358986
pyocyanin_simulated_full,1368,0.48431767578747731,-0.75616225138124316
pyocyanin_simulated_full,1369,0.45711147679996678,-0.7642422340175874
pyocyanin_simulated_full,1370,0.43553651638773039,-0.77064979229468122
pyocyanin_simulated_full,1371,0.41130874116536831,-0.77784521136824614
pyocyanin_simulated_full,1372,0.38527557351930408,-0.78557681484015351
pyocyanin_simulated_full,1373,0.3574076246716088,-0.79385333089825028
pyocyanin_simulated_full,1374,0.32341006195565669,-0.80395028404297375
pyocyanin_simulated_full,1375,0.29897651805611991,-0.81120681445882648
pyocyanin_simulated_full,1376,0.27983862564297229,-0.81689058669270032
pyocyanin_simulated_full,1377,0.27209038552099912,-0.81919174039948994
pyocyanin_simulated_full,1378,0.2585258848161881,-0.82322026824403993
pyocyanin_simulated_full,1379,0.24222267157095259,-0.82806216769491847
pyocyanin_simulated_full,1380,0.21756616154524311,-0.83538491693203309
pyocyanin_simulated_full,1381,0.19751889030095421,-0.84133876603952129
pyocyanin_simulated_full,1382,0.18146017724936159,-0.84610805125567623
pyocyanin_simulated_full,1383,0.17015849297105559,-0.84946454411864758
pyocyanin_simulated_full,1384,0.16517118427320601,-0.8509457274217328
pyocyanin_simulated_full,1385,0.16207079145549971,-0.85186651463439755
pyocyanin_simulated_full,1386,0.1610456366312592,-0.85217097587807333
pyocyanin_simulated_full,1387,0.16474754977500489,-0.8510715428431076
pyocyanin_simulated_full,1388,0.1627105934464726,-0.85167649952129287
pyocyanin_simulated_full,1389,0.15605788594886369,-0.8536522904463697
pyocyanin_simulated_full,1390,0.14464621803819031,-0.85704144740329324
pyocyanin_simulated_full,1391,0.13189318702257569,-0.86082897645923495
pyocyanin_simulated_full,1392,0.1121178648589875,-0.8667020592733119
pyocyanin_simulated_full,1393,0.092036404066257904,-0.87266606235188116
pyocyanin_simulated_full,1394,0.0433484047029674,-0.88712593561952591
pyocyanin_simulated_full,1395,0.048356549682457797,-0.8856385641387412
pyocyanin_simulated_full,1396,0.053364694661948202,-0.8841511926579565
pyocyanin_simulated_full,1397,0.058372839641438697,-0.88266382117717179
pyocyanin_simulated_full,1398,0.063380984620929101,-0.88117644969638709
pyocyanin_simulated_full,1399,0.068389129600419499,-0.87968907821560238
pyocyanin_simulated_full,1400,0.073397274579909993,-0.87820170673481757
pyocyanin_simulated_full,1401,0.078405419559400905,-0.87671433525403275
pyocyanin_simulated_full,1402,0.083413564538891302,-0.87522696377324805
pyocyanin_simulated_full,1403,0.088421709518381297,-0.87373959229246345
pyocyanin_simulated_full,1404,0.1109980836427137,-0.86703462365645667
pyocyanin_simulated_full,1405,0.1286190036470321,-0.86180137781654109
pyocyanin_simulated_full,1406,0.1570313198562428,-0.85336318982364534
pyocyanin_simulated_full,1407,0.19300440334813199,-0.84267952577621041
pyocyanin_simulated_full,1408,0.23229323502867669,-0.83101111601684696
pyocyanin_simulated_full,1409,0.27242279227224292,-0.81909301875228424
pyocyanin_simulated_full,1410,0.31124156268616249,-0.80756421272345635
pyocyanin_simulated_full,1411,0.347527301108919,-0.79678769313182229
pyocyanin_simulated_full,1412,0.37962637911723601,-0.78725457190937864
pyocyanin_simulated_full,1413,0.40742708370288988,-0.77899802675827767
pyocyanin_simulated_full,1414,0.43038722504406518,-0.77217908290471438
pyocyanin_simulated_full,1415,0.45238593563623941,-0.7656456748498689
pyocyanin_simulated_full,1416,0.47425368498956061,-0.75915116103881142
pyocyanin_simulated_full,1417,0.49261194881050829,-0.75369893109023323
pyocyanin_simulated_full,1418,0.52219550232511358,-0.74491289674456429
pyocyanin_simulated_full,1419,0.56192225674761775,-0.73311442809117011
pyocyanin_simulated_full,1420,0.61218368386694832,-0.7181872617277798
pyocyanin_simulated_full,1421,0.68039079929573931,-0.69793039642319399
pyocyanin_simulated_full,1422,0.73986794992761928,-0.68026624772732369
pyocyanin_simulated_full,1423,0.79813760549547486,-0.66296071359408559
pyocyanin_simulated_full,1424,0.84833231106872153,-0.64805336289601745
pyocyanin_simulated_full,1425,0.91313303011594016,-0.6288081649554853
pyocyanin_simulated_full,1426,0.98915553378979015,-0.60623020358947044
pyocyanin_simulated_full,1427,1.0793544872973957,-0.57944197130121711
pyocyanin_simulated_full,1428,1.1805640648037481,-0.5493836882879054
pyocyanin_simulated_full,1429,1.2935293373932739,-0.51583407551574711
pyocyanin_simulated_full,1430,1.4177096266062612,-0.47895370935075071
pyocyanin_simulated_full,1431,1.5511536936198269,-0.43932208918625265
pyocyanin_simulated_full,1432,1.695201809396522,-0.39654116727914934
pyocyanin_simulated_full,1433,1.8466631875245101,-0.35155857688080949
pyocyanin_simulated_full,1434,2.0093189183443565,-0.30325137008100733
pyocyanin_simulated_full,1435,2.1618490717119476,-0.25795136359002946
pyocyanin_simulated_full,1436,2.3067311861461111,-0.21492275200476962
pyocyanin_simulated_full,1437,2.4338713322891561,-0.17716333645062821
pyocyanin_simulated_full,1438,2.5641756109277174,-0.13846420360504874
pyocyanin_simulated_full,1439,2.6936068248385223,-0.10002436268936798
pyocyanin_simulated_full,1440,2.8214265117315787,-0.062063129988211507
pyocyanin_simulated_full,1441,2.9533180377319854,-0.022892599755250598
pyocyanin_simulated_full,1442,3.0625303578501475,0.0095424217865206495
pyocyanin_simulated_full,1443,3.1559252585472475,0.037279820028079058
pyocyanin_simulated_full,1444,3.2223213780797288,0.056998836756191884
pyocyanin_simulated_full,1445,3.2927747011038018,0.077922804377269284
pyocyanin_simulated_full,1446,3.3585261947297189,0.097450373335174811
pyocyanin_simulated_full,1447,3.4305575780103732,0.11884300986064933
pyocyanin_simulated_full,1448,3.4739887685824087,0.13174166085775851
pyocyanin_simulated_full,1449,3.4917442504008109,0.13701487027809967
pyocyanin_simulated_full,1450,3.481514002983094,0.13397658398391321
pyocyanin_simulated_full,1451,3.4414645418396401,0.12208227450015896
pyocyanin_simulated_full,1452,3.3790695957811789,0.10355156828208567
pyocyanin_simulated_full,1453,3.2958824374185873,0.078845772538802317
pyocyanin_simulated_full,1454,3.1873071790426972,0.046599952282304291
pyocyanin_simulated_full,1455,3.0856027214746247,0.016394694592096193
pyocyanin_simulated_full,1456,2.9874718107675862,-0.012749253629612767
pyocyanin_simulated_full,1457,2.8985649918983043,-0.039153734205755741
pyocyanin_simulated_full,1458,2.8131422845972853,-0.064523466745703861
pyocyanin_simulated_full,1459,2.732121909142136,-0.088585748550237486
pyocyanin_simulated_full,1460,2.6631203966032517,-0.10907854224963009
pyocyanin_simulated_full,1461,2.58221727250569,-0.13310600151486562
pyocyanin_simulated_full,1462,2.4896959034204467,-0.16058396916638318
pyocyanin_simulated_full,1463,2.3845211219441085,-0.19181988008875173
pyocyanin_simulated_full,1464,2.2577074404194315,-0.22948233875270041
pyocyanin_simulated_full,1465,2.1413676594293887,-0.26403414846147932
pyocyanin_simulated_full,1466,2.0282970642226781,-0.29761504105036096
pyocyanin_simulated_full,1467,1.9289955750422156,-0.32710663995800682
pyocyanin_simulated_full,1468,1.8185600330740304,-0.35990494676844498
pyocyanin_simulated_full,1469,1.7035376569873952,-0.39406549973645488
pyocyanin_simulated_full,1470,1.5729506609085979,-0.43284859697592648
pyocyanin_simulated_full,1471,1.4589593530920513,-0.46670293246302236
pyocyanin_simulated_full,1472,1.3595855727235719,-0.4962160011667322
pyocyanin_simulated_full,1473,1.2760821623973917,-0.52101572073876068
pyocyanin_simulated_full,1474,1.2162421739990288,-0.53878762880426345
pyocyanin_simulated_full,1475,1.1491855146382111,-0.5587028195861653
pyocyanin_simulated_full,1476,1.0815460406005308,-0.57879110079026908
pyocyanin_simulated_full,1477,1.0120152065378083,-0.59944109795360812
pyocyanin_simulated_full,1478,0.93833166859242823,-0.62132440871879058
pyocyanin_simulated_full,1479,0.86146888072786132,-0.64415192650662312
pyocyanin_simulated_full,1480,0.77305095510043154,-0.6704112104344947
pyocyanin_simulated_full,1481,0.70043543995848789,-0.6919773285734323
pyocyanin_simulated_full,1482,0.64074843974773721,-0.70970380060062488
pyocyanin_simulated_full,1483,0.60807866921709852,-0.71940641208053402
pyocyanin_simulated_full,1484,0.57010191132298704,-0.73068514839022336
pyocyanin_simulated_full,1485,0.52705848788189236,-0.74346863623328874
pyocyanin_simulated_full,1486,0.47790731450139851,-0.75806606778382069
pyocyanin_simulated_full,1487,0.4099952879567611,-0.77823529449320117
pyocyanin_simulated_full,1488,0.36689773109338059,-0.7910348594484099
pyocyanin_simulated_full,1489,0.33782798445214779,-0.79966829803392914
pyocyanin_simulated_full,1490,0.33416635159878483,-0.80075576820531991
pyocyanin_simulated_full,1491,0.32389042063031293,-0.80380762208007983
pyocyanin_simulated_full,1492,0.31120396657433319,-0.80757537841150095
pyocyanin_simulated_full,1493,0.2900441923868653,-0.81385963032416964
pyocyanin_simulated_full,1494,0.26964977900564652,-0.81991657734842394
pyocyanin_simulated_full,1495,0.2487564238398553,-0.82612170534267504
pyocyanin_simulated_full,1496,0.2280933990271104,-0.83225842741024403
pyocyanin_simulated_full,1497,0.20644470244735999,-0.8386878846285849
pyocyanin_simulated_full,1498,0.1903393182649519,-0.8434710307272093
pyocyanin_simulated_full,1499,0.17744113564812969,-0.84730166842974775
pyocyanin_simulated_full,1500,0.17318247933538081,-0.84856644889676436
pyocyanin_simulated_full,1501,0.15903448391812591,-0.85276826912762327
pyocyanin_simulated_full,1502,0.13909108445094659,-0.85869126930410744
pyocyanin_simulated_full,1503,0.1060992907173044,-0.86848951861604007
pyocyanin_simulated_full,1504,0.081170063682397903,-0.87589326221403396
pyocyanin_simulated_full,1505,0.061827624107059803,-0.88163778301184981
pyocyanin_simulated_full,1506,0.053534027210171399,-0.88410090249981865
pyocyanin_simulated_full,1507,0.046317162095012701,-0.8862442428777263
pyocyanin_simulated_full,1508,0.040519424506544201,-0.88796611586213003
pyocyanin_simulated_full,1509,0.035198795551313597,-0.8895462921150652
pyocyanin_simulated_full,1510,0.029704215981321402,-0.89117813004802782
pyocyanin_simulated_full,1511,0.024274173529286,-0.89279080107006947
pyocyanin_simulated_full,1512,0.0189484736248915,-0.89437248334673158
pyocyanin_simulated_full,1513,0.010261430547018601,-0.89695245261265555
pyocyanin_simulated_full,1514,0.0092643336373997003,-0.89724858092224302
pyocyanin_simulated_full,1515,0.0130989746916208,-0.89610972895880103
pyocyanin_simulated_full,1516,0.0301661574335997,-0.89104093782521376
pyocyanin_simulated_full,1517,0.036405373792506399,-0.88918794984010407
pyocyanin_simulated_full,1518,0.034915265350248498,-0.8896304978912023
pyocyanin_simulated_full,1519,0.0138115732875212,-0.89589809394561148
pyocyanin_simulated_full,1520,0.0020836309999494999,-0.89938118138782019
pyocyanin_simulated_full,1521,0,-0.90000000000000002
pyocyanin_simulated_full,1522,0.0092922610347751997,-0.89724028675053691
pyocyanin_simulated_full,1523,0.037080468266567801,-0.88898745319480599
pyocyanin_simulated_full,1524,0.059029809525810599,-0.88246870736282512
pyocyanin_simulated_full,1525,0.079395588396773298,-0.87642026451608468
pyocyanin_simulated_full,1526,0.097856453029184901,-0.87093756310122472
pyocyanin_simulated_full,1527,0.1082848730728786,-0.86784042141979278
pyocyanin_simulated_full,1528,0.1113547458482237,-0.86692869836976438
pyocyanin_simulated_full,1529,0.1026122028184312,-0.86952515059415059
pyocyanin_simulated_full,1530,0.096289296871075195,-0.87140299359196616
pyocyanin_simulated_full,1531,0.092180422305389906,-0.87262329030305374
pyocyanin_simulated_full,1532,0.090616428196183804,-0.87308778169531076
pyocyanin_simulated_full,1533,0.096264459882012196,-0.8714103699417628
pyocyanin_simulated_full,1534,0.1091528399436881,-0.86758264350497705
pyocyanin_simulated_full,1535,0.1285385457094344,-0.86182527305964529
pyocyanin_simulated_full,1536,0.15915458328640519,-0.85273260075620627
pyocyanin_simulated_full,1537,0.1795674497288792,-0.84667017334806594
pyocyanin_simulated_full,1538,0.19362027707175131,-0.84249661713118773
pyocyanin_simulated_full,1539,0.197692073839704,-0.84128733217378204
pyocyanin_simulated_full,1540,0.20001006950213171,-0.84059890948334548
pyocyanin_simulated_full,1541,0.1997654577421043,-0.84067155685222539
pyocyanin_simulated_full,1542,0.1950461899993135,-0.84207313453808719
pyocyanin_simulated_full,1543,0.19624136754564911,-0.84171817816119032
pyocyanin_simulated_full,1544,0.2030268576877676,-0.83970295205214907
pyocyanin_simulated_full,1545,0.2202075128936534,-0.83460046067478677
pyocyanin_simulated_full,1546,0.2385452300224469,-0.82915433289858176
pyocyanin_simulated_full,1547,0.25799980967886149,-0.82337650756203373
pyocyanin_simulated_full,1548,0.27778283982502489,-0.81750113555035886
pyocyanin_simulated_full,1549,0.29573069882118352,-0.81217079193583597
pyocyanin_simulated_full,1550,0.31861931163301987,-0.80537309137595459
pyocyanin_simulated_full,1551,0.34450320359615411,-0.79768582136373622
pyocyanin_simulated_full,1552,0.37382934261288148,-0.78897623667846095
pyocyanin_simulated_full,1553,0.40533490925656041,-0.77961938269286835
pyocyanin_simulated_full,1554,0.4386326331550236,-0.769730275028366
pyocyanin_simulated_full,1555,0.47770779345084469,-0.75812532364035545
pyocyanin_simulated_full,1556,0.51023014999102778,-0.74846649271515675
pyocyanin_simulated_full,1557,0.53852648115578983,-0.740062751178587
pyocyanin_simulated_full,1558,0.55426873390149745,-0.73538745166685981
pyocyanin_simulated_full,1559,0.58206081752221162,-0.72713346686044544
pyocyanin_simulated_full,1560,0.62214800691163596,-0.71522795244606197
pyocyanin_simulated_full,1561,0.67603579150106208,-0.69922379236498977
pyocyanin_simulated_full,1562,0.75139007710957006,-0.67684428541621033
pyocyanin_simulated_full,1563,0.82167421976047483,-0.65597056275872501
pyocyanin_simulated_full,1564,0.8933295920592782,-0.63468959792269986
pyocyanin_simulated_full,1565,0.9593435112034332,-0.61508409107895934
pyocyanin_simulated_full,1566,1.0379816602283889,-0.59172930789268685
pyocyanin_simulated_full,1567,1.1244983809973397,-0.56603466374605405
pyocyanin_simulated_full,1568,1.2227679253187185,-0.53684954265792606
pyocyanin_simulated_full,1569,1.3180735512123505,-0.50854467718517182
pyocyanin_simulated_full,1570,1.4111227951065803,-0.48090993573027468
pyocyanin_simulated_full,1571,1.5001879780220444,-0.45445842253689772
pyocyanin_simulated_full,1572,1.5835829859396922,-0.42969089745036443
pyocyanin_simulated_full,1573,1.6609214620872157,-0.40672210476160325
pyocyanin_simulated_full,1574,1.7325380366609011,-0.38545266248135401
pyocyanin_simulated_full,1575,1.7961563564874627,-0.36655862587638799
pyocyanin_simulated_full,1576,1.8629803035771411,-0.34671254842821331
pyocyanin_simulated_full,1577,1.9303448661900979,-0.32670591330555288
pyocyanin_simulated_full,1578,1.9994206779331949,-0.30619105344836273
pyocyanin_simulated_full,1579,2.0659982432133468,-0.2864181490569534
pyocyanin_simulated_full,1580,2.1300955400473436,-0.26738186083113213
pyocyanin_simulated_full,1581,2.1946175439368014,-0.24821943864461926
pyocyanin_simulated_full,1582,2.2472375798394557,-0.23259178787971679
pyocyanin_simulated_full,1583,2.2903916241973699,-0.21977544667527127
pyocyanin_simulated_full,1584,2.3183754614178476,-0.21146451287141499
pyocyanin_simulated_full,1585,2.3491811597127885,-0.20231551313654395
pyocyanin_simulated_full,1586,2.3818683659702113,-0.19260772341142196
pyocyanin_simulated_full,1587,2.4208768554308135,-0.18102257262808852
pyocyanin_simulated_full,1588,2.4603060239565524,-0.1693124841589233
pyocyanin_simulated_full,1589,2.5009049049035865,-0.15725500221307576
pyocyanin_simulated_full,1590,2.5421356749021577,-0.14500985522196197
pyocyanin_simulated_full,1591,2.5839964790207346,-0.13257759408262448
pyocyanin_simulated_full,1592,2.6243858176136667,-0.12058234422526171
pyocyanin_simulated_full,1593,2.6637135731547961,-0.10890237444908701
pyocyanin_simulated_full,1594,2.7012000452672167,-0.097769248358771876
pyocyanin_simulated_full,1595,2.7391628235087642,-0.086494663873085131
pyocyanin_simulated_full,1596,2.7774165449398831,-0.075133672024099485
pyocyanin_simulated_full,1597,2.8151443185779716,-0.063928881673061322
pyocyanin_simulated_full,1598,2.8548039959009759,-0.052150334280976263
pyocyanin_simulated_full,1599,2.8954705011607227,-0.040072768556694061
pyocyanin_simulated_full,1600,2.9387516008130361,-0.027218693136856209
pyocyanin_simulated_full,1601,2.9782787468074874,-0.015479506290284051
pyocyanin_simulated_full,1602,3.0140497938260298,-0.0048558451560564153
pyocyanin_simulated_full,1603,3.0459831398476975,0.0046280552408308751
pyocyanin_simulated_full,1604,3.0723891319377432,0.012470384030712878
pyocyanin_simulated_full,1605,3.0937134629734575,0.018803507763996086
pyocyanin_simulated_full,1606,3.1108743573106885,0.023900130351099058
pyocyanin_simulated_full,1607,3.1210753837715117,0.026929738298691386
pyocyanin_simulated_full,1608,3.1396783685239451,0.032454648039035527
pyocyanin_simulated_full,1609,3.1629341020904245,0.039361379975344057
pyocyanin_simulated_full,1610,3.195960352677182,0.049169862645306761
pyocyanin_simulated_full,1611,3.2214742468361974,0.056747246824736086
pyocyanin_simulated_full,1612,3.2431681096243321,0.063190117977881433
pyocyanin_simulated_full,1613,3.256213609911339,0.067064507628924908
pyocyanin_simulated_full,1614,3.274091171044105,0.072373973445860385
pyocyanin_simulated_full,1615,3.2939923726305991,0.078284441252667092
pyocyanin_simulated_full,1616,3.3192660464821993,0.085790482282922853
pyocyanin_simulated_full,1617,3.3397770696457303,0.091882061304713658
pyocyanin_simulated_full,1618,3.3561258124525688,0.096737482602850644
pyocyanin_simulated_full,1619,3.3674395084430042,0.10009754283021144
pyocyanin_simulated_full,1620,3.3727973908124285,0.10168878299324902
pyocyanin_simulated_full,1621,3.3724400676443755,0.10158266140696071
pyocyanin_simulated_full,1622,3.3667826333560207,0.099902457169788517
pyocyanin_simulated_full,1623,3.3574082214217995,0.09711834588363577
pyocyanin_simulated_full,1624,3.3462424792790602,0.093802226543457157
pyocyanin_simulated_full,1625,3.3355134656111312,0.090615811411311697
pyocyanin_simulated_full,1626,3.3248272762702031,0.087442114697447892
pyocyanin_simulated_full,1627,3.3252520806445438,0.087568277560922225
pyocyanin_simulated_full,1628,3.3364853732827209,0.09090445875650599
pyocyanin_simulated_full,1629,3.3637540637122889,0.099003000757463377
pyocyanin_simulated_full,1630,3.3910227541418569,0.10710154275842065
pyocyanin_simulated_full,1631,3.4182914445714254,0.11520008475937804
pyocyanin_simulated_full,1632,3.4455601350009935,0.12329862676033543
pyocyanin_simulated_full,1633,3.4728288254305615,0.13139716876129259
pyocyanin_simulated_full,1634,3.50009751586013,0.1394957107622502
pyocyanin_simulated_full,1635,3.5273662062896975,0.14759425276320737
pyocyanin_simulated_full,1636,3.5546348967192669,0.15569279476416498
pyocyanin_simulated_full,1637,3.5819035871488345,0.16379133676512214
pyocyanin_simulated_full,1638,3.5868098347514752,0.16524844569302288
pyocyanin_simulated_full,1639,3.6019089802488362,0.16973274846160569
pyocyanin_simulated_full,1640,3.6293026226331975,0.17786840000607451
pyocyanin_simulated_full,1641,3.6691616701705798,0.18970615845778316
pyocyanin_simulated_full,1642,3.7234582333669799,0.20583172190166887
pyocyanin_simulated_full,1643,3.7805438081810201,0.22278559529996744
pyocyanin_simulated_full,1644,3.8412589421133481,0.2408174132750448
pyocyanin_simulated_full,1645,3.9050918606174783,0.25977518364852925
pyocyanin_simulated_full,1646,3.9640893341221526,0.27729687279462378
pyocyanin_simulated_full,1647,4.018567178753365,0.29347627510244811
pyocyanin_simulated_full,1648,4.0663354701783652,0.30766300384978307
pyocyanin_simulated_full,1649,4.1114951472007943,0.32107499890178015
pyocyanin_simulated_full,1650,4.1537405062314061,0.33362146919666313
pyocyanin_simulated_full,1651,4.1907657653817623,0.34461761941883695
pyocyanin_simulated_full,1652,4.2323570554559184,0.35696983744740518
pyocyanin_simulated_full,1653,4.2773089644237521,0.37032012736101494
pyocyanin_simulated_full,1654,4.3270624440209486,0.38509643813590866
pyocyanin_simulated_full,1655,4.3762345852391782,0.39970009693505049
pyocyanin_simulated_full,1656,4.4233833223004275,0.41370282392221036
pyocyanin_simulated_full,1657,4.4713982697750314,0.4279628071730085
pyocyanin_simulated_full,1658,4.5048526804026903,0.43789844930753474
pyocyanin_simulated_full,1659,4.5227355770860962,0.4432094997323216
pyocyanin_simulated_full,1660,4.5195563776381222,0.44226530769914218
pyocyanin_simulated_full,1661,4.5060805214404009,0.43826310643106192
pyocyanin_simulated_full,1662,4.4845195838631993,0.43185971280275426
pyocyanin_simulated_full,1663,4.457799898783172,0.42392422017497788
pyocyanin_simulated_full,1664,4.4240921369117654,0.41391333512793327
pyocyanin_simulated_full,1665,4.3993452346736355,0.40656374026246922
pyocyanin_simulated_full,1666,4.379797242457558,0.40075817228313471
pyocyanin_simulated_full,1667,4.3746566641432008,0.39923146936003084
pyocyanin_simulated_full,1668,4.3507561335213865,0.39213323882395612
pyocyanin_simulated_full,1669,4.3143079630559855,0.38130847845878535
pyocyanin_simulated_full,1670,4.2561797817870763,0.36404496084830729
pyocyanin_simulated_full,1671,4.2025083369019747,0.34810505160416005
pyocyanin_simulated_full,1672,4.1498163191040192,0.33245602290019194
pyocyanin_simulated_full,1673,4.1026313809099602,0.3184425445205038
pyocyanin_simulated_full,1674,4.0529652042301283,0.30369216188267656
pyocyanin_simulated_full,1675,4.0017126754078429,0.28847064772912245
pyocyanin_simulated_full,1676,3.9495300932074842,0.27297291655792633
pyocyanin_simulated_full,1677,3.8916006606262288,0.25576842541953948
pyocyanin_simulated_full,1678,3.8278508478680457,0.23683533666308432
pyocyanin_simulated_full,1679,3.7549007434697903,0.21516984869366984
pyocyanin_simulated_full,1680,3.6805203627526799,0.19307958224539379
pyocyanin_simulated_full,1681,3.6047169991546193,0.170566703400025
pyocyanin_simulated_full,1682,3.5276687994444873,0.1476841200554998
pyocyanin_simulated_full,1683,3.4518797244016075,0.12517548477527629
pyocyanin_simulated_full,1684,3.3666121399573639,0.099851822250100142
pyocyanin_simulated_full,1685,3.2746281226803662,0.072533442980709295
pyocyanin_simulated_full,1686,3.1741114575055591,0.042680948347096237
pyocyanin_simulated_full,1687,3.0718987611851558,0.01232474857578969
pyocyanin_simulated_full,1688,2.9669813868201,-0.018834714879933934
pyocyanin_simulated_full,1689,2.8592649445203717,-0.050825474920692559
pyocyanin_simulated_full,1690,2.7514062681792724,-0.082858477120493879
pyocyanin_simulated_full,1691,2.6427663820177347,-0.11512349121535559
pyocyanin_simulated_full,1692,2.5358147353433278,-0.14688711422106626
pyocyanin_simulated_full,1693,2.421651917547806,-0.18079238654254737
pyocyanin_simulated_full,1694,2.3015788229694913,-0.21645295492000738
pyocyanin_simulated_full,1695,2.1722179019094878,-0.25487191952679278
pyocyanin_simulated_full,1696,2.0426552995573748,-0.29335078156133232
pyocyanin_simulated_full,1697,1.9116777814183363,-0.33224986014267777
pyocyanin_simulated_full,1698,1.7848563356277105,-0.36991462471985159
pyocyanin_simulated_full,1699,1.6486009811848548,-0.41038117054319906
pyocyanin_simulated_full,1700,1.50518972227599,-0.45297295201079196
Ad5,450,0.1075,-0.85215311004784688
Ad5,451,0.092499999999999999,-0.85882942027372877
Ad5,452,0.095000000000000001,-0.8577167019027484
Ad5,453,0.10400000000000001,-0.85371091576721936
Ad5,454,0.11899999999999999,-0.84703460554133747
Ad5,455,0.13600000000000001,-0.83946812061867138
Ad5,456,0.1825,-0.81877155891843778
Ad5,457,0.158,-0.82967619895404476
Ad5,458,0.10600000000000001,-0.85282074107043504
Ad5,459,0.032000000000000001,-0.88575720485145215
Ad5,460,-0.107,-0.94762434627795711
Ad5,461,-0.14350000000000002,-0.96387003449426956
Ad5,462,-0.13900000000000001,-0.96186714142650498
Ad5,463,-0.095500000000000002,-0.94250584177144769
Ad5,464,0.028000000000000001,-0.88753755424502057
Ad5,465,0.090999999999999998,-0.85949705129631693
Ad5,466,0.14299999999999999,-0.83635250917992665
Ad5,467,0.18149999999999999,-0.81921664626682988
Ad5,468,0.1925,-0.81432068543451652
Ad5,469,0.215,-0.80430622009569386
Ad5,470,0.23650000000000002,-0.79473684210526319
Ad5,471,0.25950000000000001,-0.78449983309224436
Ad5,472,0.27400000000000002,-0.77804606654055863
Ad5,473,0.32100000000000001,-0.75712696116612888
Ad5,474,0.38600000000000001,-0.72819628352064092
Ad5,475,0.46850000000000003,-0.69147657727829093
Ad5,476,0.58450000000000002,-0.63984644486480469
Ad5,477,0.68100000000000005,-0.59689551574496491
Ad5,478,0.77600000000000002,-0.5546122176477134
Ad5,479,0.86799999999999999,-0.5136641815956382
Ad5,480,0.94799999999999995,-0.47805719372426841
Ad5,481,1.0425,-0.4359964393012129
Ad5,482,1.1425000000000001,-0.39148770446200065
Ad5,483,1.2475000000000001,-0.34475353288082788
Ad5,484,1.3584999999999998,-0.29534883720930238
Ad5,485,1.474,-0.24394124847001231
Ad5,486,1.593,-0.19097585401134975
Ad5,487,1.714,-0.137120284855903
Ad5,488,1.837,-0.08237454100367203
Ad5,489,1.954,-0.030299321241793797
Ad5,490,2.0634999999999999,0.018437743407143548
Ad5,491,2.1635,0.062946478246355797
Ad5,492,2.2640000000000002,0.1076777567597641
Ad5,493,2.3260000000000001,0.13527317236007563
Ad5,494,2.3620000000000001,0.15129631690219203
Ad5,495,2.3730000000000002,0.15619227773450539
Ad5,496,2.3399999999999999,0.14150439523756531
Ad5,497,2.3220000000000001,0.13349282296650722
Ad5,498,2.3029999999999999,0.12503616334705681
Ad5,499,2.2850000000000001,0.11702459107599872
Ad5,500,2.2795000000000001,0.11457661065984193
Ad5,501,2.2575000000000003,0.10478468899521542
Ad5,502,2.2305000000000001,0.092767330588628072
Ad5,503,2.1974999999999998,0.078079448091687875
Ad5,504,2.1545000000000001,0.058940692110826753
Ad5,505,2.1154999999999999,0.041582285523533935
Ad5,506,2.077,0.024446422610437279
Ad5,507,2.0390000000000001,0.0075331033715366758
Ad5,508,2.0065,-0.0069322354512073581
Ad5,509,1.9660000000000002,-0.024958273061088221
Ad5,510,1.9215,-0.04476466006453772
Ad5,511,1.873,-0.066351396461555634
Ad5,512,1.819,-0.090386113274730229
Ad5,513,1.7690000000000001,-0.11264048069433619
Ad5,514,1.7204999999999999,-0.13422721709135421
Ad5,515,1.675,-0.1544786914431957
Ad5,516,1.6299999999999999,-0.17450762212084125
Ad5,517,1.595,-0.19008567931456555
Ad5,518,1.5674999999999999,-0.20232558139534895
Ad5,519,1.5469999999999999,-0.21144987203738741
Ad5,520,1.5394999999999999,-0.2147880271503283
Ad5,521,1.5249999999999999,-0.22124179370201413
Ad5,522,1.5105,-0.22769556025369986
Ad5,523,1.4929999999999999,-0.235484588850562
Ad5,524,1.4684999999999999,-0.24638922888616899
Ad5,525,1.4510000000000001,-0.25417825748303102
Ad5,526,1.4359999999999999,-0.26085456770891291
Ad5,527,1.4224999999999999,-0.26686324691220664
Ad5,528,1.4140000000000001,-0.27064648937353952
Ad5,529,1.403,-0.27554245020585288
Ad5,530,1.3915000000000002,-0.2806609547123623
Ad5,531,1.3794999999999999,-0.28600200289306776
Ad5,532,1.3685,-0.29089796372538113
Ad5,533,1.3500000000000001,-0.29913207967063538
Ad5,534,1.3280000000000001,-0.30892400133526199
Ad5,535,1.302,-0.32049627239345724
Ad5,536,1.264,-0.33740959163235784
Ad5,537,1.2385000000000002,-0.34875931901635693
Ad5,538,1.2175,-0.35810615333259155
Ad5,539,1.2015,-0.36522755090686554
Ad5,540,1.2015,-0.36522755090686554
Ad5,541,1.1839999999999999,-0.37301657950372769
Ad5,542,1.1579999999999999,-0.38458885056192282
Ad5,543,1.1240000000000001,-0.3997218204072549
Ad5,544,1.073,-0.42242127517525319
Ad5,545,1.03,-0.44156003115611442
Ad5,546,0.98850000000000005,-0.46003115611438744
Ad5,547,0.94950000000000001,-0.4773895627016802
Ad5,548,0.91549999999999998,-0.49252253254701239
Ad5,549,0.88349999999999995,-0.50676532769556037
Ad5,550,0.85499999999999998,-0.51945031712473577
Ad5,551,0.82950000000000002,-0.53080004450873486
Ad5,552,0.81099999999999994,-0.53903416045398922
Ad5,553,0.78649999999999998,-0.5499388004895962
Ad5,554,0.75949999999999995,-0.56195615889618344
Ad5,555,0.72950000000000004,-0.575308779347947
Ad5,556,0.69450000000000001,-0.59088683654167129
Ad5,557,0.66100000000000003,-0.60579726271280743
Ad5,558,0.62749999999999995,-0.62070768888394356
Ad5,559,0.59499999999999997,-0.63517302770668749
Ad5,560,0.55699999999999994,-0.65208634694558809
Ad5,561,0.53300000000000003,-0.66276844330699902
Ad5,562,0.51549999999999996,-0.67055747190386117
Ad5,563,0.504,-0.67567597641037058
Ad5,564,0.51300000000000001,-0.67167019027484143
Ad5,565,0.498,-0.67834650050072332
Ad5,566,0.47150000000000003,-0.69014131523311451
Ad5,567,0.4345,-0.70660954712362301
Ad5,568,0.3705,-0.73509513742071886
Ad5,569,0.32650000000000001,-0.75467898074997219
Ad5,570,0.28899999999999998,-0.77136975631467675
Ad5,571,0.26000000000000001,-0.78427728941804831
Ad5,572,0.2465,-0.79028596862134193
Ad5,573,0.22949999999999998,-0.79785245354400802
Ad5,574,0.21499999999999997,-0.80430622009569386
Ad5,575,0.20200000000000001,-0.81009235562479143
Ad5,576,0.19400000000000001,-0.81365305441192837
Ad5,577,0.17849999999999999,-0.82055190831200631
Ad5,578,0.16,-0.82878602425726056
Ad5,579,0.13950000000000001,-0.83791031489929901
Ad5,580,0.10250000000000001,-0.85437854678980751
Ad5,581,0.094,-0.85816178925114062
Ad5,582,0.098500000000000004,-0.85615889618337604
Ad5,583,0.11649999999999999,-0.84814732391231784
Ad5,584,0.16300000000000001,-0.82745076221208413
Ad5,585,0.185,-0.81765884054745741
Ad5,586,0.19850000000000001,-0.81165016134416379
Ad5,587,0.20200000000000001,-0.81009235562479143
Ad5,588,0.182,-0.81899410259263383
Ad5,589,0.17499999999999999,-0.82210971403137867
Ad5,590,0.16799999999999998,-0.82522532547012351
Ad5,591,0.16250000000000001,-0.82767330588628019
Ad5,592,0.16600000000000001,-0.82611550016690782
Ad5,593,0.1545,-0.83123400467341724
Ad5,594,0.13800000000000001,-0.83857794592188717
Ad5,595,0.11599999999999999,-0.84836986758651389
Ad5,596,0.081000000000000003,-0.86394792478023819
Ad5,597,0.059999999999999998,-0.87329475909647269
Ad5,598,0.045000000000000005,-0.87997106932235458
Ad5,599,0.035499999999999997,-0.88419939913207968
Ad5,600,0.040500000000000001,-0.88197396239011905
Ad5,601,0.034499999999999996,-0.88464448648047178
Ad5,602,0.0275,-0.88776009791921662
Ad5,603,0.02,-0.89109825303215762
Ad5,604,0.0065000000000000006,-0.89710693223545124
Ad5,605,0.0080000000000000002,-0.89643930121286308
Ad5,606,0.018000000000000002,-0.89198842772894182
Ad5,607,0.037499999999999999,-0.88330922443529547
Ad5,608,0.070499999999999993,-0.86862134193835538
Ad5,609,0.11,-0.85104039167686663
Ad5,610,0.15949999999999998,-0.82900856793145661
Ad5,611,0.219,-0.80252587070212533
Ad5,612,0.28600000000000003,-0.77270501835985317
Ad5,613,0.3705,-0.73509513742071886
Ad5,614,0.46850000000000003,-0.69147657727829093
Ad5,615,0.5774999999999999,-0.64296205630354963
Ad5,616,0.70099999999999996,-0.58799376877712262
Ad5,617,0.81999999999999995,-0.53502837431846006
Ad5,618,0.93900000000000006,-0.48206297985979751
Ad5,619,1.0565,-0.42976521642372317
Ad5,620,1.1720000000000002,-0.37835762768443304
Ad5,621,1.2835000000000001,-0.32873038833871149
Ad5,622,1.3915,-0.2806609547123623
Ad5,623,1.4885000000000002,-0.23748748191832647
Ad5,624,1.5925,-0.19119839768554581
Ad5,625,1.6985000000000001,-0.14401913875598082
Ad5,626,1.8069999999999999,-0.095727161455435694
Ad5,627,1.9249999999999998,-0.043206854345165358
Ad5,628,2.0335000000000001,0.0050851229553799948
Ad5,629,2.1369999999999996,0.051151663513964385
Ad5,630,2.2355,0.09499276733058859
Ad5,631,2.3159999999999998,0.13082229887615437
Ad5,632,2.4095,0.17243796595081784
Ad5,633,2.5054999999999996,0.21516635139646134
Ad5,634,2.6040000000000001,0.25900745521308555
Ad5,635,2.7160000000000002,0.30885723823300337
Ad5,636,2.8040000000000003,0.34802492489151005
Ad5,637,2.8769999999999998,0.38051630132413472
Ad5,638,2.9305000000000003,0.4043284744631136
Ad5,639,2.9624999999999999,0.41857126961166113
Ad5,640,2.976,0.42457994881495498
Ad5,641,2.9699999999999998,0.42190942472460213
Ad5,642,2.9450000000000003,0.41078224101479932
Ad5,643,2.9009999999999998,0.39119839768554565
Ad5,644,2.8439999999999999,0.36582841882719463
Ad5,645,2.7744999999999997,0.3348948481139421
Ad5,646,2.6964999999999999,0.30017803493935669
Ad5,647,2.6044999999999998,0.2592299988872816
Ad5,648,2.5230000000000001,0.22295537999332382
Ad5,649,2.4464999999999999,0.18890619784132634
Ad5,650,2.3765000000000001,0.15775008345387775
Ad5,651,2.3185000000000002,0.13193501724713486
Ad5,652,2.2605,0.10611995104039151
Ad5,653,2.2050000000000001,0.081417603204628874
Ad5,654,2.1524999999999999,0.058050517414042435
Ad5,655,2.1029999999999998,0.036018693668632307
Ad5,656,2.0525000000000002,0.013541782574830408
Ad5,657,2.0015000000000001,-0.0091576721931678762
Ad5,658,1.9495,-0.032302214309558264
Ad5,659,1.8980000000000001,-0.055224212751752488
Ad5,660,1.8420000000000001,-0.080149104261711401
Ad5,661,1.7835000000000001,-0.10618671414265046
Ad5,662,1.7225000000000001,-0.13333704239456989
Ad5,663,1.6555,-0.16315789473684217
Ad5,664,1.601,-0.18741515522421281
Ad5,665,1.5525,-0.20900189162123073
Ad5,666,1.51,-0.22791810392789591
Ad5,667,1.4795,-0.24149326805385563
Ad5,668,1.4405000000000001,-0.25885167464114833
Ad5,669,1.4024999999999999,-0.27576499388004905
Ad5,670,1.3534999999999999,-0.29757427395126301
Ad5,671,1.3214999999999999,-0.31181706909981088
Ad5,672,1.2995000000000001,-0.3216089907644375
Ad5,673,1.2885,-0.32650495159675086
Ad5,674,1.2995000000000001,-0.3216089907644375
Ad5,675,1.2999999999999998,-0.32138644709024156
Ad5,676,1.298,-0.32227662178702576
Ad5,677,1.2915000000000001,-0.32516968955157444
Ad5,678,1.27,-0.33473906754200511
Ad5,679,1.2610000000000001,-0.33874485367753415
Ad5,680,1.256,-0.34097029041949489
Ad5,681,1.2549999999999999,-0.341415377767887
Ad5,682,1.2685,-0.33540669856459338
Ad5,683,1.268,-0.33562924223878943
Ad5,684,1.2625000000000002,-0.338077222654946
Ad5,685,1.2515000000000001,-0.34297318348725936
Ad5,686,1.2250000000000001,-0.35476799821965055
Ad5,687,1.2130000000000001,-0.36010904640035601
Ad5,688,1.2065000000000001,-0.3630021141649048
Ad5,689,1.2055,-0.36344720151329701
Ad5,690,1.2155,-0.35899632802937576
Ad5,691,1.218,-0.3578836096583955
Ad5,692,1.2170000000000001,-0.3583286970067876
Ad5,693,1.2124999999999999,-0.36033159007455218
Ad5,694,1.2035,-0.36433737621008122
Ad5,695,1.1884999999999999,-0.37101368643596311
Ad5,696,1.1685000000000001,-0.37991543340380551
Ad5,697,1.143,-0.3912651607878046
Ad5,698,1.111,-0.40550795593635253
Ad5,699,1.0840000000000001,-0.41752531434293982
Ad5,700,1.0594999999999999,-0.42842995437854686
Ad5,701,1.038,-0.43799933236897742
Ad5,702,1.02,-0.44601090464003562
Ad5,703,1.0089999999999999,-0.45090686547234904
Ad5,704,1.004,-0.45313230221430956
Ad5,705,1.006,-0.45224212751752535
Ad5,706,1.0085,-0.45112940914654504
Ad5,707,1.0114999999999998,-0.44979414710136872
Ad5,708,1.0135000000000001,-0.44890397240458441
Ad5,709,1.02,-0.44601090464003562
Ad5,710,1.0135000000000001,-0.44890397240458441
Ad5,711,0.99849999999999994,-0.45558028263046629
Ad5,712,0.97599999999999998,-0.46559474796928901
Ad5,713,0.9355,-0.48362078557916993
Ad5,714,0.90749999999999997,-0.49608323133414939
Ad5,715,0.88650000000000007,-0.50543006565038384
Ad5,716,0.872,-0.51188383220206968
Ad5,717,0.871,-0.51232891955046178
Ad5,718,0.871,-0.51232891955046178
Ad5,719,0.87450000000000006,-0.51077111383108931
Ad5,720,0.88300000000000001,-0.50698787136975632
Ad5,721,0.89500000000000002,-0.50164682318905085
Ad5,722,0.91100000000000003,-0.49452542561477691
Ad5,723,0.93049999999999988,-0.48584622232113062
Ad5,724,0.95300000000000007,-0.47583175698230779
Ad5,725,0.97350000000000003,-0.46670746634026927
Ad5,726,1.0070000000000001,-0.45179704016913319
Ad5,727,1.0459999999999998,-0.43443863358184054
Ad5,728,1.0880000000000001,-0.4157449649493713
Ad5,729,1.137,-0.39393568487815733
Ad5,730,1.1655,-0.38125069544898194
Ad5,731,1.1795,-0.37501947257149215
Ad5,732,1.1835,-0.37323912317792374
Ad5,733,1.159,-0.38414376321353072
Ad5,734,1.1120000000000001,-0.40506286858796037
Ad5,735,1.0425,-0.4359964393012129
Ad5,736,0.93649999999999989,-0.48317569823077788
Ad5,737,0.84199999999999997,-0.52523645265383334
Ad5,738,0.751,-0.56573940135751644
Ad5,739,0.66700000000000004,-0.60312673862245458
Ad5,740,0.59600000000000009,-0.63472794035829527
Ad5,741,0.53049999999999997,-0.66388116167797939
Ad5,742,0.47400000000000003,-0.68902859686213414
Ad5,743,0.42499999999999999,-0.71083787693334821
Ad5,744,0.39350000000000002,-0.72485812840770003
Ad5,745,0.34949999999999998,-0.74444197173695348
Ad5,746,0.30299999999999999,-0.76513853343718707
Ad5,747,0.2535,-0.78717035718259709
Ad5,748,0.1925,-0.81432068543451652
Ad5,749,0.151,-0.8327918103927896
Ad5,750,0.12,-0.84658951819294537
Ad5,751,0.10000000000000001,-0.85549126516078777
Ad5,752,0.092999999999999999,-0.85860687659953272
Ad5,753,0.092499999999999999,-0.85882942027372877
Ad5,754,0.099500000000000005,-0.85571380883498394
Ad5,755,0.11149999999999999,-0.85037276065427847
Ad5,756,0.13400000000000001,-0.84035829531545569
Ad5,757,0.13850000000000001,-0.83835540224769112
Ad5,758,0.13600000000000001,-0.83946812061867138
Ad5,759,0.1105,-0.85081784800267057
Ad5,760,0.10100000000000001,-0.85504617781239567
Ad5,761,0.098500000000000004,-0.85615889618337604
Ad5,762,0.10200000000000001,-0.85460109046400357
Ad5,763,0.128,-0.84302881940580843
Ad5,764,0.13250000000000001,-0.84102592633804385
Ad5,765,0.128,-0.84302881940580843
Ad5,766,0.1135,-0.84948258595749415
Ad5,767,0.075499999999999998,-0.86639590519639487
Ad5,768,0.056500000000000002,-0.87485256481584517
Ad5,769,0.043999999999999997,-0.88041615667074669
Ad5,770,0.039,-0.88264159341270731
Ad5,771,0.049499999999999995,-0.87796817625459
Ad5,772,0.048500000000000001,-0.87841326360298211
Ad5,773,0.044500000000000005,-0.88019361299655063
Ad5,774,0.035999999999999997,-0.88397685545788363
Ad5,775,0.027499999999999997,-0.88776009791921662
Ad5,776,0.0075000000000000006,-0.89666184488705913
Ad5,777,-0.016500000000000001,-0.90734394124847007
Ad5,778,-0.069500000000000006,-0.93093357071325245
Ad5,779,-0.08199999999999999,-0.93649716256815396
Ad5,780,-0.068000000000000005,-0.93026593969066429
Ad5,781,-0.028000000000000001,-0.91246244575497948
Ad5,782,0.071000000000000008,-0.86839879826415933
Ad5,783,0.13850000000000001,-0.83835540224769112
Ad5,784,0.19450000000000001,-0.81343051073773232
Ad5,785,0.23399999999999999,-0.79584956047624344
Ad5,786,0.24399999999999999,-0.7913986869923223
Ad5,787,0.25750000000000001,-0.78539000778902857
Ad5,788,0.26500000000000001,-0.78205185267608768
Ad5,789,0.27100000000000002,-0.77938132858573494
Ad5,790,0.26650000000000001,-0.78138422165349952
Ad5,791,0.28400000000000003,-0.77359519305663738
Ad5,792,0.314,-0.76024257260487371
Ad5,793,0.35650000000000004,-0.74132636029820853
Ad5,794,0.42449999999999999,-0.71106042060754426
Ad5,795,0.46950000000000003,-0.69103148992989882
Ad5,796,0.50800000000000001,-0.67389562701680206
Ad5,797,0.53899999999999992,-0.66009791921664629
Ad5,798,0.55600000000000005,-0.65253143429398019
Ad5,799,0.58499999999999996,-0.63962390119060863
Ad5,800,0.61850000000000005,-0.6247134750194725
Ad5,801,0.65500000000000003,-0.60846778680316016
Ad5,802,0.69900000000000007,-0.58888394347390682
Ad5,803,0.74950000000000006,-0.56640703238010459
Ad5,804,0.80699999999999994,-0.54081450984755763
Ad5,805,0.872,-0.51188383220206968
Ad5,806,0.93500000000000005,-0.48384332925336598
Ad5,807,0.99649999999999994,-0.4564704573272505
Ad5,808,1.0545,-0.43065539112050744
Ad5,809,1.1099999999999999,-0.40595304328474474
Ad5,810,1.1535,-0.3865917436296874
Ad5,811,1.1859999999999999,-0.37212640480694337
Ad5,812,1.208,-0.36233448314231675
Ad5,813,1.2214999999999998,-0.35632580393902313
Ad5,814,1.2214999999999998,-0.35632580393902313
Ad5,815,1.214,-0.35966395905196402
Ad5,816,1.1815,-0.37412929787470794
Ad5,817,1.1755,-0.37679982196506068
Ad5,818,1.1875,-0.37145877378435521
Ad5,819,1.2195,-0.35721597863580734
Ad5,820,1.2869999999999999,-0.32717258261933913
Ad5,821,1.3445,-0.30158006008679206
Ad5,822,1.4005000000000001,-0.27665516857683314
Ad5,823,1.4504999999999999,-0.25440080115722719
Ad5,824,1.4965000000000002,-0.23392678313118942
Ad5,825,1.5225,-0.22235451207299439
Ad5,826,1.5314999999999999,-0.21834872593746535
Ad5,827,1.5249999999999999,-0.22124179370201413
Ad5,828,1.4895,-0.23704239456993437
Ad5,829,1.4704999999999999,-0.24549905418938478
Ad5,830,1.4550000000000001,-0.25239790808946261
Ad5,831,1.4419999999999999,-0.25818404361856018
Ad5,832,1.4464999999999999,-0.25618115055079571
Ad5,833,1.4220000000000002,-0.26708579058640258
Ad5,834,1.3879999999999999,-0.28221876043173477
Ad5,835,1.3294999999999999,-0.30825637031267394
Ad5,836,1.2875000000000001,-0.32695003894514296
Ad5,837,1.2555000000000001,-0.34119283409369083
Ad5,838,1.2364999999999999,-0.34964949371314125
Ad5,839,1.232,-0.35165238678090582
Ad5,840,1.2429999999999999,-0.34675642594859246
Ad5,841,1.268,-0.33562924223878943
Ad5,842,1.3049999999999999,-0.31916101034828093
Ad5,843,1.3620000000000001,-0.29379103148992991
Ad5,844,1.4035000000000002,-0.27531990653165683
Ad5,845,1.4375,-0.26018693668632475
Ad5,846,1.46,-0.25017247134750198
Ad5,847,1.4670000000000001,-0.24705685990875703
Ad5,848,1.472,-0.24483142316679651
Ad5,849,1.47,-0.24572159786358072
Ad5,850,1.4615,-0.24950484032491382
Ad5,851,1.4455,-0.2566262378991877
Ad5,852,1.421,-0.26753087793479469
Ad5,853,1.3904999999999998,-0.28110604206075451
Ad5,854,1.3545,-0.2971291866028708
Ad5,855,1.3094999999999999,-0.31715811728051635
Ad5,856,1.2585000000000002,-0.33985757204851452
Ad5,857,1.202,-0.36500500723266949
Ad5,858,1.141,-0.39215533548458892
Ad5,859,1.0800000000000001,-0.41930566373650829
Ad5,860,1.022,-0.44512072994325136
Ad5,861,0.96799999999999997,-0.46915544675642601
Ad5,862,0.90900000000000003,-0.49541560031156118
Ad5,863,0.88700000000000001,-0.50520752197618779
Ad5,864,0.88749999999999996,-0.50498497830199174
Ad5,865,0.93700000000000006,-0.48295315455658172
Ad5,866,0.95849999999999991,-0.47338377656615116
Ad5,867,0.96499999999999997,-0.47049070880160238
Ad5,868,0.95350000000000001,-0.47560921330811173
Ad5,869,0.90400000000000003,-0.49764103705352175
Ad5,870,0.86450000000000005,-0.51522198731501057
Ad5,871,0.82350000000000001,-0.53347056859908759
Ad5,872,0.78449999999999998,-0.55082897518638041
Ad5,873,0.74750000000000005,-0.56729720707688891
Ad5,874,0.72249999999999992,-0.57842439078669194
Ad5,875,0.70750000000000002,-0.58510070101257372
Ad5,876,0.70300000000000007,-0.58710359408033819
Ad5,877,0.71099999999999997,-0.58354289529320136
Ad5,878,0.71649999999999991,-0.58109491487704468
Ad5,879,0.72099999999999997,-0.5790920218092801
Ad5,880,0.73099999999999998,-0.57464114832535884
Ad5,881,0.72649999999999992,-0.57664404139312353
Ad5,882,0.71150000000000002,-0.58332035161900531
Ad5,883,0.68500000000000005,-0.5951151663513965
Ad5,884,0.63250000000000006,-0.61848225214198282
Ad5,885,0.59850000000000003,-0.63361522198731501
Ad5,886,0.57199999999999995,-0.64541003671970631
Ad5,887,0.55349999999999999,-0.65364415266496056
Ad5,888,0.5585,-0.65141871592299994
Ad5,889,0.53900000000000003,-0.66009791921664629
Ad5,890,0.50849999999999995,-0.673673083342606
Ad5,891,0.46799999999999997,-0.69169912095248698
Ad5,892,0.40749999999999997,-0.71862690553021036
Ad5,893,0.36349999999999999,-0.73821074885946369
Ad5,894,0.32550000000000001,-0.7551240680983643
Ad5,895,0.30299999999999999,-0.76513853343718707
Ad5,896,0.27249999999999996,-0.77871369756314679
Ad5,897,0.23949999999999999,-0.79340158006008688
Ad5,898,0.20500000000000002,-0.80875709357961501
Ad5,899,0.16149999999999998,-0.82811839323467229
Ad5,900,0.13,-0.84213864470902422
Ad5,901,0.10550000000000001,-0.8530432847446312
Ad5,902,0.087999999999999995,-0.86083231334149324
Ad5,903,0.082500000000000004,-0.86328029375764992
Ad5,904,0.077499999999999999,-0.86550573049961055
Ad5,905,0.074999999999999997,-0.86661844887059092
Ad5,906,0.075999999999999998,-0.8661733615221987
Ad5,907,0.080000000000000002,-0.86439301212863029
Ad5,908,0.084999999999999992,-0.86216757538666966
Ad5,909,0.091999999999999998,-0.85905196394792482
Ad5,910,0.097000000000000003,-0.85682652720596419
Ad5,911,0.1115,-0.85037276065427847
Ad5,912,0.13300000000000001,-0.8408033826638478
Ad5,913,0.16099999999999998,-0.82834093690886834
Ad5,914,0.20150000000000001,-0.81031489929898748
Ad5,915,0.23699999999999999,-0.79451429843106713
Ad5,916,0.27249999999999996,-0.77871369756314679
Ad5,917,0.3075,-0.7631356403694225
Ad5,918,0.33750000000000002,-0.74978301991765883
Ad5,919,0.3785,-0.73153443863358181
Ad5,920,0.42549999999999999,-0.71061533325915216
Ad5,921,0.48150000000000004,-0.68569044174919325
Ad5,922,0.53350000000000009,-0.66254589963280286
Ad5,923,0.58250000000000002,-0.640736619561589
Ad5,924,0.627,-0.62093023255813962
Ad5,925,0.66650000000000009,-0.60334928229665064
Ad5,926,0.69950000000000001,-0.58866139979971077
Ad5,927,0.72699999999999998,-0.57642149771892737
Ad5,928,0.749,-0.56662957605430075
Ad5,929,0.76200000000000001,-0.56084344052520307
Ad5,930,0.78100000000000003,-0.55238678090575277
Ad5,931,0.80099999999999993,-0.54348503393791037
Ad5,932,0.82250000000000001,-0.53391565594747969
Ad5,933,0.85099999999999998,-0.52123066651830419
Ad5,934,0.86699999999999999,-0.51410926894403031
Ad5,935,0.879,-0.50876822076332484
Ad5,936,0.878,-0.50921330811171694
Ad5,937,0.88800000000000001,-0.50476243462779569
Ad5,938,0.90300000000000002,-0.49808612440191391
Ad5,939,0.92399999999999993,-0.48873929008567935
Ad5,940,0.95699999999999996,-0.47405140758873932
Ad5,941,0.98250000000000004,-0.46270168020474017
Ad5,942,1.0044999999999999,-0.45290975854011356
Ad5,943,1.024,-0.44423055524646715
Ad5,944,1.0355000000000001,-0.43911205073995768
Ad5,945,1.0529999999999999,-0.43132302214309565
Ad5,946,1.0714999999999999,-0.4230889061978414
Ad5,947,1.0974999999999999,-0.4115166351396462
Ad5,948,1.1120000000000001,-0.40506286858796037
Ad5,949,1.1200000000000001,-0.40150216980082337
Ad5,950,1.1200000000000001,-0.40150216980082337
Ad5,951,1.1065,-0.40751084900411705
Ad5,952,1.1025,-0.40929119839768557
Ad5,953,1.101,-0.40995882942027378
Ad5,954,1.1025,-0.40929119839768557
Ad5,955,1.111,-0.40550795593635253
Ad5,956,1.1135000000000002,-0.40439523756537216
Ad5,957,1.113,-0.40461778123956832
Ad5,958,1.1120000000000001,-0.40506286858796037
Ad5,959,1.1019999999999999,-0.40951374207188168
Ad5,960,1.0855000000000001,-0.41685768332035161
Ad5,961,1.0620000000000001,-0.42731723600756649
Ad5,962,1.0295000000000001,-0.44178257483031041
Ad5,963,0.99849999999999994,-0.45558028263046629
Ad5,964,0.96799999999999997,-0.46915544675642601
Ad5,965,0.93900000000000006,-0.48206297985979751
Ad5,966,0.90949999999999998,-0.49519305663736513
Ad5,967,0.89050000000000007,-0.50364971625681543
Ad5,968,0.87850000000000006,-0.50899076443752089
Ad5,969,0.88400000000000001,-0.50654278402136421
Ad5,970,0.87450000000000006,-0.51077111383108931
Ad5,971,0.85599999999999998,-0.51900522977634367
Ad5,972,0.82800000000000007,-0.53146767553132301
Ad5,973,0.77849999999999997,-0.55349949927673303
Ad5,974,0.74449999999999994,-0.56863246912206522
Ad5,975,0.71649999999999991,-0.58109491487704468
Ad5,976,0.69599999999999995,-0.59021920551908313
Ad5,977,0.6895,-0.59311227328363192
Ad5,978,0.67749999999999999,-0.59845332146433738
Ad5,979,0.66600000000000004,-0.6035718259708468
Ad5,980,0.65450000000000008,-0.6086903304773561
Ad5,981,0.64549999999999996,-0.61269611661288526
Ad5,982,0.63850000000000007,-0.6158117280516302
Ad5,983,0.63450000000000006,-0.61759207744519862
Ad5,984,0.63300000000000001,-0.61825970846778677
Ad5,985,0.63749999999999996,-0.61625681540002231
Ad5,986,0.64850000000000008,-0.61136085456770894
Ad5,987,0.66599999999999993,-0.60357182597084691
Ad5,988,0.69199999999999995,-0.59199955491265166
Ad5,989,0.72199999999999998,-0.578646934460888
Ad5,990,0.75750000000000006,-0.56284633359296765
Ad5,991,0.81200000000000006,-0.53858907310559689
Ad5,992,0.85799999999999998,-0.51811505507955946
Ad5,993,0.90749999999999997,-0.49608323133414939
Ad5,994,0.96550000000000002,-0.47026816512740627
Ad5,995,0.98599999999999999,-0.46114387448536781
Ad5,996,1.1234999999999999,-0.39994436408145106
Ad5,997,1.3325,-0.30692110826749752
Ad5,998,1.605,-0.18563480583064429
Ad5,999,1.9674999999999998,-0.024290642038500176
Ad5,1000,2.2675000000000001,0.10923556247913646
Ad5,1001,2.5310000000000001,0.22651607878046065
Ad5,1002,2.7869999999999999,0.34045843996884384
Ad5,1003,2.8920000000000003,0.38719261155001672
Ad5,1004,2.8689999999999998,0.37695560253699767
Ad5,1005,2.7204999999999999,0.31086013130076762
Ad5,1006,2.3819999999999997,0.16019806387003432
Ad5,1007,2.0895000000000001,0.030010014465338797
Ad5,1008,1.7949999999999999,-0.10106820963614116
Ad5,1009,1.5169999999999999,-0.22480249248915107
Ad5,1010,1.2774999999999999,-0.33140091242906433
Ad5,1011,1.0645,-0.42620451763658623
Ad5,1012,0.89050000000000007,-0.50364971625681543
Ad5,1013,0.77600000000000002,-0.5546122176477134
Ad5,1014,0.66900000000000004,-0.60223656392567038
Ad5,1015,0.57999999999999996,-0.64184933793256937
Ad5,1016,0.505,-0.67523088906197848
Ad5,1017,0.442,-0.70327139201068212
Ad5,1018,0.38750000000000001,-0.72752865249805276
Ad5,1019,0.34050000000000002,-0.74844775787248252
Ad5,1020,0.28949999999999998,-0.77114721264048069
Ad5,1021,0.26350000000000001,-0.78271948369867594
Ad5,1022,0.25650000000000001,-0.78583509513742078
Ad5,1023,0.26900000000000002,-0.78027150328251915
Ad5,1024,0.31,-0.76202292199844224
Ad5,1025,0.34499999999999997,-0.74644486480471794
Ad5,1026,0.3795,-0.7310893512851897
Ad5,1027,0.41200000000000003,-0.71662401246244578
Ad5,1028,0.432,-0.70772226549460338
Ad5,1029,0.46050000000000002,-0.69503727606542787
Ad5,1030,0.48849999999999999,-0.68257483031044841
Ad5,1031,0.52700000000000002,-0.66543896739735175
Ad5,1032,0.53800000000000003,-0.66054300656503839
Ad5,1033,0.52849999999999997,-0.6647713363747636
Ad5,1034,0.4975,-0.67856904417491937
Ad5,1035,0.4355,-0.7061644597752309
Ad5,1036,0.3755,-0.73286970067875823
Ad5,1037,0.3125,-0.76091020362746198
Ad5,1038,0.2505,-0.78850561922777351
Ad5,1039,0.1885,-0.81610103482808505
Ad5,1040,0.14050000000000001,-0.83746522755090691
Ad5,1041,0.10400000000000001,-0.85371091576721936
Ad5,1042,0.086499999999999994,-0.8614999443640815
Ad5,1043,0.067500000000000004,-0.86995660398353181
Ad5,1044,0.051000000000000004,-0.87730054523200185
Ad5,1045,0.036499999999999998,-0.88375431178368757
Ad5,1046,0.021999999999999999,-0.8902080783353733
Ad5,1047,0.0094999999999999998,-0.89577167019027482
Ad5,1048,-0.00049999999999999871,-0.90022254367419607
Ad5,1049,-0.01,-0.90445087348392128
Ad5,1050,-0.016,-0.90712139757427401
Ad5,1051,-0.018499999999999999,-0.90823411594525427
Ad5,1052,-0.017999999999999999,-0.90801157227105822
Ad5,1053,-0.014999999999999999,-0.9066763102258818
Ad5,1054,-0.0069999999999999993,-0.90311561143874486
Ad5,1055,0.0045000000000000005,-0.89799710693223544
Ad5,1056,0.018500000000000003,-0.89176588405474577
Ad5,1057,0.040000000000000001,-0.8821965060643151
Ad5,1058,0.051999999999999998,-0.87685545788360963
Ad5,1059,0.060999999999999999,-0.87284967174808059
Ad5,1060,0.056999999999999995,-0.87463002114164912
Ad5,1061,0.068000000000000005,-0.86973406030933575
Ad5,1062,0.088999999999999996,-0.86038722599310113
Ad5,1063,0.1205,-0.84636697451874932
Ad5,1064,0.17049999999999998,-0.82411260709914325
Ad5,1065,0.21050000000000002,-0.80630911316345832
Ad5,1066,0.2465,-0.79028596862134193
Ad5,1067,0.27200000000000002,-0.77893624123734284
Ad5,1068,0.30149999999999999,-0.76580616445977523
Ad5,1069,0.33099999999999996,-0.75267608768220762
Ad5,1070,0.36149999999999999,-0.7391009235562479
Ad5,1071,0.39449999999999996,-0.72441304105930793
Ad5,1072,0.42549999999999999,-0.71061533325915216
Ad5,1073,0.45550000000000002,-0.6972627128073885
Ad5,1074,0.48349999999999999,-0.68480026705240904
Ad5,1075,0.51300000000000001,-0.67167019027484143
Ad5,1076,0.53150000000000008,-0.66343607432958718
Ad5,1077,0.54500000000000004,-0.65742739512629356
Ad5,1078,0.53849999999999998,-0.66032046289084234
Ad5,1079,0.55499999999999994,-0.65297652164237241
Ad5,1080,0.58450000000000002,-0.63984644486480469
Ad5,1081,0.627,-0.62093023255813962
Ad5,1082,0.70300000000000007,-0.58710359408033819
Ad5,1083,0.74049999999999994,-0.57041281851563375
Ad5,1084,0.76150000000000007,-0.56106598419939913
Ad5,1085,0.74150000000000005,-0.56996773116724153
Ad5,1086,0.73849999999999993,-0.57130299321241806
Ad5,1087,0.74399999999999999,-0.56885501279626127
Ad5,1088,0.76049999999999995,-0.56151107154779134
Ad5,1089,0.79849999999999999,-0.54459775230889063
Ad5,1090,0.83050000000000002,-0.53035495716034275
Ad5,1091,0.86399999999999999,-0.51544453098920662
Ad5,1092,0.89500000000000002,-0.50164682318905085
Ad5,1093,0.92700000000000005,-0.48740402804050298
Ad5,1094,0.9415,-0.4809502614888172
Ad5,1095,0.94450000000000001,-0.47961499944364083
Ad5,1096,0.92100000000000004,-0.49007455213085571
Ad5,1097,0.91700000000000004,-0.49185490152442418
Ad5,1098,0.92149999999999999,-0.48985200845665966
Ad5,1099,0.9355,-0.48362078557916993
Ad5,1100,0.97299999999999998,-0.46693001001446538
Ad5,1101,0.98299999999999987,-0.46247913653054418
Ad5,1102,0.98099999999999987,-0.46336931122732844
Ad5,1103,0.95300000000000007,-0.47583175698230779
Ad5,1104,0.9365,-0.48317569823077783
Ad5,1105,0.92449999999999999,-0.48851674641148329
Ad5,1106,0.91999999999999993,-0.49051963947924787
Ad5,1107,0.92900000000000005,-0.48651385334371872
Ad5,1108,0.93399999999999994,-0.48428841660175814
Ad5,1109,0.94100000000000006,-0.48117280516301325
Ad5,1110,0.94650000000000001,-0.47872482474685657
Ad5,1111,0.95550000000000002,-0.47471903861132747
Ad5,1112,0.96799999999999997,-0.46915544675642601
Ad5,1113,0.98199999999999998,-0.46292422387893628
Ad5,1114,1.002,-0.45402247691109382
Ad5,1115,1.0169999999999999,-0.44734616668521204
Ad5,1116,1.0299999999999998,-0.44156003115611447
Ad5,1117,1.0419999999999998,-0.43621898297540901
Ad5,1118,1.0455000000000001,-0.43466117725603648
Ad5,1119,1.071,-0.42331144987203745
Ad5,1120,1.1065,-0.40751084900411705
Ad5,1121,1.1644999999999999,-0.38169578279737404
Ad5,1122,1.2065000000000001,-0.3630021141649048
Ad5,1123,1.2395,-0.34831423166796482
Ad5,1124,1.262,-0.33829976632914216
Ad5,1125,1.2665,-0.33629687326137758
Ad5,1126,1.2715000000000001,-0.33407143651941695
Ad5,1127,1.2709999999999999,-0.33429398019361312
Ad5,1128,1.2679999999999998,-0.33562924223878954
Ad5,1129,1.254,-0.3418604651162791
Ad5,1130,1.2315,-0.35187493045510188
Ad5,1131,1.1995,-0.36611772560364975
Ad5,1132,1.1585000000000001,-0.38436630688772666
Ad5,1133,1.1120000000000001,-0.40506286858796037
Ad5,1134,1.0600000000000001,-0.42820741070435075
Ad5,1135,1.0044999999999999,-0.45290975854011356
Ad5,1136,0.94399999999999995,-0.47983754311783694
Ad5,1137,0.879,-0.50876822076332484
Ad5,1138,0.8115,-0.53881161677979306
Ad5,1139,0.74550000000000005,-0.56818738177367312
Ad5,1140,0.67100000000000004,-0.60134638922888617
Ad5,1141,0.62,-0.62404584399688434
Ad5,1142,0.56400000000000006,-0.64897073550684325
Ad5,1143,0.51449999999999996,-0.67100255925225327
Ad5,1144,0.46850000000000003,-0.69147657727829093
Ad5,1145,0.42649999999999999,-0.71017024591076006
Ad5,1146,0.39300000000000002,-0.72508067208189608
Ad5,1147,0.35050000000000003,-0.74399688438856126
Ad5,1148,0.30249999999999999,-0.76536107711138313
Ad5,1149,0.24349999999999999,-0.79162123066651835
Ad5,1150,0.1885,-0.81610103482808505
Ad5,1151,0.13550000000000001,-0.83969066429286754
Ad5,1152,0.086999999999999994,-0.86127740068988545
Ad5,1153,0.044499999999999998,-0.88019361299655063
Ad5,1154,0.00099999999999999915,-0.89955491265160792
Ad5,1155,-0.0034999999999999996,-0.9015578057193725
Ad5,1156,-0.0065000000000000006,-0.90289306776454881
Ad5,1157,-0.010999999999999999,-0.90489596083231338
Ad5,1158,-0.013000000000000001,-0.90578613552909759
Ad5,1159,-0.014999999999999999,-0.9066763102258818
Ad5,1160,-0.019000000000000003,-0.90845665961945032
Ad5,1161,-0.021999999999999999,-0.90979192166462675
Ad5,1162,-0.0235,-0.9104595526872149
Ad5,1163,-0.0235,-0.9104595526872149
Ad5,1164,-0.0235,-0.9104595526872149
Ad5,1165,-0.016,-0.90712139757427401
Ad5,1166,-0.002,-0.90089017469678423
Ad5,1167,0.021000000000000001,-0.89065316568376551
Ad5,1168,0.041000000000000002,-0.881751418715923
Ad5,1169,0.060999999999999999,-0.87284967174808059
Ad5,1170,0.080500000000000002,-0.86417046845443424
Ad5,1171,0.095000000000000001,-0.8577167019027484
Ad5,1172,0.113,-0.8497051296316902
Ad5,1173,0.13150000000000001,-0.84147101368643595
Ad5,1174,0.153,-0.83190163569600539
Ad5,1175,0.16650000000000001,-0.82589295649271177
Ad5,1176,0.17499999999999999,-0.82210971403137867
Ad5,1177,0.17699999999999999,-0.82121953933459446
Ad5,1178,0.17299999999999999,-0.82299988872816288
Ad5,1179,0.16749999999999998,-0.82544786914431956
Ad5,1180,0.1595,-0.82900856793145661
Ad5,1181,0.14400000000000002,-0.83590742183153444
Ad5,1182,0.14500000000000002,-0.83546233448314233
Ad5,1183,0.159,-0.82923111160565266
Ad5,1184,0.1845,-0.81788138422165346
Ad5,1185,0.23499999999999999,-0.79540447312785134
Ad5,1186,0.26200000000000001,-0.7833871147212641
Ad5,1187,0.27850000000000003,-0.77604317347279406
Ad5,1188,0.27100000000000002,-0.77938132858573494
Ad5,1189,0.28300000000000003,-0.77404028040502948
Ad5,1190,0.308,-0.76291309669522644
Ad5,1191,0.34799999999999998,-0.74510960275954163
Ad5,1192,0.41049999999999998,-0.71729164348503394
Ad5,1193,0.47499999999999998,-0.68858350951374214
Ad5,1194,0.54800000000000004,-0.65609213308111713
Ad5,1195,0.62650000000000006,-0.62115277623233567
Ad5,1196,0.71250000000000002,-0.5828752642706132
Ad5,1197,0.80249999999999999,-0.5428174029153221
Ad5,1198,0.89700000000000002,-0.50075664849226664
Ad5,1199,0.99199999999999999,-0.45847335039501508
Ad5,1200,1.0874999999999999,-0.41596750862356746
Ad5,1201,1.1779999999999999,-0.37568710359408042
Ad5,1202,1.27,-0.33473906754200511
Ad5,1203,1.3414999999999999,-0.30291532213196848
Ad5,1204,1.3955000000000002,-0.27888060531879377
Ad5,1205,1.4315,-0.26285746077667749
Ad5,1206,1.4399999999999999,-0.25907421831534438
Ad5,1207,1.45,-0.25462334483142324
Ad5,1208,1.4535,-0.25306553911205076
Ad5,1209,1.4615,-0.24950484032491382
Ad5,1210,1.448,-0.25551351952820744
Ad5,1211,1.419,-0.268421052631579
Ad5,1212,1.3774999999999999,-0.28689217758985208
Ad5,1213,1.3145,-0.31493268053855572
Ad5,1214,1.2734999999999999,-0.33318126182263275
Ad5,1215,1.244,-0.34631133860020036
Ad5,1216,1.238,-0.34898186269055309
Ad5,1217,1.2305000000000001,-0.35232001780349387
Ad5,1218,1.2275,-0.35365527984867029
Ad5,1219,1.2290000000000001,-0.35298764882608213
Ad5,1220,1.2294999999999998,-0.35276510515188619
Ad5,1221,1.2469999999999999,-0.34497607655502405
Ad5,1222,1.2749999999999999,-0.33251363080004459
Ad5,1223,1.3205,-0.31226215644820299
Ad5,1224,1.3624999999999998,-0.29356848781573397
Ad5,1225,1.405,-0.27465227550906868
Ad5,1226,1.4470000000000001,-0.25595860687659955
Ad5,1227,1.4824999999999999,-0.24015800600867931
Ad5,1228,1.5310000000000001,-0.21857126961166129
Ad5,1229,1.5859999999999999,-0.1940914654500947
Ad5,1230,1.6525000000000001,-0.16449315678201848
Ad5,1231,1.7124999999999999,-0.13778791587849126
Ad5,1232,1.7705000000000002,-0.11197284967174803
Ad5,1233,1.8239999999999998,-0.088160676532769711
Ad5,1234,1.8714999999999999,-0.067019027484143789
Ad5,1235,1.9180000000000001,-0.046322465783910083
Ad5,1236,1.9615,-0.026961166128852798
Ad5,1237,2,-0.0098253032157561426
Ad5,1238,2.0430000000000001,0.0093134527651052013
Ad5,1239,2.089,0.029787470791142745
Ad5,1240,2.1429999999999998,0.053822187604317229
Ad5,1241,2.1915,0.075408924001335254
Ad5,1242,2.2359999999999998,0.095215311004784531
Ad5,1243,2.2744999999999997,0.11235117391788119
Ad5,1244,2.3025000000000002,0.12481361967286075
Ad5,1245,2.3339999999999996,0.13883387114721246
Ad5,1246,2.3635000000000002,0.15196394792478018
Ad5,1247,2.4005000000000001,0.16843217981528869
Ad5,1248,2.4234999999999998,0.17866918882830751
Ad5,1249,2.4370000000000003,0.18467786803160136
Ad5,1250,2.4394999999999998,0.18579058640258139
Ad5,1251,2.4239999999999999,0.17889173250250356
Ad5,1252,2.4180000000000001,0.17622120841215094
Ad5,1253,2.4160000000000004,0.17533103371536674
Ad5,1254,2.4224999999999999,0.17822410147991541
Ad5,1255,2.4289999999999998,0.18111716924446408
Ad5,1256,2.4370000000000003,0.18467786803160136
Ad5,1257,2.4445000000000001,0.18801602314454213
Ad5,1258,2.4530000000000003,0.19179926560587524
Ad5,1259,2.4530000000000003,0.19179926560587524
Ad5,1260,2.4445000000000001,0.18801602314454213
Ad5,1261,2.4255,0.17955936352509172
Ad5,1262,2.4024999999999999,0.16932235451207289
Ad5,1263,2.3745000000000003,0.15685990875709377
Ad5,1264,2.3414999999999999,0.14217202626015346
Ad5,1265,2.3035000000000001,0.12525870702125286
Ad5,1266,2.2614999999999998,0.10656503838878362
Ad5,1267,2.2145000000000001,0.085645933014354081
Ad5,1268,2.1659999999999999,0.064059196617336056
Ad5,1269,2.1064999999999996,0.037576499388004669
Ad5,1270,2.0380000000000003,0.0070880160231445721
Ad5,1271,1.9615,-0.026961166128852798
Ad5,1272,1.8759999999999999,-0.065016134416379323
Ad5,1273,1.7865,-0.10485145209747415
Ad5,1274,1.694,-0.14602203182374551
Ad5,1275,1.5954999999999999,-0.1898631356403695
Ad5,1276,1.5055000000000001,-0.22992099699566038
Ad5,1277,1.4219999999999999,-0.26708579058640269
Ad5,1278,1.3515000000000001,-0.29846444864804711
Ad5,1279,1.2810000000000001,-0.32984310670969175
Ad5,1280,1.2130000000000001,-0.36010904640035601
Ad5,1281,1.1455,-0.39015244241682434
Ad5,1282,1.0765,-0.42086346945588071
Ad5,1283,1.0125000000000002,-0.44934905975297645
Ad5,1284,0.95199999999999996,-0.47627684433069994
Ad5,1285,0.89799999999999991,-0.50031156114387454
Ad5,1286,0.84499999999999997,-0.52390119060865703
Ad5,1287,0.79549999999999998,-0.54593301435406705
Ad5,1288,0.75049999999999994,-0.5659619450317126
Ad5,1289,0.69100000000000006,-0.59244464226104365
Ad5,1290,0.70100000000000007,-0.58799376877712251
Ad5,1291,0.71150000000000002,-0.58332035161900531
Ad5,1292,0.72399999999999998,-0.57775675976410379
Ad5,1293,0.73550000000000004,-0.57263825525759438
Ad5,1294,0.74500000000000011,-0.56840992544786917
Ad5,1295,0.75449999999999995,-0.56418159563814396
Ad5,1296,0.7609999999999999,-0.56128852787359529
Ad5,1297,0.77449999999999997,-0.55527984867030167
Ad5,1298,0.79200000000000004,-0.54749082007343941
Ad5,1299,0.81600000000000006,-0.53680872371202848
Ad5,1300,0.83750000000000002,-0.52723934572159781
Ad5,1301,0.85749999999999993,-0.51833759875375551
Ad5,1302,0.875,-0.51054857015689326
Ad5,1303,0.89300000000000002,-0.50253699788583517
Ad5,1304,0.9415,-0.4809502614888172
Ad5,1305,0.99649999999999994,-0.4564704573272505
Ad5,1306,1.0785,-0.4199732947590965
Ad5,1307,1.1435,-0.39104261711360855
Ad5,1308,1.2055,-0.36344720151329701
Ad5,1309,1.2589999999999999,-0.33963502837431858
Ad5,1310,1.3174999999999999,-0.31359741849337941
Ad5,1311,1.379,-0.28622454656726382
Ad5,1312,1.4435,-0.25751641259597202
Ad5,1313,1.51,-0.22791810392789591
Ad5,1314,1.5840000000000001,-0.1949816401468788
Ad5,1315,1.661,-0.16070991432068549
Ad5,1316,1.7515000000000001,-0.12042950929119844
Ad5,1317,1.8194999999999999,-0.090163569600534177
Ad5,1318,1.871,-0.067241571158339841
Ad5,1319,1.905,-0.052108601313007652
Ad5,1320,1.9119999999999999,-0.048992989874262927
Ad5,1321,1.9350000000000001,-0.038755980861243988
Ad5,1322,1.9624999999999999,-0.026516078780460695
Ad5,1323,2.004,-0.0080449538221876171
Ad5,1324,2.032,0.0044174919327918394
Ad5,1325,2.0540000000000003,0.014209413597418563
Ad5,1326,2.0655000000000001,0.019327918103927866
Ad5,1327,2.0750000000000002,0.023556247913653072
Ad5,1328,2.0819999999999999,0.026671859352397798
Ad5,1329,2.0880000000000001,0.029342383442750641
Ad5,1330,2.0925000000000002,0.031345276510515219
Ad5,1331,2.0975000000000001,0.033570713252475848
Ad5,1332,2.101,0.03512851897184821
Ad5,1333,2.1055000000000001,0.037131412039612788
Ad5,1334,2.1059999999999999,0.037353955713808729
Ad5,1335,2.1025,0.035796149994436366
Ad5,1336,2.0935000000000001,0.031790363858907322
Ad5,1337,2.0800000000000001,0.025781684655613701
Ad5,1338,2.0605000000000002,0.017102481361967348
Ad5,1339,2.036,0.0061978413263602539
Ad5,1340,2.0049999999999999,-0.0075998664737955135
Ad5,1341,1.9735,-0.021620117948147333
Ad5,1342,1.9415,-0.035862913096695204
Ad5,1343,1.9119999999999999,-0.048992989874262927
Ad5,1344,1.8799999999999999,-0.063235785022810798
Ad5,1345,1.8475000000000001,-0.077701123845554609
Ad5,1346,1.8149999999999999,-0.092166462668298754
Ad5,1347,1.7795000000000001,-0.10796706353621899
Ad5,1348,1.7524999999999999,-0.11998442194280634
Ad5,1349,1.7309999999999999,-0.12955379993323701
Ad5,1350,1.7225000000000001,-0.13333704239456989
Ad5,1351,1.7050000000000001,-0.14112607099143204
Ad5,1352,1.6835,-0.15069544898186271
Ad5,1353,1.643,-0.16872148659174369
Ad5,1354,1.6219999999999999,-0.17806832090797831
Ad5,1355,1.6160000000000001,-0.18073884499833093
Ad5,1356,1.6265000000000001,-0.17606542784021362
Ad5,1357,1.6735,-0.15514632246578397
Ad5,1358,1.6859999999999999,-0.14958273061088245
Ad5,1359,1.6804999999999999,-0.15203071102703913
Ad5,1360,1.6315,-0.1738399910982531
Ad5,1361,1.6034999999999999,-0.18630243685323256
Ad5,1362,1.5874999999999999,-0.19342383442750644
Ad5,1363,1.5865,-0.19386892177589854
Ad5,1364,1.6154999999999999,-0.18096138867252709
Ad5,1365,1.6179999999999999,-0.17984867030154672
Ad5,1366,1.6114999999999999,-0.1827417380660955
Ad5,1367,1.5805,-0.19653944586625127
Ad5,1368,1.5674999999999999,-0.20232558139534895
Ad5,1369,1.5615000000000001,-0.20499610548570157
Ad5,1370,1.5830000000000002,-0.1954267274952709
Ad5,1371,1.5860000000000001,-0.19409146545009459
Ad5,1372,1.5765,-0.1983197952598198
Ad5,1373,1.5545,-0.20811171692444641
Ad5,1374,1.5024999999999999,-0.2312562590408368
Ad5,1375,1.4864999999999999,-0.23837765661511079
Ad5,1376,1.4889999999999999,-0.23726493824413053
Ad5,1377,1.53,-0.21901635696005339
Ad5,1378,1.5545,-0.20811171692444641
Ad5,1379,1.571,-0.20076777567597648
Ad5,1380,1.5710000000000002,-0.20076777567597637
Ad5,1381,1.5655000000000001,-0.20321575609213305
Ad5,1382,1.5545,-0.20811171692444641
Ad5,1383,1.5394999999999999,-0.2147880271503283
Ad5,1384,1.5165,-0.22502503616334713
Ad5,1385,1.5049999999999999,-0.23014354066985654
Ad5,1386,1.5005000000000002,-0.23214643373762101
Ad5,1387,1.5110000000000001,-0.2274730165795037
Ad5,1388,1.5145,-0.22591521086013133
Ad5,1389,1.5129999999999999,-0.2265828418827196
Ad5,1390,1.5065,-0.22947590964726838
Ad5,1391,1.4765000000000001,-0.24282853009903194
Ad5,1392,1.4805000000000001,-0.24104818070546341
Ad5,1393,1.4744999999999999,-0.24371870479581625
Ad5,1394,1.4689999999999999,-0.24616668521197294
Ad5,1395,1.4605000000000001,-0.24994992767330582
Ad5,1396,1.4495,-0.25484588850561929
Ad5,1397,1.4340000000000002,-0.26174474240569712
Ad5,1398,1.4224999999999999,-0.26686324691220664
Ad5,1399,1.4119999999999999,-0.27153666407032384
Ad5,1400,1.4045000000000001,-0.27487481918326473
Ad5,1401,1.4015,-0.27621008122844115
Ad5,1402,1.3955,-0.27888060531879388
Ad5,1403,1.387,-0.28266384778012688
Ad5,1404,1.3679999999999999,-0.29112050739957729
Ad5,1405,1.3519999999999999,-0.29824190497385117
Ad5,1406,1.3105,-0.31671302993212425
Ad5,1407,1.238,-0.34898186269055309
Ad5,1408,1.1799999999999999,-0.3747969288972961
Ad5,1409,1.137,-0.39393568487815733
Ad5,1410,1.1134999999999999,-0.40439523756537227
Ad5,1411,1.123,-0.40016690775564706
Ad5,1412,1.1200000000000001,-0.40150216980082337
Ad5,1413,1.1154999999999999,-0.403505062868588
Ad5,1414,1.1099999999999999,-0.40595304328474474
Ad5,1415,1.0914999999999999,-0.41418715922999894
Ad5,1416,1.0625,-0.42709469233337044
Ad5,1417,1.0085,-0.45112940914654504
Ad5,1418,0.97299999999999998,-0.46693001001446538
Ad5,1419,0.95199999999999996,-0.47627684433069994
Ad5,1420,0.94650000000000001,-0.47872482474685657
Ad5,1421,0.97449999999999992,-0.46626237899187722
Ad5,1422,0.96850000000000003,-0.4689329030822299
Ad5,1423,0.94950000000000001,-0.4773895627016802
Ad5,1424,0.89400000000000002,-0.50209191053744306
Ad5,1425,0.876,-0.51010348280850115
Ad5,1426,0.88149999999999995,-0.50765550239234458
Ad5,1427,0.92999999999999994,-0.48606876599532661
Ad5,1428,0.97399999999999998,-0.46648492266607328
Ad5,1429,1.0175000000000001,-0.44712362301101588
Ad5,1430,1.0580000000000001,-0.42909758540113496
Ad5,1431,1.0859999999999999,-0.41663513964615567
Ad5,1432,1.129,-0.39749638366529438
Ad5,1433,1.1785000000000001,-0.37546455991988426
Ad5,1434,1.2415,-0.34742405697118062
Ad5,1435,1.2930000000000001,-0.32450205852898628
Ad5,1436,1.3384999999999998,-0.3042505841771449
Ad5,1437,1.3664999999999998,-0.29178813842216544
Ad5,1438,1.405,-0.27465227550906868
Ad5,1439,1.4504999999999999,-0.25440080115722719
Ad5,1440,1.5024999999999999,-0.2312562590408368
Ad5,1441,1.5655000000000001,-0.20321575609213305
Ad5,1442,1.6214999999999999,-0.17829086458217436
Ad5,1443,1.6735,-0.15514632246578397
Ad5,1444,1.7215,-0.13378212974296211
Ad5,1445,1.7530000000000001,-0.11976187826861018
Ad5,1446,1.7690000000000001,-0.11264048069433619
Ad5,1447,1.7645,-0.11464337376210088
Ad5,1448,1.7509999999999999,-0.1206520529653945
Ad5,1449,1.728,-0.13088906197841332
Ad5,1450,1.6970000000000001,-0.14468676977856909
Ad5,1451,1.6619999999999999,-0.16026482697229338
Ad5,1452,1.6179999999999999,-0.17984867030154672
Ad5,1453,1.5705,-0.20099031935017253
Ad5,1454,1.5125,-0.22680538555691554
Ad5,1455,1.4744999999999999,-0.24371870479581625
Ad5,1456,1.4515,-0.25395571380883497
Ad5,1457,1.454,-0.25284299543785471
Ad5,1458,1.4470000000000001,-0.25595860687659955
Ad5,1459,1.4339999999999999,-0.26174474240569723
Ad5,1460,1.4060000000000001,-0.27420718816067646
Ad5,1461,1.3759999999999999,-0.28755980861244024
Ad5,1462,1.3414999999999999,-0.30291532213196848
Ad5,1463,1.3029999999999999,-0.32005118504506513
Ad5,1464,1.262,-0.33829976632914216
Ad5,1465,1.2130000000000001,-0.36010904640035601
Ad5,1466,1.1579999999999999,-0.38458885056192282
Ad5,1467,1.0965,-0.41196172248803831
Ad5,1468,1.0314999999999999,-0.44089240013352632
Ad5,1469,0.96449999999999991,-0.47071325247579843
Ad5,1470,0.89200000000000002,-0.50298208523422727
Ad5,1471,0.82650000000000001,-0.53213530655391117
Ad5,1472,0.76800000000000002,-0.55817291643485034
Ad5,1473,0.71649999999999991,-0.58109491487704468
Ad5,1474,0.6785000000000001,-0.59800823411594517
Ad5,1475,0.62549999999999994,-0.62159786358072777
Ad5,1476,0.56549999999999989,-0.6483031044842551
Ad5,1477,0.48999999999999999,-0.68190719928786026
Ad5,1478,0.42849999999999999,-0.70928007121397574
Ad5,1479,0.3755,-0.73286970067875823
Ad5,1480,0.33999999999999997,-0.74867030154667857
Ad5,1481,0.30399999999999999,-0.76469344608879497
Ad5,1482,0.27149999999999996,-0.77915878491153889
Ad5,1483,0.23299999999999998,-0.79629464782463566
Ad5,1484,0.20900000000000002,-0.80697674418604648
Ad5,1485,0.19850000000000001,-0.81165016134416379
Ad5,1486,0.19900000000000001,-0.81142761766996774
Ad5,1487,0.22299999999999998,-0.80074552130855681
Ad5,1488,0.22249999999999998,-0.80096806498275286
Ad5,1489,0.20850000000000002,-0.80719928786024253
Ad5,1490,0.16599999999999998,-0.82611550016690782
Ad5,1491,0.13350000000000001,-0.84058083898965175
Ad5,1492,0.10600000000000001,-0.85282074107043504
Ad5,1493,0.090999999999999998,-0.85949705129631693
Ad5,1494,0.076499999999999999,-0.86595081784800265
Ad5,1495,0.065000000000000002,-0.87106932235451207
Ad5,1496,0.057500000000000002,-0.87440747746745306
Ad5,1497,0.048000000000000001,-0.87863580727717816
Ad5,1498,0.055999999999999994,-0.87507510849004122
Ad5,1499,0.073999999999999996,-0.86706353621898302
Ad5,1500,0.111,-0.85059530432847452
Ad5,1501,0.13300000000000001,-0.8408033826638478
Ad5,1502,0.14550000000000002,-0.83523979080894628
Ad5,1503,0.14000000000000001,-0.83768777122510296
Ad5,1504,0.13450000000000001,-0.84013575164125964
Ad5,1505,0.127,-0.84347390675420053
Ad5,1506,0.11900000000000001,-0.84703460554133747
Ad5,1507,0.1105,-0.85081784800267057
Ad5,1508,0.10250000000000001,-0.85437854678980751
Ad5,1509,0.096500000000000002,-0.85704907088016025
Ad5,1510,0.091499999999999998,-0.85927450762212088
Ad5,1511,0.090999999999999998,-0.85949705129631693
Ad5,1512,0.094500000000000001,-0.85793924557694445
Ad5,1513,0.1045,-0.85348837209302331
Ad5,1514,0.11199999999999999,-0.85015021698008242
Ad5,1515,0.11849999999999999,-0.84725714921553352
Ad5,1516,0.12,-0.84658951819294537
Ad5,1517,0.1285,-0.84280627573161238
Ad5,1518,0.14200000000000002,-0.83679759652831875
Ad5,1519,0.16849999999999998,-0.82500278179592745
Ad5,1520,0.1885,-0.81610103482808505
Ad5,1521,0.20200000000000001,-0.81009235562479143
Ad5,1522,0.21000000000000002,-0.80653165683765438
Ad5,1523,0.20250000000000001,-0.80986981195059538
Ad5,1524,0.21400000000000002,-0.80475130744408596
Ad5,1525,0.23750000000000002,-0.79429175475687108
Ad5,1526,0.28149999999999997,-0.77470791142761775
Ad5,1527,0.31850000000000001,-0.75823967953710913
Ad5,1528,0.35299999999999998,-0.742884166017581
Ad5,1529,0.38,-0.73086680761099365
Ad5,1530,0.40549999999999997,-0.71951708022699457
Ad5,1531,0.42900000000000005,-0.70905752753977969
Ad5,1532,0.45199999999999996,-0.69882051852676086
Ad5,1533,0.46950000000000003,-0.69103148992989882
Ad5,1534,0.48250000000000004,-0.68524535440080114
Ad5,1535,0.49249999999999999,-0.68079448091688
Ad5,1536,0.49299999999999999,-0.68057193724268394
Ad5,1537,0.51049999999999995,-0.6727829086458218
Ad5,1538,0.53950000000000009,-0.65987537554245024
Ad5,1539,0.58749999999999991,-0.63851118281962838
Ad5,1540,0.62949999999999995,-0.61981751418715936
Ad5,1541,0.66850000000000009,-0.60245910759986643
Ad5,1542,0.69799999999999995,-0.58932903082229893
Ad5,1543,0.72899999999999998,-0.57553132302214305
Ad5,1544,0.75800000000000001,-0.5626237899187716
Ad5,1545,0.79400000000000004,-0.5466006453766552
Ad5,1546,0.81600000000000006,-0.53680872371202848
Ad5,1547,0.82550000000000001,-0.53258039390230327
Ad5,1548,0.82350000000000001,-0.53347056859908759
Ad5,1549,0.79549999999999998,-0.54593301435406705
Ad5,1550,0.80699999999999994,-0.54081450984755763
Ad5,1551,0.84150000000000003,-0.52545899632802939
Ad5,1552,0.92100000000000004,-0.49007455213085571
Ad5,1553,0.97399999999999998,-0.46648492266607328
Ad5,1554,1.0110000000000001,-0.45001669077556467
Ad5,1555,1.0185,-0.44667853566262383
Ad5,1556,1.0245,-0.4440080115722711
Ad5,1557,1.0249999999999999,-0.44378546789807505
Ad5,1558,1.0229999999999999,-0.44467564259485931
Ad5,1559,1.0234999999999999,-0.44445309892066326
Ad5,1560,1.028,-0.44245020585289863
Ad5,1561,1.0385,-0.43777678869478137
Ad5,1562,1.0565,-0.42976521642372317
Ad5,1563,1.0745,-0.42175364415266497
Ad5,1564,1.0945,-0.41285189718482251
Ad5,1565,1.1134999999999999,-0.40439523756537227
Ad5,1566,1.1364999999999998,-0.3941582285523535
Ad5,1567,1.1619999999999999,-0.3828085011683543
Ad5,1568,1.1945000000000001,-0.36834316234561026
Ad5,1569,1.214,-0.35966395905196402
Ad5,1570,1.2230000000000001,-0.35565817291643487
Ad5,1571,1.2095,-0.36166685211972849
Ad5,1572,1.2095,-0.36166685211972849
Ad5,1573,1.22,-0.35699343496161129
Ad5,1574,1.242,-0.34720151329698457
Ad5,1575,1.2875000000000001,-0.32695003894514296
Ad5,1576,1.3075000000000001,-0.31804829197730056
Ad5,1577,1.3149999999999999,-0.31471013686435967
Ad5,1578,1.298,-0.32227662178702576
Ad5,1579,1.296,-0.32316679648380997
Ad5,1580,1.2985,-0.32205407811282971
Ad5,1581,1.3185,-0.31315233114498719
Ad5,1582,1.3170000000000002,-0.31381996216757535
Ad5,1583,1.302,-0.32049627239345724
Ad5,1584,1.2629999999999999,-0.33785467898075006
Ad5,1585,1.228,-0.35343273617447424
Ad5,1586,1.1955,-0.36789807499721827
Ad5,1587,1.1705000000000001,-0.3790252587070212
Ad5,1588,1.1515,-0.38748191832647161
Ad5,1589,1.1395,-0.39282296650717707
Ad5,1590,1.135,-0.39482585957494165
Ad5,1591,1.1415,-0.39193279181039287
Ad5,1592,1.1395,-0.39282296650717707
Ad5,1593,1.1345000000000001,-0.39504840324913759
Ad5,1594,1.1200000000000001,-0.40150216980082337
Ad5,1595,1.119,-0.40194725714921559
Ad5,1596,1.1274999999999999,-0.39816401468788254
Ad5,1597,1.1485000000000001,-0.38881718037164792
Ad5,1598,1.1695,-0.37947034605541341
Ad5,1599,1.1905000000000001,-0.37012351173917879
Ad5,1600,1.2109999999999999,-0.36099922109714044
Ad5,1601,1.2270000000000001,-0.35387782352286634
Ad5,1602,1.238,-0.34898186269055309
Ad5,1603,1.242,-0.34720151329698457
Ad5,1604,1.2429999999999999,-0.34675642594859246
Ad5,1605,1.2415,-0.34742405697118062
Ad5,1606,1.2384999999999999,-0.34875931901635704
Ad5,1607,1.2330000000000001,-0.35120729943251361
Ad5,1608,1.2284999999999999,-0.35321019250027819
Ad5,1609,1.2224999999999999,-0.35588071659063103
Ad5,1610,1.2189999999999999,-0.35743852231000339
Ad5,1611,1.2044999999999999,-0.36389228886168923
Ad5,1612,1.1830000000000001,-0.37346166685211979
Ad5,1613,1.1475,-0.38926226772004013
Ad5,1614,1.1214999999999999,-0.40083453877823527
Ad5,1615,1.1000000000000001,-0.41040391676866583
Ad5,1616,1.0920000000000001,-0.41396461555580283
Ad5,1617,1.075,-0.42153110047846892
Ad5,1618,1.0509999999999999,-0.43221319683987991
Ad5,1619,1.012,-0.44957160342717262
Ad5,1620,0.97700000000000009,-0.46514966062089685
Ad5,1621,0.9425,-0.4805051741404251
Ad5,1622,0.92699999999999994,-0.48740402804050298
Ad5,1623,0.89349999999999996,-0.50231445421163912
Ad5,1624,0.84350000000000003,-0.52456882163124519
Ad5,1625,0.77899999999999991,-0.55327695560253698
Ad5,1626,0.67300000000000004,-0.60045621453210196
Ad5,1627,0.64200000000000002,-0.61425392233225773
Ad5,1628,0.65749999999999997,-0.60735506843217979
Ad5,1629,0.76149999999999995,-0.56106598419939924
Ad5,1630,0.8075,-0.54059196617336158
Ad5,1631,0.82150000000000001,-0.53436074329587191
Ad5,1632,0.76550000000000007,-0.5592856348058306
Ad5,1633,0.73799999999999999,-0.57152553688661401
Ad5,1634,0.72750000000000004,-0.57619895404473132
Ad5,1635,0.753,-0.56484922666073212
Ad5,1636,0.77900000000000003,-0.55327695560253698
Ad5,1637,0.8095,-0.53970179147657737
Ad5,1638,0.83699999999999997,-0.52746188939579397
Ad5,1639,0.87749999999999995,-0.509435851785913
Ad5,1640,0.92949999999999999,-0.48629130966952266
Ad5,1641,0.99350000000000005,-0.45780571937242687
Ad5,1642,1.073,-0.42242127517525319
Ad5,1643,1.1385000000000001,-0.39326805385556918
Ad5,1644,1.1964999999999999,-0.36745298764882617
Ad5,1645,1.2390000000000001,-0.34853677534216088
Ad5,1646,1.2894999999999999,-0.32605986424835887
Ad5,1647,1.3414999999999999,-0.30291532213196848
Ad5,1648,1.3979999999999999,-0.27776788694781362
Ad5,1649,1.4515,-0.25395571380883497
Ad5,1650,1.5024999999999999,-0.2312562590408368
Ad5,1651,1.5535000000000001,-0.20855680427283851
Ad5,1652,1.5965,-0.18941804829197728
Ad5,1653,1.633,-0.17317236007566483
Ad5,1654,1.6585000000000001,-0.16182263269166575
Ad5,1655,1.6859999999999999,-0.14958273061088245
Ad5,1656,1.714,-0.137120284855903
Ad5,1657,1.7454999999999998,-0.12310003338155129
Ad5,1658,1.776,-0.10952486925559146
Ad5,1659,1.8039999999999998,-0.097062423500612116
Ad5,1660,1.8355000000000001,-0.083042172026260075
Ad5,1661,1.8534999999999999,-0.075030599755201988
Ad5,1662,1.8565,-0.073695337710025566
Ad5,1663,1.8460000000000001,-0.078368754868142876
Ad5,1664,1.8115000000000001,-0.093724268387671117
Ad5,1665,1.7955000000000001,-0.100845665961945
Ad5,1666,1.7885,-0.10396127740068994
Ad5,1667,1.8009999999999999,-0.098397685545788427
Ad5,1668,1.8010000000000002,-0.098397685545788316
Ad5,1669,1.7929999999999999,-0.10195838433292537
Ad5,1670,1.7749999999999999,-0.10996995660398357
Ad5,1671,1.748,-0.12198731501057081
Ad5,1672,1.7130000000000001,-0.1375653722042951
Ad5,1673,1.6615,-0.16048737064648944
Ad5,1674,1.6214999999999999,-0.17829086458217436
Ad5,1675,1.591,-0.19186602870813396
Ad5,1676,1.5865,-0.19386892177589854
Ad5,1677,1.5600000000000001,-0.20566373650828973
Ad5,1678,1.5145,-0.22591521086013133
Ad5,1679,1.4304999999999999,-0.26330254812506959
Ad5,1680,1.3519999999999999,-0.29824190497385117
Ad5,1681,1.2805,-0.33006565038388791
Ad5,1682,1.2200000000000002,-0.35699343496161118
Ad5,1683,1.1804999999999999,-0.37457438522310016
Ad5,1684,1.1244999999999998,-0.39949927673305896
Ad5,1685,1.0625,-0.42709469233337044
Ad5,1686,0.98699999999999988,-0.46069878713697571
Ad5,1687,0.91849999999999998,-0.49118727050183603
Ad5,1688,0.85050000000000003,-0.52145321019250024
Ad5,1689,0.79000000000000004,-0.54838099477022362
Ad5,1690,0.71350000000000002,-0.58243017692222099
Ad5,1691,0.625,-0.62182040725492382
Ad5,1692,0.51700000000000002,-0.66988984088127301
Ad5,1693,0.41400000000000003,-0.71573383776566146
Ad5,1694,0.312,-0.76113274730165803
Ad5,1695,0.2215,-0.80141315233114496
Ad5,1696,0.11649999999999999,-0.84814732391231784
Ad5,1697,0.0024999999999999988,-0.89888728162901976
Ad5,1698,-0.13650000000000001,-0.96075442305552472
Ad5,1699,-0.25900000000000001,-1.0152776232335596
Ad5,1700,-0.3705,-1.0649048625792812
FluB,450,0.1075,-0.85215311004784688
FluB,451,0.092499999999999999,-0.85882942027372877
FluB,452,0.095000000000000001,-0.8577167019027484
FluB,453,0.10400000000000001,-0.85371091576721936
FluB,454,0.11899999999999999,-0.84703460554133747
FluB,455,0.13600000000000001,-0.83946812061867138
FluB,456,0.1825,-0.81877155891843778
FluB,457,0.158,-0.82967619895404476
FluB,458,0.10600000000000001,-0.85282074107043504
FluB,459,0.032000000000000001,-0.88575720485145215
FluB,460,-0.107,-0.94762434627795711
FluB,461,-0.14350000000000002,-0.96387003449426956
FluB,462,-0.13900000000000001,-0.96186714142650498
FluB,463,-0.095500000000000002,-0.94250584177144769
FluB,464,0.028000000000000001,-0.88753755424502057
FluB,465,0.090999999999999998,-0.85949705129631693
FluB,466,0.14299999999999999,-0.83635250917992665
FluB,467,0.18149999999999999,-0.81921664626682988
FluB,468,0.1925,-0.81432068543451652
FluB,469,0.215,-0.80430622009569386
FluB,470,0.23650000000000002,-0.79473684210526319
FluB,471,0.25950000000000001,-0.78449983309224436
FluB,472,0.27400000000000002,-0.77804606654055863
FluB,473,0.32100000000000001,-0.75712696116612888
FluB,474,0.38600000000000001,-0.72819628352064092
FluB,475,0.46850000000000003,-0.69147657727829093
FluB,476,0.58450000000000002,-0.63984644486480469
FluB,477,0.68100000000000005,-0.59689551574496491
FluB,478,0.77600000000000002,-0.5546122176477134
FluB,479,0.86799999999999999,-0.5136641815956382
FluB,480,0.94799999999999995,-0.47805719372426841
FluB,481,1.0425,-0.4359964393012129
FluB,482,1.1425000000000001,-0.39148770446200065
FluB,483,1.2475000000000001,-0.34475353288082788
FluB,484,1.3584999999999998,-0.29534883720930238
FluB,485,1.474,-0.24394124847001231
FluB,486,1.593,-0.19097585401134975
FluB,487,1.714,-0.137120284855903
FluB,488,1.837,-0.08237454100367203
FluB,489,1.954,-0.030299321241793797
FluB,490,2.0634999999999999,0.018437743407143548
FluB,491,2.1635,0.062946478246355797
FluB,492,2.2640000000000002,0.1076777567597641
FluB,493,2.3260000000000001,0.13527317236007563
FluB,494,2.3620000000000001,0.15129631690219203
FluB,495,2.3730000000000002,0.15619227773450539
FluB,496,2.3399999999999999,0.14150439523756531
FluB,497,2.3220000000000001,0.13349282296650722
FluB,498,2.3029999999999999,0.12503616334705681
FluB,499,2.2850000000000001,0.11702459107599872
FluB,500,2.2795000000000001,0.11457661065984193
FluB,501,2.2575000000000003,0.10478468899521542
FluB,502,2.2305000000000001,0.092767330588628072
FluB,503,2.1974999999999998,0.078079448091687875
FluB,504,2.1545000000000001,0.058940692110826753
FluB,505,2.1154999999999999,0.041582285523533935
FluB,506,2.077,0.024446422610437279
FluB,507,2.0390000000000001,0.0075331033715366758
FluB,508,2.0065,-0.0069322354512073581
FluB,509,1.9660000000000002,-0.024958273061088221
FluB,510,1.9215,-0.04476466006453772
FluB,511,1.873,-0.066351396461555634
FluB,512,1.819,-0.090386113274730229
FluB,513,1.7690000000000001,-0.11264048069433619
FluB,514,1.7204999999999999,-0.13422721709135421
FluB,515,1.675,-0.1544786914431957
FluB,516,1.6299999999999999,-0.17450762212084125
FluB,517,1.595,-0.19008567931456555
FluB,518,1.5674999999999999,-0.20232558139534895
FluB,519,1.5469999999999999,-0.21144987203738741
FluB,520,1.5394999999999999,-0.2147880271503283
FluB,521,1.5249999999999999,-0.22124179370201413
FluB,522,1.5105,-0.22769556025369986
FluB,523,1.4929999999999999,-0.235484588850562
FluB,524,1.4684999999999999,-0.24638922888616899
FluB,525,1.4510000000000001,-0.25417825748303102
FluB,526,1.4359999999999999,-0.26085456770891291
FluB,527,1.4224999999999999,-0.26686324691220664
FluB,528,1.4140000000000001,-0.27064648937353952
FluB,529,1.403,-0.27554245020585288
FluB,530,1.3915000000000002,-0.2806609547123623
FluB,531,1.3794999999999999,-0.28600200289306776
FluB,532,1.3685,-0.29089796372538113
FluB,533,1.3500000000000001,-0.29913207967063538
FluB,534,1.3280000000000001,-0.30892400133526199
FluB,535,1.302,-0.32049627239345724
FluB,536,1.264,-0.33740959163235784
FluB,537,1.2385000000000002,-0.34875931901635693
FluB,538,1.2175,-0.35810615333259155
FluB,539,1.2015,-0.36522755090686554
FluB,540,1.2015,-0.36522755090686554
FluB,541,1.1839999999999999,-0.37301657950372769
FluB,542,1.1579999999999999,-0.38458885056192282
FluB,543,1.1240000000000001,-0.3997218204072549
FluB,544,1.073,-0.42242127517525319
FluB,545,1.03,-0.44156003115611442
FluB,546,0.98850000000000005,-0.46003115611438744
FluB,547,0.94950000000000001,-0.4773895627016802
FluB,548,0.91549999999999998,-0.49252253254701239
FluB,549,0.88349999999999995,-0.50676532769556037
FluB,550,0.85499999999999998,-0.51945031712473577
FluB,551,0.82950000000000002,-0.53080004450873486
FluB,552,0.81099999999999994,-0.53903416045398922
FluB,553,0.78649999999999998,-0.5499388004895962
FluB,554,0.75949999999999995,-0.56195615889618344
FluB,555,0.72950000000000004,-0.575308779347947
FluB,556,0.69450000000000001,-0.59088683654167129
FluB,557,0.66100000000000003,-0.60579726271280743
FluB,558,0.62749999999999995,-0.62070768888394356
FluB,559,0.59499999999999997,-0.63517302770668749
FluB,560,0.55699999999999994,-0.65208634694558809
FluB,561,0.53300000000000003,-0.66276844330699902
FluB,562,0.51549999999999996,-0.67055747190386117
FluB,563,0.504,-0.67567597641037058
FluB,564,0.51300000000000001,-0.67167019027484143
FluB,565,0.498,-0.67834650050072332
FluB,566,0.47150000000000003,-0.69014131523311451
FluB,567,0.4345,-0.70660954712362301
FluB,568,0.3705,-0.73509513742071886
FluB,569,0.32650000000000001,-0.75467898074997219
FluB,570,0.28899999999999998,-0.77136975631467675
FluB,571,0.26000000000000001,-0.78427728941804831
FluB,572,0.2465,-0.79028596862134193
FluB,573,0.22949999999999998,-0.79785245354400802
FluB,574,0.21499999999999997,-0.80430622009569386
FluB,575,0.20200000000000001,-0.81009235562479143
FluB,576,0.19400000000000001,-0.81365305441192837
FluB,577,0.17849999999999999,-0.82055190831200631
FluB,578,0.16,-0.82878602425726056
FluB,579,0.13950000000000001,-0.83791031489929901
FluB,580,0.10250000000000001,-0.85437854678980751
FluB,581,0.094,-0.85816178925114062
FluB,582,0.098500000000000004,-0.85615889618337604
FluB,583,0.11649999999999999,-0.84814732391231784
FluB,584,0.16300000000000001,-0.82745076221208413
FluB,585,0.185,-0.81765884054745741
FluB,586,0.19850000000000001,-0.81165016134416379
FluB,587,0.20200000000000001,-0.81009235562479143
FluB,588,0.182,-0.81899410259263383
FluB,589,0.17499999999999999,-0.82210971403137867
FluB,590,0.16799999999999998,-0.82522532547012351
FluB,591,0.16250000000000001,-0.82767330588628019
FluB,592,0.16600000000000001,-0.82611550016690782
FluB,593,0.1545,-0.83123400467341724
FluB,594,0.13800000000000001,-0.83857794592188717
FluB,595,0.11599999999999999,-0.84836986758651389
FluB,596,0.081000000000000003,-0.86394792478023819
FluB,597,0.059999999999999998,-0.87329475909647269
FluB,598,0.045000000000000005,-0.87997106932235458
FluB,599,0.035499999999999997,-0.88419939913207968
FluB,600,0.040500000000000001,-0.88197396239011905
FluB,601,0.034499999999999996,-0.88464448648047178
FluB,602,0.0275,-0.88776009791921662
FluB,603,0.02,-0.89109825303215762
FluB,604,0.0065000000000000006,-0.89710693223545124
FluB,605,0.0080000000000000002,-0.89643930121286308
FluB,606,0.018000000000000002,-0.89198842772894182
FluB,607,0.037499999999999999,-0.88330922443529547
FluB,608,0.070499999999999993,-0.86862134193835538
FluB,609,0.11,-0.85104039167686663
FluB,610,0.15949999999999998,-0.82900856793145661
FluB,611,0.219,-0.80252587070212533
FluB,612,0.28600000000000003,-0.77270501835985317
FluB,613,0.3705,-0.73509513742071886
FluB,614,0.46850000000000003,-0.69147657727829093
FluB,615,0.5774999999999999,-0.64296205630354963
FluB,616,0.70099999999999996,-0.58799376877712262
FluB,617,0.81999999999999995,-0.53502837431846006
FluB,618,0.93900000000000006,-0.48206297985979751
FluB,619,1.0565,-0.42976521642372317
FluB,620,1.1720000000000002,-0.37835762768443304
FluB,621,1.2835000000000001,-0.32873038833871149
FluB,622,1.3915,-0.2806609547123623
FluB,623,1.4885000000000002,-0.23748748191832647
FluB,624,1.5925,-0.19119839768554581
FluB,625,1.6985000000000001,-0.14401913875598082
FluB,626,1.8069999999999999,-0.095727161455435694
FluB,627,1.9249999999999998,-0.043206854345165358
FluB,628,2.0335000000000001,0.0050851229553799948
FluB,629,2.1369999999999996,0.051151663513964385
FluB,630,2.2355,0.09499276733058859
FluB,631,2.3159999999999998,0.13082229887615437
FluB,632,2.4095,0.17243796595081784
FluB,633,2.5054999999999996,0.21516635139646134
FluB,634,2.6040000000000001,0.25900745521308555
FluB,635,2.7160000000000002,0.30885723823300337
FluB,636,2.8040000000000003,0.34802492489151005
FluB,637,2.8769999999999998,0.38051630132413472
FluB,638,2.9305000000000003,0.4043284744631136
FluB,639,2.9624999999999999,0.41857126961166113
FluB,640,2.976,0.42457994881495498
FluB,641,2.9699999999999998,0.42190942472460213
FluB,642,2.9450000000000003,0.41078224101479932
FluB,643,2.9009999999999998,0.39119839768554565
FluB,644,2.8439999999999999,0.36582841882719463
FluB,645,2.7744999999999997,0.3348948481139421
FluB,646,2.6964999999999999,0.30017803493935669
FluB,647,2.6044999999999998,0.2592299988872816
FluB,648,2.5230000000000001,0.22295537999332382
FluB,649,2.4464999999999999,0.18890619784132634
FluB,650,2.3765000000000001,0.15775008345387775
FluB,651,2.3185000000000002,0.13193501724713486
FluB,652,2.2605,0.10611995104039151
FluB,653,2.2050000000000001,0.081417603204628874
FluB,654,2.1524999999999999,0.058050517414042435
FluB,655,2.1029999999999998,0.036018693668632307
FluB,656,2.0525000000000002,0.013541782574830408
FluB,657,2.0015000000000001,-0.0091576721931678762
FluB,658,1.9495,-0.032302214309558264
FluB,659,1.8980000000000001,-0.055224212751752488
FluB,660,1.8420000000000001,-0.080149104261711401
FluB,661,1.7835000000000001,-0.10618671414265046
FluB,662,1.7225000000000001,-0.13333704239456989
FluB,663,1.6555,-0.16315789473684217
FluB,664,1.601,-0.18741515522421281
FluB,665,1.5525,-0.20900189162123073
FluB,666,1.51,-0.22791810392789591
FluB,667,1.4795,-0.24149326805385563
FluB,668,1.4405000000000001,-0.25885167464114833
FluB,669,1.4024999999999999,-0.27576499388004905
FluB,670,1.3534999999999999,-0.29757427395126301
FluB,671,1.3214999999999999,-0.31181706909981088
FluB,672,1.2995000000000001,-0.3216089907644375
FluB,673,1.2885,-0.32650495159675086
FluB,674,1.2995000000000001,-0.3216089907644375
FluB,675,1.2999999999999998,-0.32138644709024156
FluB,676,1.298,-0.32227662178702576
FluB,677,1.2915000000000001,-0.32516968955157444
FluB,678,1.27,-0.33473906754200511
FluB,679,1.2610000000000001,-0.33874485367753415
FluB,680,1.256,-0.34097029041949489
FluB,681,1.2549999999999999,-0.341415377767887
FluB,682,1.2685,-0.33540669856459338
FluB,683,1.268,-0.33562924223878943
FluB,684,1.2625000000000002,-0.338077222654946
FluB,685,1.2515000000000001,-0.34297318348725936
FluB,686,1.2250000000000001,-0.35476799821965055
FluB,687,1.2130000000000001,-0.36010904640035601
FluB,688,1.2065000000000001,-0.3630021141649048
FluB,689,1.2055,-0.36344720151329701
FluB,690,1.2155,-0.35899632802937576
FluB,691,1.218,-0.3578836096583955
FluB,692,1.2170000000000001,-0.3583286970067876
FluB,693,1.2124999999999999,-0.36033159007455218
FluB,694,1.2035,-0.36433737621008122
FluB,695,1.1884999999999999,-0.37101368643596311
FluB,696,1.1685000000000001,-0.37991543340380551
FluB,697,1.143,-0.3912651607878046
FluB,698,1.111,-0.40550795593635253
FluB,699,1.0840000000000001,-0.41752531434293982
FluB,700,1.0594999999999999,-0.42842995437854686
FluB,701,1.038,-0.43799933236897742
FluB,702,1.02,-0.44601090464003562
FluB,703,1.0089999999999999,-0.45090686547234904
FluB,704,1.004,-0.45313230221430956
FluB,705,1.006,-0.45224212751752535
FluB,706,1.0085,-0.45112940914654504
FluB,707,1.0114999999999998,-0.44979414710136872
FluB,708,1.0135000000000001,-0.44890397240458441
FluB,709,1.02,-0.44601090464003562
FluB,710,1.0135000000000001,-0.44890397240458441
FluB,711,0.99849999999999994,-0.45558028263046629
FluB,712,0.97599999999999998,-0.46559474796928901
FluB,713,0.9355,-0.48362078557916993
FluB,714,0.90749999999999997,-0.49608323133414939
FluB,715,0.88650000000000007,-0.50543006565038384
FluB,716,0.872,-0.51188383220206968
FluB,717,0.871,-0.51232891955046178
FluB,718,0.871,-0.51232891955046178
FluB,719,0.87450000000000006,-0.51077111383108931
FluB,720,0.88300000000000001,-0.50698787136975632
FluB,721,0.89500000000000002,-0.50164682318905085
FluB,722,0.91100000000000003,-0.49452542561477691
FluB,723,0.93049999999999988,-0.48584622232113062
FluB,724,0.95300000000000007,-0.47583175698230779
FluB,725,0.97350000000000003,-0.46670746634026927
FluB,726,1.0070000000000001,-0.45179704016913319
FluB,727,1.0459999999999998,-0.43443863358184054
FluB,728,1.0880000000000001,-0.4157449649493713
FluB,729,1.137,-0.39393568487815733
FluB,730,1.1655,-0.38125069544898194
FluB,731,1.1795,-0.37501947257149215
FluB,732,1.1835,-0.37323912317792374
FluB,733,1.159,-0.38414376321353072
FluB,734,1.1120000000000001,-0.40506286858796037
FluB,735,1.0425,-0.4359964393012129
FluB,736,0.93649999999999989,-0.48317569823077788
FluB,737,0.84199999999999997,-0.52523645265383334
FluB,738,0.751,-0.56573940135751644
FluB,739,0.66700000000000004,-0.60312673862245458
FluB,740,0.59600000000000009,-0.63472794035829527
FluB,741,0.53049999999999997,-0.66388116167797939
FluB,742,0.47400000000000003,-0.68902859686213414
FluB,743,0.42499999999999999,-0.71083787693334821
FluB,744,0.39350000000000002,-0.72485812840770003
FluB,745,0.34949999999999998,-0.74444197173695348
FluB,746,0.30299999999999999,-0.76513853343718707
FluB,747,0.2535,-0.78717035718259709
FluB,748,0.1925,-0.81432068543451652
FluB,749,0.151,-0.8327918103927896
FluB,750,0.12,-0.84658951819294537
FluB,751,0.10000000000000001,-0.85549126516078777
FluB,752,0.092999999999999999,-0.85860687659953272
FluB,753,0.092499999999999999,-0.85882942027372877
FluB,754,0.099500000000000005,-0.85571380883498394
FluB,755,0.11149999999999999,-0.85037276065427847
FluB,756,0.13400000000000001,-0.84035829531545569
FluB,757,0.13850000000000001,-0.83835540224769112
FluB,758,0.13600000000000001,-0.83946812061867138
FluB,759,0.1105,-0.85081784800267057
FluB,760,0.10100000000000001,-0.85504617781239567
FluB,761,0.098500000000000004,-0.85615889618337604
FluB,762,0.10200000000000001,-0.85460109046400357
FluB,763,0.128,-0.84302881940580843
FluB,764,0.13250000000000001,-0.84102592633804385
FluB,765,0.128,-0.84302881940580843
FluB,766,0.1135,-0.84948258595749415
FluB,767,0.075499999999999998,-0.86639590519639487
FluB,768,0.056500000000000002,-0.87485256481584517
FluB,769,0.043999999999999997,-0.88041615667074669
FluB,770,0.039,-0.88264159341270731
FluB,771,0.049499999999999995,-0.87796817625459
FluB,772,0.048500000000000001,-0.87841326360298211
FluB,773,0.044500000000000005,-0.88019361299655063
FluB,774,0.035999999999999997,-0.88397685545788363
FluB,775,0.027499999999999997,-0.88776009791921662
FluB,776,0.0075000000000000006,-0.89666184488705913
FluB,777,-0.016500000000000001,-0.90734394124847007
FluB,778,-0.069500000000000006,-0.93093357071325245
FluB,779,-0.08199999999999999,-0.93649716256815396
FluB,780,-0.068000000000000005,-0.93026593969066429
FluB,781,-0.028000000000000001,-0.91246244575497948
FluB,782,0.071000000000000008,-0.86839879826415933
FluB,783,0.13850000000000001,-0.83835540224769112
FluB,784,0.19450000000000001,-0.81343051073773232
FluB,785,0.23399999999999999,-0.79584956047624344
FluB,786,0.24399999999999999,-0.7913986869923223
FluB,787,0.25750000000000001,-0.78539000778902857
FluB,788,0.26500000000000001,-0.78205185267608768
FluB,789,0.27100000000000002,-0.77938132858573494
FluB,790,0.26650000000000001,-0.78138422165349952
FluB,791,0.28400000000000003,-0.77359519305663738
FluB,792,0.314,-0.76024257260487371
FluB,793,0.35650000000000004,-0.74132636029820853
FluB,794,0.42449999999999999,-0.71106042060754426
FluB,795,0.46950000000000003,-0.69103148992989882
FluB,796,0.50800000000000001,-0.67389562701680206
FluB,797,0.53899999999999992,-0.66009791921664629
FluB,798,0.55600000000000005,-0.65253143429398019
FluB,799,0.58499999999999996,-0.63962390119060863
FluB,800,0.61850000000000005,-0.6247134750194725
FluB,801,0.65500000000000003,-0.60846778680316016
FluB,802,0.69900000000000007,-0.58888394347390682
FluB,803,0.74950000000000006,-0.56640703238010459
FluB,804,0.80699999999999994,-0.54081450984755763
FluB,805,0.872,-0.51188383220206968
FluB,806,0.93500000000000005,-0.48384332925336598
FluB,807,0.99649999999999994,-0.4564704573272505
FluB,808,1.0545,-0.43065539112050744
FluB,809,1.1099999999999999,-0.40595304328474474
FluB,810,1.1535,-0.3865917436296874
FluB,811,1.1859999999999999,-0.37212640480694337
FluB,812,1.208,-0.36233448314231675
FluB,813,1.2214999999999998,-0.35632580393902313
FluB,814,1.2214999999999998,-0.35632580393902313
FluB,815,1.214,-0.35966395905196402
FluB,816,1.1815,-0.37412929787470794
FluB,817,1.1755,-0.37679982196506068
FluB,818,1.1875,-0.37145877378435521
FluB,819,1.2195,-0.35721597863580734
FluB,820,1.2869999999999999,-0.32717258261933913
FluB,821,1.3445,-0.30158006008679206
FluB,822,1.4005000000000001,-0.27665516857683314
FluB,823,1.4504999999999999,-0.25440080115722719
FluB,824,1.4965000000000002,-0.23392678313118942
FluB,825,1.5225,-0.22235451207299439
FluB,826,1.5314999999999999,-0.21834872593746535
FluB,827,1.5249999999999999,-0.22124179370201413
FluB,828,1.4895,-0.23704239456993437
FluB,829,1.4704999999999999,-0.24549905418938478
FluB,830,1.4550000000000001,-0.25239790808946261
FluB,831,1.4419999999999999,-0.25818404361856018
FluB,832,1.4464999999999999,-0.25618115055079571
FluB,833,1.4220000000000002,-0.26708579058640258
FluB,834,1.3879999999999999,-0.28221876043173477
FluB,835,1.3294999999999999,-0.30825637031267394
FluB,836,1.2875000000000001,-0.32695003894514296
FluB,837,1.2555000000000001,-0.34119283409369083
FluB,838,1.2364999999999999,-0.34964949371314125
FluB,839,1.232,-0.35165238678090582
FluB,840,1.2429999999999999,-0.34675642594859246
FluB,841,1.268,-0.33562924223878943
FluB,842,1.3049999999999999,-0.31916101034828093
FluB,843,1.3620000000000001,-0.29379103148992991
FluB,844,1.4035000000000002,-0.27531990653165683
FluB,845,1.4375,-0.26018693668632475
FluB,846,1.46,-0.25017247134750198
FluB,847,1.4670000000000001,-0.24705685990875703
FluB,848,1.472,-0.24483142316679651
FluB,849,1.47,-0.24572159786358072
FluB,850,1.4615,-0.24950484032491382
FluB,851,1.4455,-0.2566262378991877
FluB,852,1.421,-0.26753087793479469
FluB,853,1.3904999999999998,-0.28110604206075451
FluB,854,1.3545,-0.2971291866028708
FluB,855,1.3094999999999999,-0.31715811728051635
FluB,856,1.2585000000000002,-0.33985757204851452
FluB,857,1.202,-0.36500500723266949
FluB,858,1.141,-0.39215533548458892
FluB,859,1.0800000000000001,-0.41930566373650829
FluB,860,1.022,-0.44512072994325136
FluB,861,0.96799999999999997,-0.46915544675642601
FluB,862,0.90900000000000003,-0.49541560031156118
FluB,863,0.88700000000000001,-0.50520752197618779
FluB,864,0.88749999999999996,-0.50498497830199174
FluB,865,0.93700000000000006,-0.48295315455658172
FluB,866,0.95849999999999991,-0.47338377656615116
FluB,867,0.96499999999999997,-0.47049070880160238
FluB,868,0.95350000000000001,-0.47560921330811173
FluB,869,0.90400000000000003,-0.49764103705352175
FluB,870,0.86450000000000005,-0.51522198731501057
FluB,871,0.82350000000000001,-0.53347056859908759
FluB,872,0.78449999999999998,-0.55082897518638041
FluB,873,0.74750000000000005,-0.56729720707688891
FluB,874,0.72249999999999992,-0.57842439078669194
FluB,875,0.70750000000000002,-0.58510070101257372
FluB,876,0.70300000000000007,-0.58710359408033819
FluB,877,0.71099999999999997,-0.58354289529320136
FluB,878,0.71649999999999991,-0.58109491487704468
FluB,879,0.72099999999999997,-0.5790920218092801
FluB,880,0.73099999999999998,-0.57464114832535884
FluB,881,0.72649999999999992,-0.57664404139312353
FluB,882,0.71150000000000002,-0.58332035161900531
FluB,883,0.68500000000000005,-0.5951151663513965
FluB,884,0.63250000000000006,-0.61848225214198282
FluB,885,0.59850000000000003,-0.63361522198731501
FluB,886,0.57199999999999995,-0.64541003671970631
FluB,887,0.55349999999999999,-0.65364415266496056
FluB,888,0.5585,-0.65141871592299994
FluB,889,0.53900000000000003,-0.66009791921664629
FluB,890,0.50849999999999995,-0.673673083342606
FluB,891,0.46799999999999997,-0.69169912095248698
FluB,892,0.40749999999999997,-0.71862690553021036
FluB,893,0.36349999999999999,-0.73821074885946369
FluB,894,0.32550000000000001,-0.7551240680983643
FluB,895,0.30299999999999999,-0.76513853343718707
FluB,896,0.27249999999999996,-0.77871369756314679
FluB,897,0.23949999999999999,-0.79340158006008688
FluB,898,0.20500000000000002,-0.80875709357961501
FluB,899,0.16149999999999998,-0.82811839323467229
FluB,900,0.13,-0.84213864470902422
FluB,901,0.10550000000000001,-0.8530432847446312
FluB,902,0.087999999999999995,-0.86083231334149324
FluB,903,0.082500000000000004,-0.86328029375764992
FluB,904,0.077499999999999999,-0.86550573049961055
FluB,905,0.074999999999999997,-0.86661844887059092
FluB,906,0.075999999999999998,-0.8661733615221987
FluB,907,0.080000000000000002,-0.86439301212863029
FluB,908,0.084999999999999992,-0.86216757538666966
FluB,909,0.091999999999999998,-0.85905196394792482
FluB,910,0.097000000000000003,-0.85682652720596419
FluB,911,0.1115,-0.85037276065427847
FluB,912,0.13300000000000001,-0.8408033826638478
FluB,913,0.16099999999999998,-0.82834093690886834
FluB,914,0.20150000000000001,-0.81031489929898748
FluB,915,0.23699999999999999,-0.79451429843106713
FluB,916,0.27249999999999996,-0.77871369756314679
FluB,917,0.3075,-0.7631356403694225
FluB,918,0.33750000000000002,-0.74978301991765883
FluB,919,0.3785,-0.73153443863358181
FluB,920,0.42549999999999999,-0.71061533325915216
FluB,921,0.48150000000000004,-0.68569044174919325
FluB,922,0.53350000000000009,-0.66254589963280286
FluB,923,0.58250000000000002,-0.640736619561589
FluB,924,0.627,-0.62093023255813962
FluB,925,0.66650000000000009,-0.60334928229665064
FluB,926,0.69950000000000001,-0.58866139979971077
FluB,927,0.72699999999999998,-0.57642149771892737
FluB,928,0.749,-0.56662957605430075
FluB,929,0.76200000000000001,-0.56084344052520307
FluB,930,0.78100000000000003,-0.55238678090575277
FluB,931,0.80099999999999993,-0.54348503393791037
FluB,932,0.82250000000000001,-0.53391565594747969
FluB,933,0.85099999999999998,-0.52123066651830419
FluB,934,0.86699999999999999,-0.51410926894403031
FluB,935,0.879,-0.50876822076332484
FluB,936,0.878,-0.50921330811171694
FluB,937,0.88800000000000001,-0.50476243462779569
FluB,938,0.90300000000000002,-0.49808612440191391
FluB,939,0.92399999999999993,-0.48873929008567935
FluB,940,0.95699999999999996,-0.47405140758873932
FluB,941,0.98250000000000004,-0.46270168020474017
FluB,942,1.0044999999999999,-0.45290975854011356
FluB,943,1.024,-0.44423055524646715
FluB,944,1.0355000000000001,-0.43911205073995768
FluB,945,1.0529999999999999,-0.43132302214309565
FluB,946,1.0714999999999999,-0.4230889061978414
FluB,947,1.0974999999999999,-0.4115166351396462
FluB,948,1.1120000000000001,-0.40506286858796037
FluB,949,1.1200000000000001,-0.40150216980082337
FluB,950,1.1200000000000001,-0.40150216980082337
FluB,951,1.1065,-0.40751084900411705
FluB,952,1.1025,-0.40929119839768557
FluB,953,1.101,-0.40995882942027378
FluB,954,1.1025,-0.40929119839768557
FluB,955,1.111,-0.40550795593635253
FluB,956,1.1135000000000002,-0.40439523756537216
FluB,957,1.113,-0.40461778123956832
FluB,958,1.1120000000000001,-0.40506286858796037
FluB,959,1.1019999999999999,-0.40951374207188168
FluB,960,1.0855000000000001,-0.41685768332035161
FluB,961,1.0620000000000001,-0.42731723600756649
FluB,962,1.0295000000000001,-0.44178257483031041
FluB,963,0.99849999999999994,-0.45558028263046629
FluB,964,0.96799999999999997,-0.46915544675642601
FluB,965,0.93900000000000006,-0.48206297985979751
FluB,966,0.90949999999999998,-0.49519305663736513
FluB,967,0.89050000000000007,-0.50364971625681543
FluB,968,0.87850000000000006,-0.50899076443752089
FluB,969,0.88400000000000001,-0.50654278402136421
FluB,970,0.87450000000000006,-0.51077111383108931
FluB,971,0.85599999999999998,-0.51900522977634367
FluB,972,0.82800000000000007,-0.53146767553132301
FluB,973,0.77849999999999997,-0.55349949927673303
FluB,974,0.74449999999999994,-0.56863246912206522
FluB,975,0.71649999999999991,-0.58109491487704468
FluB,976,0.69599999999999995,-0.59021920551908313
FluB,977,0.6895,-0.59311227328363192
FluB,978,0.67749999999999999,-0.59845332146433738
FluB,979,0.66600000000000004,-0.6035718259708468
FluB,980,0.65450000000000008,-0.6086903304773561
FluB,981,0.64549999999999996,-0.61269611661288526
FluB,982,0.63850000000000007,-0.6158117280516302
FluB,983,0.63450000000000006,-0.61759207744519862
FluB,984,0.63300000000000001,-0.61825970846778677
FluB,985,0.63749999999999996,-0.61625681540002231
FluB,986,0.64850000000000008,-0.61136085456770894
FluB,987,0.66599999999999993,-0.60357182597084691
FluB,988,0.69199999999999995,-0.59199955491265166
FluB,989,0.72199999999999998,-0.578646934460888
FluB,990,0.75750000000000006,-0.56284633359296765
FluB,991,0.81200000000000006,-0.53858907310559689
FluB,992,0.85799999999999998,-0.51811505507955946
FluB,993,0.90749999999999997,-0.49608323133414939
FluB,994,0.96550000000000002,-0.47026816512740627
FluB,995,0.98599999999999999,-0.46114387448536781
FluB,996,1.1234999999999999,-0.39994436408145106
FluB,997,1.3325,-0.30692110826749752
FluB,998,1.605,-0.18563480583064429
FluB,999,1.9674999999999998,-0.024290642038500176
FluB,1000,2.2675000000000001,0.10923556247913646
FluB,1001,2.5310000000000001,0.22651607878046065
FluB,1002,2.7869999999999999,0.34045843996884384
FluB,1003,2.8920000000000003,0.38719261155001672
FluB,1004,2.8689999999999998,0.37695560253699767
FluB,1005,2.7204999999999999,0.31086013130076762
FluB,1006,2.3819999999999997,0.16019806387003432
FluB,1007,2.0895000000000001,0.030010014465338797
FluB,1008,1.7949999999999999,-0.10106820963614116
FluB,1009,1.5169999999999999,-0.22480249248915107
FluB,1010,1.2774999999999999,-0.33140091242906433
FluB,1011,1.0645,-0.42620451763658623
FluB,1012,0.89050000000000007,-0.50364971625681543
FluB,1013,0.77600000000000002,-0.5546122176477134
FluB,1014,0.66900000000000004,-0.60223656392567038
FluB,1015,0.57999999999999996,-0.64184933793256937
FluB,1016,0.505,-0.67523088906197848
FluB,1017,0.442,-0.70327139201068212
FluB,1018,0.38750000000000001,-0.72752865249805276
FluB,1019,0.34050000000000002,-0.74844775787248252
FluB,1020,0.28949999999999998,-0.77114721264048069
FluB,1021,0.26350000000000001,-0.78271948369867594
FluB,1022,0.25650000000000001,-0.78583509513742078
FluB,1023,0.26900000000000002,-0.78027150328251915
FluB,1024,0.31,-0.76202292199844224
FluB,1025,0.34499999999999997,-0.74644486480471794
FluB,1026,0.3795,-0.7310893512851897
FluB,1027,0.41200000000000003,-0.71662401246244578
FluB,1028,0.432,-0.70772226549460338
FluB,1029,0.46050000000000002,-0.69503727606542787
FluB,1030,0.48849999999999999,-0.68257483031044841
FluB,1031,0.52700000000000002,-0.66543896739735175
FluB,1032,0.53800000000000003,-0.66054300656503839
FluB,1033,0.52849999999999997,-0.6647713363747636
FluB,1034,0.4975,-0.67856904417491937
FluB,1035,0.4355,-0.7061644597752309
FluB,1036,0.3755,-0.73286970067875823
FluB,1037,0.3125,-0.76091020362746198
FluB,1038,0.2505,-0.78850561922777351
FluB,1039,0.1885,-0.81610103482808505
FluB,1040,0.14050000000000001,-0.83746522755090691
FluB,1041,0.10400000000000001,-0.85371091576721936
FluB,1042,0.086499999999999994,-0.8614999443640815
FluB,1043,0.067500000000000004,-0.86995660398353181
FluB,1044,0.051000000000000004,-0.87730054523200185
FluB,1045,0.036499999999999998,-0.88375431178368757
FluB,1046,0.021999999999999999,-0.8902080783353733
FluB,1047,0.0094999999999999998,-0.89577167019027482
FluB,1048,-0.00049999999999999871,-0.90022254367419607
FluB,1049,-0.01,-0.90445087348392128
FluB,1050,-0.016,-0.90712139757427401
FluB,1051,-0.018499999999999999,-0.90823411594525427
FluB,1052,-0.017999999999999999,-0.90801157227105822
FluB,1053,-0.014999999999999999,-0.9066763102258818
FluB,1054,-0.0069999999999999993,-0.90311561143874486
FluB,1055,0.0045000000000000005,-0.89799710693223544
FluB,1056,0.018500000000000003,-0.89176588405474577
FluB,1057,0.040000000000000001,-0.8821965060643151
FluB,1058,0.051999999999999998,-0.87685545788360963
FluB,1059,0.060999999999999999,-0.87284967174808059
FluB,1060,0.056999999999999995,-0.87463002114164912
FluB,1061,0.068000000000000005,-0.86973406030933575
FluB,1062,0.088999999999999996,-0.86038722599310113
FluB,1063,0.1205,-0.84636697451874932
FluB,1064,0.17049999999999998,-0.82411260709914325
FluB,1065,0.21050000000000002,-0.80630911316345832
FluB,1066,0.2465,-0.79028596862134193
FluB,1067,0.27200000000000002,-0.77893624123734284
FluB,1068,0.30149999999999999,-0.76580616445977523
FluB,1069,0.33099999999999996,-0.75267608768220762
FluB,1070,0.36149999999999999,-0.7391009235562479
FluB,1071,0.39449999999999996,-0.72441304105930793
FluB,1072,0.42549999999999999,-0.71061533325915216
FluB,1073,0.45550000000000002,-0.6972627128073885
FluB,1074,0.48349999999999999,-0.68480026705240904
FluB,1075,0.51300000000000001,-0.67167019027484143
FluB,1076,0.53150000000000008,-0.66343607432958718
FluB,1077,0.54500000000000004,-0.65742739512629356
FluB,1078,0.53849999999999998,-0.66032046289084234
FluB,1079,0.55499999999999994,-0.65297652164237241
FluB,1080,0.58450000000000002,-0.63984644486480469
FluB,1081,0.627,-0.62093023255813962
FluB,1082,0.70300000000000007,-0.58710359408033819
FluB,1083,0.74049999999999994,-0.57041281851563375
FluB,1084,0.76150000000000007,-0.56106598419939913
FluB,1085,0.74150000000000005,-0.56996773116724153
FluB,1086,0.73849999999999993,-0.57130299321241806
FluB,1087,0.74399999999999999,-0.56885501279626127
FluB,1088,0.76049999999999995,-0.56151107154779134
FluB,1089,0.79849999999999999,-0.54459775230889063
FluB,1090,0.83050000000000002,-0.53035495716034275
FluB,1091,0.86399999999999999,-0.51544453098920662
FluB,1092,0.89500000000000002,-0.50164682318905085
FluB,1093,0.92700000000000005,-0.48740402804050298
FluB,1094,0.9415,-0.4809502614888172
FluB,1095,0.94450000000000001,-0.47961499944364083
FluB,1096,0.92100000000000004,-0.49007455213085571
FluB,1097,0.91700000000000004,-0.49185490152442418
FluB,1098,0.92149999999999999,-0.48985200845665966
FluB,1099,0.9355,-0.48362078557916993
FluB,1100,0.97299999999999998,-0.46693001001446538
FluB,1101,0.98299999999999987,-0.46247913653054418
FluB,1102,0.98099999999999987,-0.46336931122732844
FluB,1103,0.95300000000000007,-0.47583175698230779
FluB,1104,0.9365,-0.48317569823077783
FluB,1105,0.92449999999999999,-0.48851674641148329
FluB,1106,0.91999999999999993,-0.49051963947924787
FluB,1107,0.92900000000000005,-0.48651385334371872
FluB,1108,0.93399999999999994,-0.48428841660175814
FluB,1109,0.94100000000000006,-0.48117280516301325
FluB,1110,0.94650000000000001,-0.47872482474685657
FluB,1111,0.95550000000000002,-0.47471903861132747
FluB,1112,0.96799999999999997,-0.46915544675642601
FluB,1113,0.98199999999999998,-0.46292422387893628
FluB,1114,1.002,-0.45402247691109382
FluB,1115,1.0169999999999999,-0.44734616668521204
FluB,1116,1.0299999999999998,-0.44156003115611447
FluB,1117,1.0419999999999998,-0.43621898297540901
FluB,1118,1.0455000000000001,-0.43466117725603648
FluB,1119,1.071,-0.42331144987203745
FluB,1120,1.1065,-0.40751084900411705
FluB,1121,1.1644999999999999,-0.38169578279737404
FluB,1122,1.2065000000000001,-0.3630021141649048
FluB,1123,1.2395,-0.34831423166796482
FluB,1124,1.262,-0.33829976632914216
FluB,1125,1.2665,-0.33629687326137758
FluB,1126,1.2715000000000001,-0.33407143651941695
FluB,1127,1.2709999999999999,-0.33429398019361312
FluB,1128,1.2679999999999998,-0.33562924223878954
FluB,1129,1.254,-0.3418604651162791
FluB,1130,1.2315,-0.35187493045510188
FluB,1131,1.1995,-0.36611772560364975
FluB,1132,1.1585000000000001,-0.38436630688772666
FluB,1133,1.1120000000000001,-0.40506286858796037
FluB,1134,1.0600000000000001,-0.42820741070435075
FluB,1135,1.0044999999999999,-0.45290975854011356
FluB,1136,0.94399999999999995,-0.47983754311783694
FluB,1137,0.879,-0.50876822076332484
FluB,1138,0.8115,-0.53881161677979306
FluB,1139,0.74550000000000005,-0.56818738177367312
FluB,1140,0.67100000000000004,-0.60134638922888617
FluB,1141,0.62,-0.62404584399688434
FluB,1142,0.56400000000000006,-0.64897073550684325
FluB,1143,0.51449999999999996,-0.67100255925225327
FluB,1144,0.46850000000000003,-0.69147657727829093
FluB,1145,0.42649999999999999,-0.71017024591076006
FluB,1146,0.39300000000000002,-0.72508067208189608
FluB,1147,0.35050000000000003,-0.74399688438856126
FluB,1148,0.30249999999999999,-0.76536107711138313
FluB,1149,0.24349999999999999,-0.79162123066651835
FluB,1150,0.1885,-0.81610103482808505
FluB,1151,0.13550000000000001,-0.83969066429286754
FluB,1152,0.086999999999999994,-0.86127740068988545
FluB,1153,0.044499999999999998,-0.88019361299655063
FluB,1154,0.00099999999999999915,-0.89955491265160792
FluB,1155,-0.0034999999999999996,-0.9015578057193725
FluB,1156,-0.0065000000000000006,-0.90289306776454881
FluB,1157,-0.010999999999999999,-0.90489596083231338
FluB,1158,-0.013000000000000001,-0.90578613552909759
FluB,1159,-0.014999999999999999,-0.9066763102258818
FluB,1160,-0.019000000000000003,-0.90845665961945032
FluB,1161,-0.021999999999999999,-0.90979192166462675
FluB,1162,-0.0235,-0.9104595526872149
FluB,1163,-0.0235,-0.9104595526872149
FluB,1164,-0.0235,-0.9104595526872149
FluB,1165,-0.016,-0.90712139757427401
FluB,1166,-0.002,-0.90089017469678423
FluB,1167,0.021000000000000001,-0.89065316568376551
FluB,1168,0.041000000000000002,-0.881751418715923
FluB,1169,0.060999999999999999,-0.87284967174808059
FluB,1170,0.080500000000000002,-0.86417046845443424
FluB,1171,0.095000000000000001,-0.8577167019027484
FluB,1172,0.113,-0.8497051296316902
FluB,1173,0.13150000000000001,-0.84147101368643595
FluB,1174,0.153,-0.83190163569600539
FluB,1175,0.16650000000000001,-0.82589295649271177
FluB,1176,0.17499999999999999,-0.82210971403137867
FluB,1177,0.17699999999999999,-0.82121953933459446
FluB,1178,0.17299999999999999,-0.82299988872816288
FluB,1179,0.16749999999999998,-0.82544786914431956
FluB,1180,0.1595,-0.82900856793145661
FluB,1181,0.14400000000000002,-0.83590742183153444
FluB,1182,0.14500000000000002,-0.83546233448314233
FluB,1183,0.159,-0.82923111160565266
FluB,1184,0.1845,-0.81788138422165346
FluB,1185,0.23499999999999999,-0.79540447312785134
FluB,1186,0.26200000000000001,-0.7833871147212641
FluB,1187,0.27850000000000003,-0.77604317347279406
FluB,1188,0.27100000000000002,-0.77938132858573494
FluB,1189,0.28300000000000003,-0.77404028040502948
FluB,1190,0.308,-0.76291309669522644
FluB,1191,0.34799999999999998,-0.74510960275954163
FluB,1192,0.41049999999999998,-0.71729164348503394
FluB,1193,0.47499999999999998,-0.68858350951374214
FluB,1194,0.54800000000000004,-0.65609213308111713
FluB,1195,0.62650000000000006,-0.62115277623233567
FluB,1196,0.71250000000000002,-0.5828752642706132
FluB,1197,0.80249999999999999,-0.5428174029153221
FluB,1198,0.89700000000000002,-0.50075664849226664
FluB,1199,0.99199999999999999,-0.45847335039501508
FluB,1200,1.0874999999999999,-0.41596750862356746
FluB,1201,1.1779999999999999,-0.37568710359408042
FluB,1202,1.27,-0.33473906754200511
FluB,1203,1.3414999999999999,-0.30291532213196848
FluB,1204,1.3955000000000002,-0.27888060531879377
FluB,1205,1.4315,-0.26285746077667749
FluB,1206,1.4399999999999999,-0.25907421831534438
FluB,1207,1.45,-0.25462334483142324
FluB,1208,1.4535,-0.25306553911205076
FluB,1209,1.4615,-0.24950484032491382
FluB,1210,1.448,-0.25551351952820744
FluB,1211,1.419,-0.268421052631579
FluB,1212,1.3774999999999999,-0.28689217758985208
FluB,1213,1.3145,-0.31493268053855572
FluB,1214,1.2734999999999999,-0.33318126182263275
FluB,1215,1.244,-0.34631133860020036
FluB,1216,1.238,-0.34898186269055309
FluB,1217,1.2305000000000001,-0.35232001780349387
FluB,1218,1.2275,-0.35365527984867029
FluB,1219,1.2290000000000001,-0.35298764882608213
FluB,1220,1.2294999999999998,-0.35276510515188619
FluB,1221,1.2469999999999999,-0.34497607655502405
FluB,1222,1.2749999999999999,-0.33251363080004459
FluB,1223,1.3205,-0.31226215644820299
FluB,1224,1.3624999999999998,-0.29356848781573397
FluB,1225,1.405,-0.27465227550906868
FluB,1226,1.4470000000000001,-0.25595860687659955
FluB,1227,1.4824999999999999,-0.24015800600867931
FluB,1228,1.5310000000000001,-0.21857126961166129
FluB,1229,1.5859999999999999,-0.1940914654500947
FluB,1230,1.6525000000000001,-0.16449315678201848
FluB,1231,1.7124999999999999,-0.13778791587849126
FluB,1232,1.7705000000000002,-0.11197284967174803
FluB,1233,1.8239999999999998,-0.088160676532769711
FluB,1234,1.8714999999999999,-0.067019027484143789
FluB,1235,1.9180000000000001,-0.046322465783910083
FluB,1236,1.9615,-0.026961166128852798
FluB,1237,2,-0.0098253032157561426
FluB,1238,2.0430000000000001,0.0093134527651052013
FluB,1239,2.089,0.029787470791142745
FluB,1240,2.1429999999999998,0.053822187604317229
FluB,1241,2.1915,0.075408924001335254
FluB,1242,2.2359999999999998,0.095215311004784531
FluB,1243,2.2744999999999997,0.11235117391788119
FluB,1244,2.3025000000000002,0.12481361967286075
FluB,1245,2.3339999999999996,0.13883387114721246
FluB,1246,2.3635000000000002,0.15196394792478018
FluB,1247,2.4005000000000001,0.16843217981528869
FluB,1248,2.4234999999999998,0.17866918882830751
FluB,1249,2.4370000000000003,0.18467786803160136
FluB,1250,2.4394999999999998,0.18579058640258139
FluB,1251,2.4239999999999999,0.17889173250250356
FluB,1252,2.4180000000000001,0.17622120841215094
FluB,1253,2.4160000000000004,0.17533103371536674
FluB,1254,2.4224999999999999,0.17822410147991541
FluB,1255,2.4289999999999998,0.18111716924446408
FluB,1256,2.4370000000000003,0.18467786803160136
FluB,1257,2.4445000000000001,0.18801602314454213
FluB,1258,2.4530000000000003,0.19179926560587524
FluB,1259,2.4530000000000003,0.19179926560587524
FluB,1260,2.4445000000000001,0.18801602314454213
FluB,1261,2.4255,0.17955936352509172
FluB,1262,2.4024999999999999,0.16932235451207289
FluB,1263,2.3745000000000003,0.15685990875709377
FluB,1264,2.3414999999999999,0.14217202626015346
FluB,1265,2.3035000000000001,0.12525870702125286
FluB,1266,2.2614999999999998,0.10656503838878362
FluB,1267,2.2145000000000001,0.085645933014354081
FluB,1268,2.1659999999999999,0.064059196617336056
FluB,1269,2.1064999999999996,0.037576499388004669
FluB,1270,2.0380000000000003,0.0070880160231445721
FluB,1271,1.9615,-0.026961166128852798
FluB,1272,1.8759999999999999,-0.065016134416379323
FluB,1273,1.7865,-0.10485145209747415
FluB,1274,1.694,-0.14602203182374551
FluB,1275,1.5954999999999999,-0.1898631356403695
FluB,1276,1.5055000000000001,-0.22992099699566038
FluB,1277,1.4219999999999999,-0.26708579058640269
FluB,1278,1.3515000000000001,-0.29846444864804711
FluB,1279,1.2810000000000001,-0.32984310670969175
FluB,1280,1.2130000000000001,-0.36010904640035601
FluB,1281,1.1455,-0.39015244241682434
FluB,1282,1.0765,-0.42086346945588071
FluB,1283,1.0125000000000002,-0.44934905975297645
FluB,1284,0.95199999999999996,-0.47627684433069994
FluB,1285,0.89799999999999991,-0.50031156114387454
FluB,1286,0.84499999999999997,-0.52390119060865703
FluB,1287,0.79549999999999998,-0.54593301435406705
FluB,1288,0.75049999999999994,-0.5659619450317126
FluB,1289,0.69100000000000006,-0.59244464226104365
FluB,1290,0.70100000000000007,-0.58799376877712251
FluB,1291,0.71150000000000002,-0.58332035161900531
FluB,1292,0.72399999999999998,-0.57775675976410379
FluB,1293,0.73550000000000004,-0.57263825525759438
FluB,1294,0.74500000000000011,-0.56840992544786917
FluB,1295,0.75449999999999995,-0.56418159563814396
FluB,1296,0.7609999999999999,-0.56128852787359529
FluB,1297,0.77449999999999997,-0.55527984867030167
FluB,1298,0.79200000000000004,-0.54749082007343941
FluB,1299,0.81600000000000006,-0.53680872371202848
FluB,1300,0.83750000000000002,-0.52723934572159781
FluB,1301,0.85749999999999993,-0.51833759875375551
FluB,1302,0.875,-0.51054857015689326
FluB,1303,0.89300000000000002,-0.50253699788583517
FluB,1304,0.9415,-0.4809502614888172
FluB,1305,0.99649999999999994,-0.4564704573272505
FluB,1306,1.0785,-0.4199732947590965
FluB,1307,1.1435,-0.39104261711360855
FluB,1308,1.2055,-0.36344720151329701
FluB,1309,1.2589999999999999,-0.33963502837431858
FluB,1310,1.3174999999999999,-0.31359741849337941
FluB,1311,1.379,-0.28622454656726382
FluB,1312,1.4435,-0.25751641259597202
FluB,1313,1.51,-0.22791810392789591
FluB,1314,1.5840000000000001,-0.1949816401468788
FluB,1315,1.661,-0.16070991432068549
FluB,1316,1.7515000000000001,-0.12042950929119844
FluB,1317,1.8194999999999999,-0.090163569600534177
FluB,1318,1.871,-0.067241571158339841
FluB,1319,1.905,-0.052108601313007652
FluB,1320,1.9119999999999999,-0.048992989874262927
FluB,1321,1.9350000000000001,-0.038755980861243988
FluB,1322,1.9624999999999999,-0.026516078780460695
FluB,1323,2.004,-0.0080449538221876171
FluB,1324,2.032,0.0044174919327918394
FluB,1325,2.0540000000000003,0.014209413597418563
FluB,1326,2.0655000000000001,0.019327918103927866
FluB,1327,2.0750000000000002,0.023556247913653072
FluB,1328,2.0819999999999999,0.026671859352397798
FluB,1329,2.0880000000000001,0.029342383442750641
FluB,1330,2.0925000000000002,0.031345276510515219
FluB,1331,2.0975000000000001,0.033570713252475848
FluB,1332,2.101,0.03512851897184821
FluB,1333,2.1055000000000001,0.037131412039612788
FluB,1334,2.1059999999999999,0.037353955713808729
FluB,1335,2.1025,0.035796149994436366
FluB,1336,2.0935000000000001,0.031790363858907322
FluB,1337,2.0800000000000001,0.025781684655613701
FluB,1338,2.0605000000000002,0.017102481361967348
FluB,1339,2.036,0.0061978413263602539
FluB,1340,2.0049999999999999,-0.0075998664737955135
FluB,1341,1.9735,-0.021620117948147333
FluB,1342,1.9415,-0.035862913096695204
FluB,1343,1.9119999999999999,-0.048992989874262927
FluB,1344,1.8799999999999999,-0.063235785022810798
FluB,1345,1.8475000000000001,-0.077701123845554609
FluB,1346,1.8149999999999999,-0.092166462668298754
FluB,1347,1.7795000000000001,-0.10796706353621899
FluB,1348,1.7524999999999999,-0.11998442194280634
FluB,1349,1.7309999999999999,-0.12955379993323701
FluB,1350,1.7225000000000001,-0.13333704239456989
FluB,1351,1.7050000000000001,-0.14112607099143204
FluB,1352,1.6835,-0.15069544898186271
FluB,1353,1.643,-0.16872148659174369
FluB,1354,1.6219999999999999,-0.17806832090797831
FluB,1355,1.6160000000000001,-0.18073884499833093
FluB,1356,1.6265000000000001,-0.17606542784021362
FluB,1357,1.6735,-0.15514632246578397
FluB,1358,1.6859999999999999,-0.14958273061088245
FluB,1359,1.6804999999999999,-0.15203071102703913
FluB,1360,1.6315,-0.1738399910982531
FluB,1361,1.6034999999999999,-0.18630243685323256
FluB,1362,1.5874999999999999,-0.19342383442750644
FluB,1363,1.5865,-0.19386892177589854
FluB,1364,1.6154999999999999,-0.18096138867252709
FluB,1365,1.6179999999999999,-0.17984867030154672
FluB,1366,1.6114999999999999,-0.1827417380660955
FluB,1367,1.5805,-0.19653944586625127
FluB,1368,1.5674999999999999,-0.20232558139534895
FluB,1369,1.5615000000000001,-0.20499610548570157
FluB,1370,1.5830000000000002,-0.1954267274952709
FluB,1371,1.5860000000000001,-0.19409146545009459
FluB,1372,1.5765,-0.1983197952598198
FluB,1373,1.5545,-0.20811171692444641
FluB,1374,1.5024999999999999,-0.2312562590408368
FluB,1375,1.4864999999999999,-0.23837765661511079
FluB,1376,1.4889999999999999,-0.23726493824413053
FluB,1377,1.53,-0.21901635696005339
FluB,1378,1.5545,-0.20811171692444641
FluB,1379,1.571,-0.20076777567597648
FluB,1380,1.5710000000000002,-0.20076777567597637
FluB,1381,1.5655000000000001,-0.20321575609213305
FluB,1382,1.5545,-0.20811171692444641
FluB,1383,1.5394999999999999,-0.2147880271503283
FluB,1384,1.5165,-0.22502503616334713
FluB,1385,1.5049999999999999,-0.23014354066985654
FluB,1386,1.5005000000000002,-0.23214643373762101
FluB,1387,1.5110000000000001,-0.2274730165795037
FluB,1388,1.5145,-0.22591521086013133
FluB,1389,1.5129999999999999,-0.2265828418827196
FluB,1390,1.5065,-0.22947590964726838
FluB,1391,1.4765000000000001,-0.24282853009903194
FluB,1392,1.4805000000000001,-0.24104818070546341
FluB,1393,1.4744999999999999,-0.24371870479581625
FluB,1394,1.4689999999999999,-0.24616668521197294
FluB,1395,1.4605000000000001,-0.24994992767330582
FluB,1396,1.4495,-0.25484588850561929
FluB,1397,1.4340000000000002,-0.26174474240569712
FluB,1398,1.4224999999999999,-0.26686324691220664
FluB,1399,1.4119999999999999,-0.27153666407032384
FluB,1400,1.4045000000000001,-0.27487481918326473
FluB,1401,1.4015,-0.27621008122844115
FluB,1402,1.3955,-0.27888060531879388
FluB,1403,1.387,-0.28266384778012688
FluB,1404,1.3679999999999999,-0.29112050739957729
FluB,1405,1.3519999999999999,-0.29824190497385117
FluB,1406,1.3105,-0.31671302993212425
FluB,1407,1.238,-0.34898186269055309
FluB,1408,1.1799999999999999,-0.3747969288972961
FluB,1409,1.137,-0.39393568487815733
FluB,1410,1.1134999999999999,-0.40439523756537227
FluB,1411,1.123,-0.40016690775564706
FluB,1412,1.1200000000000001,-0.40150216980082337
FluB,1413,1.1154999999999999,-0.403505062868588
FluB,1414,1.1099999999999999,-0.40595304328474474
FluB,1415,1.0914999999999999,-0.41418715922999894
FluB,1416,1.0625,-0.42709469233337044
FluB,1417,1.0085,-0.45112940914654504
FluB,1418,0.97299999999999998,-0.46693001001446538
FluB,1419,0.95199999999999996,-0.47627684433069994
FluB,1420,0.94650000000000001,-0.47872482474685657
FluB,1421,0.97449999999999992,-0.46626237899187722
FluB,1422,0.96850000000000003,-0.4689329030822299
FluB,1423,0.94950000000000001,-0.4773895627016802
FluB,1424,0.89400000000000002,-0.50209191053744306
FluB,1425,0.876,-0.51010348280850115
FluB,1426,0.88149999999999995,-0.50765550239234458
FluB,1427,0.92999999999999994,-0.48606876599532661
FluB,1428,0.97399999999999998,-0.46648492266607328
FluB,1429,1.0175000000000001,-0.44712362301101588
FluB,1430,1.0580000000000001,-0.42909758540113496
FluB,1431,1.0859999999999999,-0.41663513964615567
FluB,1432,1.129,-0.39749638366529438
FluB,1433,1.1785000000000001,-0.37546455991988426
FluB,1434,1.2415,-0.34742405697118062
FluB,1435,1.2930000000000001,-0.32450205852898628
FluB,1436,1.3384999999999998,-0.3042505841771449
FluB,1437,1.3664999999999998,-0.29178813842216544
FluB,1438,1.405,-0.27465227550906868
FluB,1439,1.4504999999999999,-0.25440080115722719
FluB,1440,1.5024999999999999,-0.2312562590408368
FluB,1441,1.5655000000000001,-0.20321575609213305
FluB,1442,1.6214999999999999,-0.17829086458217436
FluB,1443,1.6735,-0.15514632246578397
FluB,1444,1.7215,-0.13378212974296211
FluB,1445,1.7530000000000001,-0.11976187826861018
FluB,1446,1.7690000000000001,-0.11264048069433619
FluB,1447,1.7645,-0.11464337376210088
FluB,1448,1.7509999999999999,-0.1206520529653945
FluB,1449,1.728,-0.13088906197841332
FluB,1450,1.6970000000000001,-0.14468676977856909
FluB,1451,1.6619999999999999,-0.16026482697229338
FluB,1452,1.6179999999999999,-0.17984867030154672
FluB,1453,1.5705,-0.20099031935017253
FluB,1454,1.5125,-0.22680538555691554
FluB,1455,1.4744999999999999,-0.24371870479581625
FluB,1456,1.4515,-0.25395571380883497
FluB,1457,1.454,-0.25284299543785471
FluB,1458,1.4470000000000001,-0.25595860687659955
FluB,1459,1.4339999999999999,-0.26174474240569723
FluB,1460,1.4060000000000001,-0.27420718816067646
FluB,1461,1.3759999999999999,-0.28755980861244024
FluB,1462,1.3414999999999999,-0.30291532213196848
FluB,1463,1.3029999999999999,-0.32005118504506513
FluB,1464,1.262,-0.33829976632914216
FluB,1465,1.2130000000000001,-0.36010904640035601
FluB,1466,1.1579999999999999,-0.38458885056192282
FluB,1467,1.0965,-0.41196172248803831
FluB,1468,1.0314999999999999,-0.44089240013352632
FluB,1469,0.96449999999999991,-0.47071325247579843
FluB,1470,0.89200000000000002,-0.50298208523422727
FluB,1471,0.82650000000000001,-0.53213530655391117
FluB,1472,0.76800000000000002,-0.55817291643485034
FluB,1473,0.71649999999999991,-0.58109491487704468
FluB,1474,0.6785000000000001,-0.59800823411594517
FluB,1475,0.62549999999999994,-0.62159786358072777
FluB,1476,0.56549999999999989,-0.6483031044842551
FluB,1477,0.48999999999999999,-0.68190719928786026
FluB,1478,0.42849999999999999,-0.70928007121397574
FluB,1479,0.3755,-0.73286970067875823
FluB,1480,0.33999999999999997,-0.74867030154667857
FluB,1481,0.30399999999999999,-0.76469344608879497
FluB,1482,0.27149999999999996,-0.77915878491153889
FluB,1483,0.23299999999999998,-0.79629464782463566
FluB,1484,0.20900000000000002,-0.80697674418604648
FluB,1485,0.19850000000000001,-0.81165016134416379
FluB,1486,0.19900000000000001,-0.81142761766996774
FluB,1487,0.22299999999999998,-0.80074552130855681
FluB,1488,0.22249999999999998,-0.80096806498275286
FluB,1489,0.20850000000000002,-0.80719928786024253
FluB,1490,0.16599999999999998,-0.82611550016690782
FluB,1491,0.13350000000000001,-0.84058083898965175
FluB,1492,0.10600000000000001,-0.85282074107043504
FluB,1493,0.090999999999999998,-0.85949705129631693
FluB,1494,0.076499999999999999,-0.86595081784800265
FluB,1495,0.065000000000000002,-0.87106932235451207
FluB,1496,0.057500000000000002,-0.87440747746745306
FluB,1497,0.048000000000000001,-0.87863580727717816
FluB,1498,0.055999999999999994,-0.87507510849004122
FluB,1499,0.073999999999999996,-0.86706353621898302
FluB,1500,0.111,-0.85059530432847452
FluB,1501,0.13300000000000001,-0.8408033826638478
FluB,1502,0.14550000000000002,-0.83523979080894628
FluB,1503,0.14000000000000001,-0.83768777122510296
FluB,1504,0.13450000000000001,-0.84013575164125964
FluB,1505,0.127,-0.84347390675420053
FluB,1506,0.11900000000000001,-0.84703460554133747
FluB,1507,0.1105,-0.85081784800267057
FluB,1508,0.10250000000000001,-0.85437854678980751
FluB,1509,0.096500000000000002,-0.85704907088016025
FluB,1510,0.091499999999999998,-0.85927450762212088
FluB,1511,0.090999999999999998,-0.85949705129631693
FluB,1512,0.094500000000000001,-0.85793924557694445
FluB,1513,0.1045,-0.85348837209302331
FluB,1514,0.11199999999999999,-0.85015021698008242
FluB,1515,0.11849999999999999,-0.84725714921553352
FluB,1516,0.12,-0.84658951819294537
FluB,1517,0.1285,-0.84280627573161238
FluB,1518,0.14200000000000002,-0.83679759652831875
FluB,1519,0.16849999999999998,-0.82500278179592745
FluB,1520,0.1885,-0.81610103482808505
FluB,1521,0.20200000000000001,-0.81009235562479143
FluB,1522,0.21000000000000002,-0.80653165683765438
FluB,1523,0.20250000000000001,-0.80986981195059538
FluB,1524,0.21400000000000002,-0.80475130744408596
FluB,1525,0.23750000000000002,-0.79429175475687108
FluB,1526,0.28149999999999997,-0.77470791142761775
FluB,1527,0.31850000000000001,-0.75823967953710913
FluB,1528,0.35299999999999998,-0.742884166017581
FluB,1529,0.38,-0.73086680761099365
FluB,1530,0.40549999999999997,-0.71951708022699457
FluB,1531,0.42900000000000005,-0.70905752753977969
FluB,1532,0.45199999999999996,-0.69882051852676086
FluB,1533,0.46950000000000003,-0.69103148992989882
FluB,1534,0.48250000000000004,-0.68524535440080114
FluB,1535,0.49249999999999999,-0.68079448091688
FluB,1536,0.49299999999999999,-0.68057193724268394
FluB,1537,0.51049999999999995,-0.6727829086458218
FluB,1538,0.53950000000000009,-0.65987537554245024
FluB,1539,0.58749999999999991,-0.63851118281962838
FluB,1540,0.62949999999999995,-0.61981751418715936
FluB,1541,0.66850000000000009,-0.60245910759986643
FluB,1542,0.69799999999999995,-0.58932903082229893
FluB,1543,0.72899999999999998,-0.57553132302214305
FluB,1544,0.75800000000000001,-0.5626237899187716
FluB,1545,0.79400000000000004,-0.5466006453766552
FluB,1546,0.81600000000000006,-0.53680872371202848
FluB,1547,0.82550000000000001,-0.53258039390230327
FluB,1548,0.82350000000000001,-0.53347056859908759
FluB,1549,0.79549999999999998,-0.54593301435406705
FluB,1550,0.80699999999999994,-0.54081450984755763
FluB,1551,0.84150000000000003,-0.52545899632802939
FluB,1552,0.92100000000000004,-0.49007455213085571
FluB,1553,0.97399999999999998,-0.46648492266607328
FluB,1554,1.0110000000000001,-0.45001669077556467
FluB,1555,1.0185,-0.44667853566262383
FluB,1556,1.0245,-0.4440080115722711
FluB,1557,1.0249999999999999,-0.44378546789807505
FluB,1558,1.0229999999999999,-0.44467564259485931
FluB,1559,1.0234999999999999,-0.44445309892066326
FluB,1560,1.028,-0.44245020585289863
FluB,1561,1.0385,-0.43777678869478137
FluB,1562,1.0565,-0.42976521642372317
FluB,1563,1.0745,-0.42175364415266497
FluB,1564,1.0945,-0.41285189718482251
FluB,1565,1.1134999999999999,-0.40439523756537227
FluB,1566,1.1364999999999998,-0.3941582285523535
FluB,1567,1.1619999999999999,-0.3828085011683543
FluB,1568,1.1945000000000001,-0.36834316234561026
FluB,1569,1.214,-0.35966395905196402
FluB,1570,1.2230000000000001,-0.35565817291643487
FluB,1571,1.2095,-0.36166685211972849
FluB,1572,1.2095,-0.36166685211972849
FluB,1573,1.22,-0.35699343496161129
FluB,1574,1.242,-0.34720151329698457
FluB,1575,1.2875000000000001,-0.32695003894514296
FluB,1576,1.3075000000000001,-0.31804829197730056
FluB,1577,1.3149999999999999,-0.31471013686435967
FluB,1578,1.298,-0.32227662178702576
FluB,1579,1.296,-0.32316679648380997
FluB,1580,1.2985,-0.32205407811282971
FluB,1581,1.3185,-0.31315233114498719
FluB,1582,1.3170000000000002,-0.31381996216757535
FluB,1583,1.302,-0.32049627239345724
FluB,1584,1.2629999999999999,-0.33785467898075006
FluB,1585,1.228,-0.35343273617447424
FluB,1586,1.1955,-0.36789807499721827
FluB,1587,1.1705000000000001,-0.3790252587070212
FluB,1588,1.1515,-0.38748191832647161
FluB,1589,1.1395,-0.39282296650717707
FluB,1590,1.135,-0.39482585957494165
FluB,1591,1.1415,-0.39193279181039287
FluB,1592,1.1395,-0.39282296650717707
FluB,1593,1.1345000000000001,-0.39504840324913759
FluB,1594,1.1200000000000001,-0.40150216980082337
FluB,1595,1.119,-0.40194725714921559
FluB,1596,1.1274999999999999,-0.39816401468788254
FluB,1597,1.1485000000000001,-0.38881718037164792
FluB,1598,1.1695,-0.37947034605541341
FluB,1599,1.1905000000000001,-0.37012351173917879
FluB,1600,1.2109999999999999,-0.36099922109714044
FluB,1601,1.2270000000000001,-0.35387782352286634
FluB,1602,1.238,-0.34898186269055309
FluB,1603,1.242,-0.34720151329698457
FluB,1604,1.2429999999999999,-0.34675642594859246
FluB,1605,1.2415,-0.34742405697118062
FluB,1606,1.2384999999999999,-0.34875931901635704
FluB,1607,1.2330000000000001,-0.35120729943251361
FluB,1608,1.2284999999999999,-0.35321019250027819
FluB,1609,1.2224999999999999,-0.35588071659063103
FluB,1610,1.2189999999999999,-0.35743852231000339
FluB,1611,1.2044999999999999,-0.36389228886168923
FluB,1612,1.1830000000000001,-0.37346166685211979
FluB,1613,1.1475,-0.38926226772004013
FluB,1614,1.1214999999999999,-0.40083453877823527
FluB,1615,1.1000000000000001,-0.41040391676866583
FluB,1616,1.0920000000000001,-0.41396461555580283
FluB,1617,1.075,-0.42153110047846892
FluB,1618,1.0509999999999999,-0.43221319683987991
FluB,1619,1.012,-0.44957160342717262
FluB,1620,0.97700000000000009,-0.46514966062089685
FluB,1621,0.9425,-0.4805051741404251
FluB,1622,0.92699999999999994,-0.48740402804050298
FluB,1623,0.89349999999999996,-0.50231445421163912
FluB,1624,0.84350000000000003,-0.52456882163124519
FluB,1625,0.77899999999999991,-0.55327695560253698
FluB,1626,0.67300000000000004,-0.60045621453210196
FluB,1627,0.64200000000000002,-0.61425392233225773
FluB,1628,0.65749999999999997,-0.60735506843217979
FluB,1629,0.76149999999999995,-0.56106598419939924
FluB,1630,0.8075,-0.54059196617336158
FluB,1631,0.82150000000000001,-0.53436074329587191
FluB,1632,0.76550000000000007,-0.5592856348058306
FluB,1633,0.73799999999999999,-0.57152553688661401
FluB,1634,0.72750000000000004,-0.57619895404473132
FluB,1635,0.753,-0.56484922666073212
FluB,1636,0.77900000000000003,-0.55327695560253698
FluB,1637,0.8095,-0.53970179147657737
FluB,1638,0.83699999999999997,-0.52746188939579397
FluB,1639,0.87749999999999995,-0.509435851785913
FluB,1640,0.92949999999999999,-0.48629130966952266
FluB,1641,0.99350000000000005,-0.45780571937242687
FluB,1642,1.073,-0.42242127517525319
FluB,1643,1.1385000000000001,-0.39326805385556918
FluB,1644,1.1964999999999999,-0.36745298764882617
FluB,1645,1.2390000000000001,-0.34853677534216088
FluB,1646,1.2894999999999999,-0.32605986424835887
FluB,1647,1.3414999999999999,-0.30291532213196848
FluB,1648,1.3979999999999999,-0.27776788694781362
FluB,1649,1.4515,-0.25395571380883497
FluB,1650,1.5024999999999999,-0.2312562590408368
FluB,1651,1.5535000000000001,-0.20855680427283851
FluB,1652,1.5965,-0.18941804829197728
FluB,1653,1.633,-0.17317236007566483
FluB,1654,1.6585000000000001,-0.16182263269166575
FluB,1655,1.6859999999999999,-0.14958273061088245
FluB,1656,1.714,-0.137120284855903
FluB,1657,1.7454999999999998,-0.12310003338155129
FluB,1658,1.776,-0.10952486925559146
FluB,1659,1.8039999999999998,-0.097062423500612116
FluB,1660,1.8355000000000001,-0.083042172026260075
FluB,1661,1.8534999999999999,-0.075030599755201988
FluB,1662,1.8565,-0.073695337710025566
FluB,1663,1.8460000000000001,-0.078368754868142876
FluB,1664,1.8115000000000001,-0.093724268387671117
FluB,1665,1.7955000000000001,-0.100845665961945
FluB,1666,1.7885,-0.10396127740068994
FluB,1667,1.8009999999999999,-0.098397685545788427
FluB,1668,1.8010000000000002,-0.098397685545788316
FluB,1669,1.7929999999999999,-0.10195838433292537
FluB,1670,1.7749999999999999,-0.10996995660398357
FluB,1671,1.748,-0.12198731501057081
FluB,1672,1.7130000000000001,-0.1375653722042951
FluB,1673,1.6615,-0.16048737064648944
FluB,1674,1.6214999999999999,-0.17829086458217436
FluB,1675,1.591,-0.19186602870813396
FluB,1676,1.5865,-0.19386892177589854
FluB,1677,1.5600000000000001,-0.20566373650828973
FluB,1678,1.5145,-0.22591521086013133
FluB,1679,1.4304999999999999,-0.26330254812506959
FluB,1680,1.3519999999999999,-0.29824190497385117
FluB,1681,1.2805,-0.33006565038388791
FluB,1682,1.2200000000000002,-0.35699343496161118
FluB,1683,1.1804999999999999,-0.37457438522310016
FluB,1684,1.1244999999999998,-0.39949927673305896
FluB,1685,1.0625,-0.42709469233337044
FluB,1686,0.98699999999999988,-0.46069878713697571
FluB,1687,0.91849999999999998,-0.49118727050183603
FluB,1688,0.85050000000000003,-0.52145321019250024
FluB,1689,0.79000000000000004,-0.54838099477022362
FluB,1690,0.71350000000000002,-0.58243017692222099
FluB,1691,0.625,-0.62182040725492382
FluB,1692,0.51700000000000002,-0.66988984088127301
FluB,1693,0.41400000000000003,-0.71573383776566146
FluB,1694,0.312,-0.76113274730165803
FluB,1695,0.2215,-0.80141315233114496
FluB,1696,0.11649999999999999,-0.84814732391231784
FluB,1697,0.0024999999999999988,-0.89888728162901976
FluB,1698,-0.13650000000000001,-0.96075442305552472
FluB,1699,-0.25900000000000001,-1.0152776232335596
FluB,1700,-0.3705,-1.0649048625792812
HMPVA,450,0.1075,-0.85215311004784688
HMPVA,451,0.092499999999999999,-0.85882942027372877
HMPVA,452,0.095000000000000001,-0.8577167019027484
HMPVA,453,0.10400000000000001,-0.85371091576721936
HMPVA,454,0.11899999999999999,-0.84703460554133747
HMPVA,455,0.13600000000000001,-0.83946812061867138
HMPVA,456,0.1825,-0.81877155891843778
HMPVA,457,0.158,-0.82967619895404476
HMPVA,458,0.10600000000000001,-0.85282074107043504
HMPVA,459,0.032000000000000001,-0.88575720485145215
HMPVA,460,-0.107,-0.94762434627795711
HMPVA,461,-0.14350000000000002,-0.96387003449426956
HMPVA,462,-0.13900000000000001,-0.96186714142650498
HMPVA,463,-0.095500000000000002,-0.94250584177144769
HMPVA,464,0.028000000000000001,-0.88753755424502057
HMPVA,465,0.090999999999999998,-0.85949705129631693
HMPVA,466,0.14299999999999999,-0.83635250917992665
HMPVA,467,0.18149999999999999,-0.81921664626682988
HMPVA,468,0.1925,-0.81432068543451652
HMPVA,469,0.215,-0.80430622009569386
HMPVA,470,0.23650000000000002,-0.79473684210526319
HMPVA,471,0.25950000000000001,-0.78449983309224436
HMPVA,472,0.27400000000000002,-0.77804606654055863
HMPVA,473,0.32100000000000001,-0.75712696116612888
HMPVA,474,0.38600000000000001,-0.72819628352064092
HMPVA,475,0.46850000000000003,-0.69147657727829093
HMPVA,476,0.58450000000000002,-0.63984644486480469
HMPVA,477,0.68100000000000005,-0.59689551574496491
HMPVA,478,0.77600000000000002,-0.5546122176477134
HMPVA,479,0.86799999999999999,-0.5136641815956382
HMPVA,480,0.94799999999999995,-0.47805719372426841
HMPVA,481,1.0425,-0.4359964393012129
HMPVA,482,1.1425000000000001,-0.39148770446200065
HMPVA,483,1.2475000000000001,-0.34475353288082788
HMPVA,484,1.3584999999999998,-0.29534883720930238
HMPVA,485,1.474,-0.24394124847001231
HMPVA,486,1.593,-0.19097585401134975
HMPVA,487,1.714,-0.137120284855903
HMPVA,488,1.837,-0.08237454100367203
HMPVA,489,1.954,-0.030299321241793797
HMPVA,490,2.0634999999999999,0.018437743407143548
HMPVA,491,2.1635,0.062946478246355797
HMPVA,492,2.2640000000000002,0.1076777567597641
HMPVA,493,2.3260000000000001,0.13527317236007563
HMPVA,494,2.3620000000000001,0.15129631690219203
HMPVA,495,2.3730000000000002,0.15619227773450539
HMPVA,496,2.3399999999999999,0.14150439523756531
HMPVA,497,2.3220000000000001,0.13349282296650722
HMPVA,498,2.3029999999999999,0.12503616334705681
HMPVA,499,2.2850000000000001,0.11702459107599872
HMPVA,500,2.2795000000000001,0.11457661065984193
HMPVA,501,2.2575000000000003,0.10478468899521542
HMPVA,502,2.2305000000000001,0.092767330588628072
HMPVA,503,2.1974999999999998,0.078079448091687875
HMPVA,504,2.1545000000000001,0.058940692110826753
HMPVA,505,2.1154999999999999,0.041582285523533935
HMPVA,506,2.077,0.024446422610437279
HMPVA,507,2.0390000000000001,0.0075331033715366758
HMPVA,508,2.0065,-0.0069322354512073581
HMPVA,509,1.9660000000000002,-0.024958273061088221
HMPVA,510,1.9215,-0.04476466006453772
HMPVA,511,1.873,-0.066351396461555634
HMPVA,512,1.819,-0.090386113274730229
HMPVA,513,1.7690000000000001,-0.11264048069433619
HMPVA,514,1.7204999999999999,-0.13422721709135421
HMPVA,515,1.675,-0.1544786914431957
HMPVA,516,1.6299999999999999,-0.17450762212084125
HMPVA,517,1.595,-0.19008567931456555
HMPVA,518,1.5674999999999999,-0.20232558139534895
HMPVA,519,1.5469999999999999,-0.21144987203738741
HMPVA,520,1.5394999999999999,-0.2147880271503283
HMPVA,521,1.5249999999999999,-0.22124179370201413
HMPVA,522,1.5105,-0.22769556025369986
HMPVA,523,1.4929999999999999,-0.235484588850562
HMPVA,524,1.4684999999999999,-0.24638922888616899
HMPVA,525,1.4510000000000001,-0.25417825748303102
HMPVA,526,1.4359999999999999,-0.26085456770891291
HMPVA,527,1.4224999999999999,-0.26686324691220664
HMPVA,528,1.4140000000000001,-0.27064648937353952
HMPVA,529,1.403,-0.27554245020585288
HMPVA,530,1.3915000000000002,-0.2806609547123623
HMPVA,531,1.3794999999999999,-0.28600200289306776
HMPVA,532,1.3685,-0.29089796372538113
HMPVA,533,1.3500000000000001,-0.29913207967063538
HMPVA,534,1.3280000000000001,-0.30892400133526199
HMPVA,535,1.302,-0.32049627239345724
HMPVA,536,1.264,-0.33740959163235784
HMPVA,537,1.2385000000000002,-0.34875931901635693
HMPVA,538,1.2175,-0.35810615333259155
HMPVA,539,1.2015,-0.36522755090686554
HMPVA,540,1.2015,-0.36522755090686554
HMPVA,541,1.1839999999999999,-0.37301657950372769
HMPVA,542,1.1579999999999999,-0.38458885056192282
HMPVA,543,1.1240000000000001,-0.3997218204072549
HMPVA,544,1.073,-0.42242127517525319
HMPVA,545,1.03,-0.44156003115611442
HMPVA,546,0.98850000000000005,-0.46003115611438744
HMPVA,547,0.94950000000000001,-0.4773895627016802
HMPVA,548,0.91549999999999998,-0.49252253254701239
HMPVA,549,0.88349999999999995,-0.50676532769556037
HMPVA,550,0.85499999999999998,-0.51945031712473577
HMPVA,551,0.82950000000000002,-0.53080004450873486
HMPVA,552,0.81099999999999994,-0.53903416045398922
HMPVA,553,0.78649999999999998,-0.5499388004895962
HMPVA,554,0.75949999999999995,-0.56195615889618344
HMPVA,555,0.72950000000000004,-0.575308779347947
HMPVA,556,0.69450000000000001,-0.59088683654167129
HMPVA,557,0.66100000000000003,-0.60579726271280743
HMPVA,558,0.62749999999999995,-0.62070768888394356
HMPVA,559,0.59499999999999997,-0.63517302770668749
HMPVA,560,0.55699999999999994,-0.65208634694558809
HMPVA,561,0.53300000000000003,-0.66276844330699902
HMPVA,562,0.51549999999999996,-0.67055747190386117
HMPVA,563,0.504,-0.67567597641037058
HMPVA,564,0.51300000000000001,-0.67167019027484143
HMPVA,565,0.498,-0.67834650050072332
HMPVA,566,0.47150000000000003,-0.69014131523311451
HMPVA,567,0.4345,-0.70660954712362301
HMPVA,568,0.3705,-0.73509513742071886
HMPVA,569,0.32650000000000001,-0.75467898074997219
HMPVA,570,0.28899999999999998,-0.77136975631467675
HMPVA,571,0.26000000000000001,-0.78427728941804831
HMPVA,572,0.2465,-0.79028596862134193
HMPVA,573,0.22949999999999998,-0.79785245354400802
HMPVA,574,0.21499999999999997,-0.80430622009569386
HMPVA,575,0.20200000000000001,-0.81009235562479143
HMPVA,576,0.19400000000000001,-0.81365305441192837
HMPVA,577,0.17849999999999999,-0.82055190831200631
HMPVA,578,0.16,-0.82878602425726056
HMPVA,579,0.13950000000000001,-0.83791031489929901
HMPVA,580,0.10250000000000001,-0.85437854678980751
HMPVA,581,0.094,-0.85816178925114062
HMPVA,582,0.098500000000000004,-0.85615889618337604
HMPVA,583,0.11649999999999999,-0.84814732391231784
HMPVA,584,0.16300000000000001,-0.82745076221208413
HMPVA,585,0.185,-0.81765884054745741
HMPVA,586,0.19850000000000001,-0.81165016134416379
HMPVA,587,0.20200000000000001,-0.81009235562479143
HMPVA,588,0.182,-0.81899410259263383
HMPVA,589,0.17499999999999999,-0.82210971403137867
HMPVA,590,0.16799999999999998,-0.82522532547012351
HMPVA,591,0.16250000000000001,-0.82767330588628019
HMPVA,592,0.16600000000000001,-0.82611550016690782
HMPVA,593,0.1545,-0.83123400467341724
HMPVA,594,0.13800000000000001,-0.83857794592188717
HMPVA,595,0.11599999999999999,-0.84836986758651389
HMPVA,596,0.081000000000000003,-0.86394792478023819
HMPVA,597,0.059999999999999998,-0.87329475909647269
HMPVA,598,0.045000000000000005,-0.87997106932235458
HMPVA,599,0.035499999999999997,-0.88419939913207968
HMPVA,600,0.040500000000000001,-0.88197396239011905
HMPVA,601,0.034499999999999996,-0.88464448648047178
HMPVA,602,0.0275,-0.88776009791921662
HMPVA,603,0.02,-0.89109825303215762
HMPVA,604,0.0065000000000000006,-0.89710693223545124
HMPVA,605,0.0080000000000000002,-0.89643930121286308
HMPVA,606,0.018000000000000002,-0.89198842772894182
HMPVA,607,0.037499999999999999,-0.88330922443529547
HMPVA,608,0.070499999999999993,-0.86862134193835538
HMPVA,609,0.11,-0.85104039167686663
HMPVA,610,0.15949999999999998,-0.82900856793145661
HMPVA,611,0.219,-0.80252587070212533
HMPVA,612,0.28600000000000003,-0.77270501835985317
HMPVA,613,0.3705,-0.73509513742071886
HMPVA,614,0.46850000000000003,-0.69147657727829093
HMPVA,615,0.5774999999999999,-0.64296205630354963
HMPVA,616,0.70099999999999996,-0.58799376877712262
HMPVA,617,0.81999999999999995,-0.53502837431846006
HMPVA,618,0.93900000000000006,-0.48206297985979751
HMPVA,619,1.0565,-0.42976521642372317
HMPVA,620,1.1720000000000002,-0.37835762768443304
HMPVA,621,1.2835000000000001,-0.32873038833871149
HMPVA,622,1.3915,-0.2806609547123623
HMPVA,623,1.4885000000000002,-0.23748748191832647
HMPVA,624,1.5925,-0.19119839768554581
HMPVA,625,1.6985000000000001,-0.14401913875598082
HMPVA,626,1.8069999999999999,-0.095727161455435694
HMPVA,627,1.9249999999999998,-0.043206854345165358
HMPVA,628,2.0335000000000001,0.0050851229553799948
HMPVA,629,2.1369999999999996,0.051151663513964385
HMPVA,630,2.2355,0.09499276733058859
HMPVA,631,2.3159999999999998,0.13082229887615437
HMPVA,632,2.4095,0.17243796595081784
HMPVA,633,2.5054999999999996,0.21516635139646134
HMPVA,634,2.6040000000000001,0.25900745521308555
HMPVA,635,2.7160000000000002,0.30885723823300337
HMPVA,636,2.8040000000000003,0.34802492489151005
HMPVA,637,2.8769999999999998,0.38051630132413472
HMPVA,638,2.9305000000000003,0.4043284744631136
HMPVA,639,2.9624999999999999,0.41857126961166113
HMPVA,640,2.976,0.42457994881495498
HMPVA,641,2.9699999999999998,0.42190942472460213
HMPVA,642,2.9450000000000003,0.41078224101479932
HMPVA,643,2.9009999999999998,0.39119839768554565
HMPVA,644,2.8439999999999999,0.36582841882719463
HMPVA,645,2.7744999999999997,0.3348948481139421
HMPVA,646,2.6964999999999999,0.30017803493935669
HMPVA,647,2.6044999999999998,0.2592299988872816
HMPVA,648,2.5230000000000001,0.22295537999332382
HMPVA,649,2.4464999999999999,0.18890619784132634
HMPVA,650,2.3765000000000001,0.15775008345387775
HMPVA,651,2.3185000000000002,0.13193501724713486
HMPVA,652,2.2605,0.10611995104039151
HMPVA,653,2.2050000000000001,0.081417603204628874
HMPVA,654,2.1524999999999999,0.058050517414042435
HMPVA,655,2.1029999999999998,0.036018693668632307
HMPVA,656,2.0525000000000002,0.013541782574830408
HMPVA,657,2.0015000000000001,-0.0091576721931678762
HMPVA,658,1.9495,-0.032302214309558264
HMPVA,659,1.8980000000000001,-0.055224212751752488
HMPVA,660,1.8420000000000001,-0.080149104261711401
HMPVA,661,1.7835000000000001,-0.10618671414265046
HMPVA,662,1.7225000000000001,-0.13333704239456989
HMPVA,663,1.6555,-0.16315789473684217
HMPVA,664,1.601,-0.18741515522421281
HMPVA,665,1.5525,-0.20900189162123073
HMPVA,666,1.51,-0.22791810392789591
HMPVA,667,1.4795,-0.24149326805385563
HMPVA,668,1.4405000000000001,-0.25885167464114833
HMPVA,669,1.4024999999999999,-0.27576499388004905
HMPVA,670,1.3534999999999999,-0.29757427395126301
HMPVA,671,1.3214999999999999,-0.31181706909981088
HMPVA,672,1.2995000000000001,-0.3216089907644375
HMPVA,673,1.2885,-0.32650495159675086
HMPVA,674,1.2995000000000001,-0.3216089907644375
HMPVA,675,1.2999999999999998,-0.32138644709024156
HMPVA,676,1.298,-0.32227662178702576
HMPVA,677,1.2915000000000001,-0.32516968955157444
HMPVA,678,1.27,-0.33473906754200511
HMPVA,679,1.2610000000000001,-0.33874485367753415
HMPVA,680,1.256,-0.34097029041949489
HMPVA,681,1.2549999999999999,-0.341415377767887
HMPVA,682,1.2685,-0.33540669856459338
HMPVA,683,1.268,-0.33562924223878943
HMPVA,684,1.2625000000000002,-0.338077222654946
HMPVA,685,1.2515000000000001,-0.34297318348725936
HMPVA,686,1.2250000000000001,-0.35476799821965055
HMPVA,687,1.2130000000000001,-0.36010904640035601
HMPVA,688,1.2065000000000001,-0.3630021141649048
HMPVA,689,1.2055,-0.36344720151329701
HMPVA,690,1.2155,-0.35899632802937576
HMPVA,691,1.218,-0.3578836096583955
HMPVA,692,1.2170000000000001,-0.3583286970067876
HMPVA,693,1.2124999999999999,-0.36033159007455218
HMPVA,694,1.2035,-0.36433737621008122
HMPVA,695,1.1884999999999999,-0.37101368643596311
HMPVA,696,1.1685000000000001,-0.37991543340380551
HMPVA,697,1.143,-0.3912651607878046
HMPVA,698,1.111,-0.40550795593635253
HMPVA,699,1.0840000000000001,-0.41752531434293982
HMPVA,700,1.0594999999999999,-0.42842995437854686
HMPVA,701,1.038,-0.43799933236897742
HMPVA,702,1.02,-0.44601090464003562
HMPVA,703,1.0089999999999999,-0.45090686547234904
HMPVA,704,1.004,-0.45313230221430956
HMPVA,705,1.006,-0.45224212751752535
HMPVA,706,1.0085,-0.45112940914654504
HMPVA,707,1.0114999999999998,-0.44979414710136872
HMPVA,708,1.0135000000000001,-0.44890397240458441
HMPVA,709,1.02,-0.44601090464003562
HMPVA,710,1.0135000000000001,-0.44890397240458441
HMPVA,711,0.99849999999999994,-0.45558028263046629
HMPVA,712,0.97599999999999998,-0.46559474796928901
HMPVA,713,0.9355,-0.48362078557916993
HMPVA,714,0.90749999999999997,-0.49608323133414939
HMPVA,715,0.88650000000000007,-0.50543006565038384
HMPVA,716,0.872,-0.51188383220206968
HMPVA,717,0.871,-0.51232891955046178
HMPVA,718,0.871,-0.51232891955046178
HMPVA,719,0.87450000000000006,-0.51077111383108931
HMPVA,720,0.88300000000000001,-0.50698787136975632
HMPVA,721,0.89500000000000002,-0.50164682318905085
HMPVA,722,0.91100000000000003,-0.49452542561477691
HMPVA,723,0.93049999999999988,-0.48584622232113062
HMPVA,724,0.95300000000000007,-0.47583175698230779
HMPVA,725,0.97350000000000003,-0.46670746634026927
HMPVA,726,1.0070000000000001,-0.45179704016913319
HMPVA,727,1.0459999999999998,-0.43443863358184054
HMPVA,728,1.0880000000000001,-0.4157449649493713
HMPVA,729,1.137,-0.39393568487815733
HMPVA,730,1.1655,-0.38125069544898194
HMPVA,731,1.1795,-0.37501947257149215
HMPVA,732,1.1835,-0.37323912317792374
HMPVA,733,1.159,-0.38414376321353072
HMPVA,734,1.1120000000000001,-0.40506286858796037
HMPVA,735,1.0425,-0.4359964393012129
HMPVA,736,0.93649999999999989,-0.48317569823077788
HMPVA,737,0.84199999999999997,-0.52523645265383334
HMPVA,738,0.751,-0.56573940135751644
HMPVA,739,0.66700000000000004,-0.60312673862245458
HMPVA,740,0.59600000000000009,-0.63472794035829527
HMPVA,741,0.53049999999999997,-0.66388116167797939
HMPVA,742,0.47400000000000003,-0.68902859686213414
HMPVA,743,0.42499999999999999,-0.71083787693334821
HMPVA,744,0.39350000000000002,-0.72485812840770003
HMPVA,745,0.34949999999999998,-0.74444197173695348
HMPVA,746,0.30299999999999999,-0.76513853343718707
HMPVA,747,0.2535,-0.78717035718259709
HMPVA,748,0.1925,-0.81432068543451652
HMPVA,749,0.151,-0.8327918103927896
HMPVA,750,0.12,-0.84658951819294537
HMPVA,751,0.10000000000000001,-0.85549126516078777
HMPVA,752,0.092999999999999999,-0.85860687659953272
HMPVA,753,0.092499999999999999,-0.85882942027372877
HMPVA,754,0.099500000000000005,-0.85571380883498394
HMPVA,755,0.11149999999999999,-0.85037276065427847
HMPVA,756,0.13400000000000001,-0.84035829531545569
HMPVA,757,0.13850000000000001,-0.83835540224769112
HMPVA,758,0.13600000000000001,-0.83946812061867138
HMPVA,759,0.1105,-0.85081784800267057
HMPVA,760,0.10100000000000001,-0.85504617781239567
HMPVA,761,0.098500000000000004,-0.85615889618337604
HMPVA,762,0.10200000000000001,-0.85460109046400357
HMPVA,763,0.128,-0.84302881940580843
HMPVA,764,0.13250000000000001,-0.84102592633804385
HMPVA,765,0.128,-0.84302881940580843
HMPVA,766,0.1135,-0.84948258595749415
HMPVA,767,0.075499999999999998,-0.86639590519639487
HMPVA,768,0.056500000000000002,-0.87485256481584517
HMPVA,769,0.043999999999999997,-0.88041615667074669
HMPVA,770,0.039,-0.88264159341270731
HMPVA,771,0.049499999999999995,-0.87796817625459
HMPVA,772,0.048500000000000001,-0.87841326360298211
HMPVA,773,0.044500000000000005,-0.88019361299655063
HMPVA,774,0.035999999999999997,-0.88397685545788363
HMPVA,775,0.027499999999999997,-0.88776009791921662
HMPVA,776,0.0075000000000000006,-0.89666184488705913
HMPVA,777,-0.016500000000000001,-0.90734394124847007
HMPVA,778,-0.069500000000000006,-0.93093357071325245
HMPVA,779,-0.08199999999999999,-0.93649716256815396
HMPVA,780,-0.068000000000000005,-0.93026593969066429
HMPVA,781,-0.028000000000000001,-0.91246244575497948
HMPVA,782,0.071000000000000008,-0.86839879826415933
HMPVA,783,0.13850000000000001,-0.83835540224769112
HMPVA,784,0.19450000000000001,-0.81343051073773232
HMPVA,785,0.23399999999999999,-0.79584956047624344
HMPVA,786,0.24399999999999999,-0.7913986869923223
HMPVA,787,0.25750000000000001,-0.78539000778902857
HMPVA,788,0.26500000000000001,-0.78205185267608768
HMPVA,789,0.27100000000000002,-0.77938132858573494
HMPVA,790,0.26650000000000001,-0.78138422165349952
HMPVA,791,0.28400000000000003,-0.77359519305663738
HMPVA,792,0.314,-0.76024257260487371
HMPVA,793,0.35650000000000004,-0.74132636029820853
HMPVA,794,0.42449999999999999,-0.71106042060754426
HMPVA,795,0.46950000000000003,-0.69103148992989882
HMPVA,796,0.50800000000000001,-0.67389562701680206
HMPVA,797,0.53899999999999992,-0.66009791921664629
HMPVA,798,0.55600000000000005,-0.65253143429398019
HMPVA,799,0.58499999999999996,-0.63962390119060863
HMPVA,800,0.61850000000000005,-0.6247134750194725
HMPVA,801,0.65500000000000003,-0.60846778680316016
HMPVA,802,0.69900000000000007,-0.58888394347390682
HMPVA,803,0.74950000000000006,-0.56640703238010459
HMPVA,804,0.80699999999999994,-0.54081450984755763
HMPVA,805,0.872,-0.51188383220206968
HMPVA,806,0.93500000000000005,-0.48384332925336598
HMPVA,807,0.99649999999999994,-0.4564704573272505
HMPVA,808,1.0545,-0.43065539112050744
HMPVA,809,1.1099999999999999,-0.40595304328474474
HMPVA,810,1.1535,-0.3865917436296874
HMPVA,811,1.1859999999999999,-0.37212640480694337
HMPVA,812,1.208,-0.36233448314231675
HMPVA,813,1.2214999999999998,-0.35632580393902313
HMPVA,814,1.2214999999999998,-0.35632580393902313
HMPVA,815,1.214,-0.35966395905196402
HMPVA,816,1.1815,-0.37412929787470794
HMPVA,817,1.1755,-0.37679982196506068
HMPVA,818,1.1875,-0.37145877378435521
HMPVA,819,1.2195,-0.35721597863580734
HMPVA,820,1.2869999999999999,-0.32717258261933913
HMPVA,821,1.3445,-0.30158006008679206
HMPVA,822,1.4005000000000001,-0.27665516857683314
HMPVA,823,1.4504999999999999,-0.25440080115722719
HMPVA,824,1.4965000000000002,-0.23392678313118942
HMPVA,825,1.5225,-0.22235451207299439
HMPVA,826,1.5314999999999999,-0.21834872593746535
HMPVA,827,1.5249999999999999,-0.22124179370201413
HMPVA,828,1.4895,-0.23704239456993437
HMPVA,829,1.4704999999999999,-0.24549905418938478
HMPVA,830,1.4550000000000001,-0.25239790808946261
HMPVA,831,1.4419999999999999,-0.25818404361856018
HMPVA,832,1.4464999999999999,-0.25618115055079571
HMPVA,833,1.4220000000000002,-0.26708579058640258
HMPVA,834,1.3879999999999999,-0.28221876043173477
HMPVA,835,1.3294999999999999,-0.30825637031267394
HMPVA,836,1.2875000000000001,-0.32695003894514296
HMPVA,837,1.2555000000000001,-0.34119283409369083
HMPVA,838,1.2364999999999999,-0.34964949371314125
HMPVA,839,1.232,-0.35165238678090582
HMPVA,840,1.2429999999999999,-0.34675642594859246
HMPVA,841,1.268,-0.33562924223878943
HMPVA,842,1.3049999999999999,-0.31916101034828093
HMPVA,843,1.3620000000000001,-0.29379103148992991
HMPVA,844,1.4035000000000002,-0.27531990653165683
HMPVA,845,1.4375,-0.26018693668632475
HMPVA,846,1.46,-0.25017247134750198
HMPVA,847,1.4670000000000001,-0.24705685990875703
HMPVA,848,1.472,-0.24483142316679651
HMPVA,849,1.47,-0.24572159786358072
HMPVA,850,1.4615,-0.24950484032491382
HMPVA,851,1.4455,-0.2566262378991877
HMPVA,852,1.421,-0.26753087793479469
HMPVA,853,1.3904999999999998,-0.28110604206075451
HMPVA,854,1.3545,-0.2971291866028708
HMPVA,855,1.3094999999999999,-0.31715811728051635
HMPVA,856,1.2585000000000002,-0.33985757204851452
HMPVA,857,1.202,-0.36500500723266949
HMPVA,858,1.141,-0.39215533548458892
HMPVA,859,1.0800000000000001,-0.41930566373650829
HMPVA,860,1.022,-0.44512072994325136
HMPVA,861,0.96799999999999997,-0.46915544675642601
HMPVA,862,0.90900000000000003,-0.49541560031156118
HMPVA,863,0.88700000000000001,-0.50520752197618779
HMPVA,864,0.88749999999999996,-0.50498497830199174
HMPVA,865,0.93700000000000006,-0.48295315455658172
HMPVA,866,0.95849999999999991,-0.47338377656615116
HMPVA,867,0.96499999999999997,-0.47049070880160238
HMPVA,868,0.95350000000000001,-0.47560921330811173
HMPVA,869,0.90400000000000003,-0.49764103705352175
HMPVA,870,0.86450000000000005,-0.51522198731501057
HMPVA,871,0.82350000000000001,-0.53347056859908759
HMPVA,872,0.78449999999999998,-0.55082897518638041
HMPVA,873,0.74750000000000005,-0.56729720707688891
HMPVA,874,0.72249999999999992,-0.57842439078669194
HMPVA,875,0.70750000000000002,-0.58510070101257372
HMPVA,876,0.70300000000000007,-0.58710359408033819
HMPVA,877,0.71099999999999997,-0.58354289529320136
HMPVA,878,0.71649999999999991,-0.58109491487704468
HMPVA,879,0.72099999999999997,-0.5790920218092801
HMPVA,880,0.73099999999999998,-0.57464114832535884
HMPVA,881,0.72649999999999992,-0.57664404139312353
HMPVA,882,0.71150000000000002,-0.58332035161900531
HMPVA,883,0.68500000000000005,-0.5951151663513965
HMPVA,884,0.63250000000000006,-0.61848225214198282
HMPVA,885,0.59850000000000003,-0.63361522198731501
HMPVA,886,0.57199999999999995,-0.64541003671970631
HMPVA,887,0.55349999999999999,-0.65364415266496056
HMPVA,888,0.5585,-0.65141871592299994
HMPVA,889,0.53900000000000003,-0.66009791921664629
HMPVA,890,0.50849999999999995,-0.673673083342606
HMPVA,891,0.46799999999999997,-0.69169912095248698
HMPVA,892,0.40749999999999997,-0.71862690553021036
HMPVA,893,0.36349999999999999,-0.73821074885946369
HMPVA,894,0.32550000000000001,-0.7551240680983643
HMPVA,895,0.30299999999999999,-0.76513853343718707
HMPVA,896,0.27249999999999996,-0.77871369756314679
HMPVA,897,0.23949999999999999,-0.79340158006008688
HMPVA,898,0.20500000000000002,-0.80875709357961501
HMPVA,899,0.16149999999999998,-0.82811839323467229
HMPVA,900,0.13,-0.84213864470902422
HMPVA,901,0.10550000000000001,-0.8530432847446312
HMPVA,902,0.087999999999999995,-0.86083231334149324
HMPVA,903,0.082500000000000004,-0.86328029375764992
HMPVA,904,0.077499999999999999,-0.86550573049961055
HMPVA,905,0.074999999999999997,-0.86661844887059092
HMPVA,906,0.075999999999999998,-0.8661733615221987
HMPVA,907,0.080000000000000002,-0.86439301212863029
HMPVA,908,0.084999999999999992,-0.86216757538666966
HMPVA,909,0.091999999999999998,-0.85905196394792482
HMPVA,910,0.097000000000000003,-0.85682652720596419
HMPVA,911,0.1115,-0.85037276065427847
HMPVA,912,0.13300000000000001,-0.8408033826638478
HMPVA,913,0.16099999999999998,-0.82834093690886834
HMPVA,914,0.20150000000000001,-0.81031489929898748
HMPVA,915,0.23699999999999999,-0.79451429843106713
HMPVA,916,0.27249999999999996,-0.77871369756314679
HMPVA,917,0.3075,-0.7631356403694225
HMPVA,918,0.33750000000000002,-0.74978301991765883
HMPVA,919,0.3785,-0.73153443863358181
HMPVA,920,0.42549999999999999,-0.71061533325915216
HMPVA,921,0.48150000000000004,-0.68569044174919325
HMPVA,922,0.53350000000000009,-0.66254589963280286
HMPVA,923,0.58250000000000002,-0.640736619561589
HMPVA,924,0.627,-0.62093023255813962
HMPVA,925,0.66650000000000009,-0.60334928229665064
HMPVA,926,0.69950000000000001,-0.58866139979971077
HMPVA,927,0.72699999999999998,-0.57642149771892737
HMPVA,928,0.749,-0.56662957605430075
HMPVA,929,0.76200000000000001,-0.56084344052520307
HMPVA,930,0.78100000000000003,-0.55238678090575277
HMPVA,931,0.80099999999999993,-0.54348503393791037
HMPVA,932,0.82250000000000001,-0.53391565594747969
HMPVA,933,0.85099999999999998,-0.52123066651830419
HMPVA,934,0.86699999999999999,-0.51410926894403031
HMPVA,935,0.879,-0.50876822076332484
HMPVA,936,0.878,-0.50921330811171694
HMPVA,937,0.88800000000000001,-0.50476243462779569
HMPVA,938,0.90300000000000002,-0.49808612440191391
HMPVA,939,0.92399999999999993,-0.48873929008567935
HMPVA,940,0.95699999999999996,-0.47405140758873932
HMPVA,941,0.98250000000000004,-0.46270168020474017
HMPVA,942,1.0044999999999999,-0.45290975854011356
HMPVA,943,1.024,-0.44423055524646715
HMPVA,944,1.0355000000000001,-0.43911205073995768
HMPVA,945,1.0529999999999999,-0.43132302214309565
HMPVA,946,1.0714999999999999,-0.4230889061978414
HMPVA,947,1.0974999999999999,-0.4115166351396462
HMPVA,948,1.1120000000000001,-0.40506286858796037
HMPVA,949,1.1200000000000001,-0.40150216980082337
HMPVA,950,1.1200000000000001,-0.40150216980082337
HMPVA,951,1.1065,-0.40751084900411705
HMPVA,952,1.1025,-0.40929119839768557
HMPVA,953,1.101,-0.40995882942027378
HMPVA,954,1.1025,-0.40929119839768557
HMPVA,955,1.111,-0.40550795593635253
HMPVA,956,1.1135000000000002,-0.40439523756537216
HMPVA,957,1.113,-0.40461778123956832
HMPVA,958,1.1120000000000001,-0.40506286858796037
HMPVA,959,1.1019999999999999,-0.40951374207188168
HMPVA,960,1.0855000000000001,-0.41685768332035161
HMPVA,961,1.0620000000000001,-0.42731723600756649
HMPVA,962,1.0295000000000001,-0.44178257483031041
HMPVA,963,0.99849999999999994,-0.45558028263046629
HMPVA,964,0.96799999999999997,-0.46915544675642601
HMPVA,965,0.93900000000000006,-0.48206297985979751
HMPVA,966,0.90949999999999998,-0.49519305663736513
HMPVA,967,0.89050000000000007,-0.50364971625681543
HMPVA,968,0.87850000000000006,-0.50899076443752089
HMPVA,969,0.88400000000000001,-0.50654278402136421
HMPVA,970,0.87450000000000006,-0.51077111383108931
HMPVA,971,0.85599999999999998,-0.51900522977634367
HMPVA,972,0.82800000000000007,-0.53146767553132301
HMPVA,973,0.77849999999999997,-0.55349949927673303
HMPVA,974,0.74449999999999994,-0.56863246912206522
HMPVA,975,0.71649999999999991,-0.58109491487704468
HMPVA,976,0.69599999999999995,-0.59021920551908313
HMPVA,977,0.6895,-0.59311227328363192
HMPVA,978,0.67749999999999999,-0.59845332146433738
HMPVA,979,0.66600000000000004,-0.6035718259708468
HMPVA,980,0.65450000000000008,-0.6086903304773561
HMPVA,981,0.64549999999999996,-0.61269611661288526
HMPVA,982,0.63850000000000007,-0.6158117280516302
HMPVA,983,0.63450000000000006,-0.61759207744519862
HMPVA,984,0.63300000000000001,-0.61825970846778677
HMPVA,985,0.63749999999999996,-0.61625681540002231
HMPVA,986,0.64850000000000008,-0.61136085456770894
HMPVA,987,0.66599999999999993,-0.60357182597084691
HMPVA,988,0.69199999999999995,-0.59199955491265166
HMPVA,989,0.72199999999999998,-0.578646934460888
HMPVA,990,0.75750000000000006,-0.56284633359296765
HMPVA,991,0.81200000000000006,-0.53858907310559689
HMPVA,992,0.85799999999999998,-0.51811505507955946
HMPVA,993,0.90749999999999997,-0.49608323133414939
HMPVA,994,0.96550000000000002,-0.47026816512740627
HMPVA,995,0.98599999999999999,-0.46114387448536781
HMPVA,996,1.1234999999999999,-0.39994436408145106
HMPVA,997,1.3325,-0.30692110826749752
HMPVA,998,1.605,-0.18563480583064429
HMPVA,999,1.9674999999999998,-0.024290642038500176
HMPVA,1000,2.2675000000000001,0.10923556247913646
HMPVA,1001,2.5310000000000001,0.22651607878046065
HMPVA,1002,2.7869999999999999,0.34045843996884384
HMPVA,1003,2.8920000000000003,0.38719261155001672
HMPVA,1004,2.8689999999999998,0.37695560253699767
HMPVA,1005,2.7204999999999999,0.31086013130076762
HMPVA,1006,2.3819999999999997,0.16019806387003432
HMPVA,1007,2.0895000000000001,0.030010014465338797
HMPVA,1008,1.7949999999999999,-0.10106820963614116
HMPVA,1009,1.5169999999999999,-0.22480249248915107
HMPVA,1010,1.2774999999999999,-0.33140091242906433
HMPVA,1011,1.0645,-0.42620451763658623
HMPVA,1012,0.89050000000000007,-0.50364971625681543
HMPVA,1013,0.77600000000000002,-0.5546122176477134
HMPVA,1014,0.66900000000000004,-0.60223656392567038
HMPVA,1015,0.57999999999999996,-0.64184933793256937
HMPVA,1016,0.505,-0.67523088906197848
HMPVA,1017,0.442,-0.70327139201068212
HMPVA,1018,0.38750000000000001,-0.72752865249805276
HMPVA,1019,0.34050000000000002,-0.74844775787248252
HMPVA,1020,0.28949999999999998,-0.77114721264048069
HMPVA,1021,0.26350000000000001,-0.78271948369867594
HMPVA,1022,0.25650000000000001,-0.78583509513742078
HMPVA,1023,0.26900000000000002,-0.78027150328251915
HMPVA,1024,0.31,-0.76202292199844224
HMPVA,1025,0.34499999999999997,-0.74644486480471794
HMPVA,1026,0.3795,-0.7310893512851897
HMPVA,1027,0.41200000000000003,-0.71662401246244578
HMPVA,1028,0.432,-0.70772226549460338
HMPVA,1029,0.46050000000000002,-0.69503727606542787
HMPVA,1030,0.48849999999999999,-0.68257483031044841
HMPVA,1031,0.52700000000000002,-0.66543896739735175
HMPVA,1032,0.53800000000000003,-0.66054300656503839
HMPVA,1033,0.52849999999999997,-0.6647713363747636
HMPVA,1034,0.4975,-0.67856904417491937
HMPVA,1035,0.4355,-0.7061644597752309
HMPVA,1036,0.3755,-0.73286970067875823
HMPVA,1037,0.3125,-0.76091020362746198
HMPVA,1038,0.2505,-0.78850561922777351
HMPVA,1039,0.1885,-0.81610103482808505
HMPVA,1040,0.14050000000000001,-0.83746522755090691
HMPVA,1041,0.10400000000000001,-0.85371091576721936
HMPVA,1042,0.086499999999999994,-0.8614999443640815
HMPVA,1043,0.067500000000000004,-0.86995660398353181
HMPVA,1044,0.051000000000000004,-0.87730054523200185
HMPVA,1045,0.036499999999999998,-0.88375431178368757
HMPVA,1046,0.021999999999999999,-0.8902080783353733
HMPVA,1047,0.0094999999999999998,-0.89577167019027482
HMPVA,1048,-0.00049999999999999871,-0.90022254367419607
HMPVA,1049,-0.01,-0.90445087348392128
HMPVA,1050,-0.016,-0.90712139757427401
HMPVA,1051,-0.018499999999999999,-0.90823411594525427
HMPVA,1052,-0.017999999999999999,-0.90801157227105822
HMPVA,1053,-0.014999999999999999,-0.9066763102258818
HMPVA,1054,-0.0069999999999999993,-0.90311561143874486
HMPVA,1055,0.0045000000000000005,-0.89799710693223544
HMPVA,1056,0.018500000000000003,-0.89176588405474577
HMPVA,1057,0.040000000000000001,-0.8821965060643151
HMPVA,1058,0.051999999999999998,-0.87685545788360963
HMPVA,1059,0.060999999999999999,-0.87284967174808059
HMPVA,1060,0.056999999999999995,-0.87463002114164912
HMPVA,1061,0.068000000000000005,-0.86973406030933575
HMPVA,1062,0.088999999999999996,-0.86038722599310113
HMPVA,1063,0.1205,-0.84636697451874932
HMPVA,1064,0.17049999999999998,-0.82411260709914325
HMPVA,1065,0.21050000000000002,-0.80630911316345832
HMPVA,1066,0.2465,-0.79028596862134193
HMPVA,1067,0.27200000000000002,-0.77893624123734284
HMPVA,1068,0.30149999999999999,-0.76580616445977523
HMPVA,1069,0.33099999999999996,-0.75267608768220762
HMPVA,1070,0.36149999999999999,-0.7391009235562479
HMPVA,1071,0.39449999999999996,-0.72441304105930793
HMPVA,1072,0.42549999999999999,-0.71061533325915216
HMPVA,1073,0.45550000000000002,-0.6972627128073885
HMPVA,1074,0.48349999999999999,-0.68480026705240904
HMPVA,1075,0.51300000000000001,-0.67167019027484143
HMPVA,1076,0.53150000000000008,-0.66343607432958718
HMPVA,1077,0.54500000000000004,-0.65742739512629356
HMPVA,1078,0.53849999999999998,-0.66032046289084234
HMPVA,1079,0.55499999999999994,-0.65297652164237241
HMPVA,1080,0.58450000000000002,-0.63984644486480469
HMPVA,1081,0.627,-0.62093023255813962
HMPVA,1082,0.70300000000000007,-0.58710359408033819
HMPVA,1083,0.74049999999999994,-0.57041281851563375
HMPVA,1084,0.76150000000000007,-0.56106598419939913
HMPVA,1085,0.74150000000000005,-0.56996773116724153
HMPVA,1086,0.73849999999999993,-0.57130299321241806
HMPVA,1087,0.74399999999999999,-0.56885501279626127
HMPVA,1088,0.76049999999999995,-0.56151107154779134
HMPVA,1089,0.79849999999999999,-0.54459775230889063
HMPVA,1090,0.83050000000000002,-0.53035495716034275
HMPVA,1091,0.86399999999999999,-0.51544453098920662
HMPVA,1092,0.89500000000000002,-0.50164682318905085
HMPVA,1093,0.92700000000000005,-0.48740402804050298
HMPVA,1094,0.9415,-0.4809502614888172
HMPVA,1095,0.94450000000000001,-0.47961499944364083
HMPVA,1096,0.92100000000000004,-0.49007455213085571
HMPVA,1097,0.91700000000000004,-0.49185490152442418
HMPVA,1098,0.92149999999999999,-0.48985200845665966
HMPVA,1099,0.9355,-0.48362078557916993
HMPVA,1100,0.97299999999999998,-0.46693001001446538
HMPVA,1101,0.98299999999999987,-0.46247913653054418
HMPVA,1102,0.98099999999999987,-0.46336931122732844
HMPVA,1103,0.95300000000000007,-0.47583175698230779
HMPVA,1104,0.9365,-0.48317569823077783
HMPVA,1105,0.92449999999999999,-0.48851674641148329
HMPVA,1106,0.91999999999999993,-0.49051963947924787
HMPVA,1107,0.92900000000000005,-0.48651385334371872
HMPVA,1108,0.93399999999999994,-0.48428841660175814
HMPVA,1109,0.94100000000000006,-0.48117280516301325
HMPVA,1110,0.94650000000000001,-0.47872482474685657
HMPVA,1111,0.95550000000000002,-0.47471903861132747
HMPVA,1112,0.96799999999999997,-0.46915544675642601
HMPVA,1113,0.98199999999999998,-0.46292422387893628
HMPVA,1114,1.002,-0.45402247691109382
HMPVA,1115,1.0169999999999999,-0.44734616668521204
HMPVA,1116,1.0299999999999998,-0.44156003115611447
HMPVA,1117,1.0419999999999998,-0.43621898297540901
HMPVA,1118,1.0455000000000001,-0.43466117725603648
HMPVA,1119,1.071,-0.42331144987203745
HMPVA,1120,1.1065,-0.40751084900411705
HMPVA,1121,1.1644999999999999,-0.38169578279737404
HMPVA,1122,1.2065000000000001,-0.3630021141649048
HMPVA,1123,1.2395,-0.34831423166796482
HMPVA,1124,1.262,-0.33829976632914216
HMPVA,1125,1.2665,-0.33629687326137758
HMPVA,1126,1.2715000000000001,-0.33407143651941695
HMPVA,1127,1.2709999999999999,-0.33429398019361312
HMPVA,1128,1.2679999999999998,-0.33562924223878954
HMPVA,1129,1.254,-0.3418604651162791
HMPVA,1130,1.2315,-0.35187493045510188
HMPVA,1131,1.1995,-0.36611772560364975
HMPVA,1132,1.1585000000000001,-0.38436630688772666
HMPVA,1133,1.1120000000000001,-0.40506286858796037
HMPVA,1134,1.0600000000000001,-0.42820741070435075
HMPVA,1135,1.0044999999999999,-0.45290975854011356
HMPVA,1136,0.94399999999999995,-0.47983754311783694
HMPVA,1137,0.879,-0.50876822076332484
HMPVA,1138,0.8115,-0.53881161677979306
HMPVA,1139,0.74550000000000005,-0.56818738177367312
HMPVA,1140,0.67100000000000004,-0.60134638922888617
HMPVA,1141,0.62,-0.62404584399688434
HMPVA,1142,0.56400000000000006,-0.64897073550684325
HMPVA,1143,0.51449999999999996,-0.67100255925225327
HMPVA,1144,0.46850000000000003,-0.69147657727829093
HMPVA,1145,0.42649999999999999,-0.71017024591076006
HMPVA,1146,0.39300000000000002,-0.72508067208189608
HMPVA,1147,0.35050000000000003,-0.74399688438856126
HMPVA,1148,0.30249999999999999,-0.76536107711138313
HMPVA,1149,0.24349999999999999,-0.79162123066651835
HMPVA,1150,0.1885,-0.81610103482808505
HMPVA,1151,0.13550000000000001,-0.83969066429286754
HMPVA,1152,0.086999999999999994,-0.86127740068988545
HMPVA,1153,0.044499999999999998,-0.88019361299655063
HMPVA,1154,0.00099999999999999915,-0.89955491265160792
HMPVA,1155,-0.0034999999999999996,-0.9015578057193725
HMPVA,1156,-0.0065000000000000006,-0.90289306776454881
HMPVA,1157,-0.010999999999999999,-0.90489596083231338
HMPVA,1158,-0.013000000000000001,-0.90578613552909759
HMPVA,1159,-0.014999999999999999,-0.9066763102258818
HMPVA,1160,-0.019000000000000003,-0.90845665961945032
HMPVA,1161,-0.021999999999999999,-0.90979192166462675
HMPVA,1162,-0.0235,-0.9104595526872149
HMPVA,1163,-0.0235,-0.9104595526872149
HMPVA,1164,-0.0235,-0.9104595526872149
HMPVA,1165,-0.016,-0.90712139757427401
HMPVA,1166,-0.002,-0.90089017469678423
HMPVA,1167,0.021000000000000001,-0.89065316568376551
HMPVA,1168,0.041000000000000002,-0.881751418715923
HMPVA,1169,0.060999999999999999,-0.87284967174808059
HMPVA,1170,0.080500000000000002,-0.86417046845443424
HMPVA,1171,0.095000000000000001,-0.8577167019027484
HMPVA,1172,0.113,-0.8497051296316902
HMPVA,1173,0.13150000000000001,-0.84147101368643595
HMPVA,1174,0.153,-0.83190163569600539
HMPVA,1175,0.16650000000000001,-0.82589295649271177
HMPVA,1176,0.17499999999999999,-0.82210971403137867
HMPVA,1177,0.17699999999999999,-0.82121953933459446
HMPVA,1178,0.17299999999999999,-0.82299988872816288
HMPVA,1179,0.16749999999999998,-0.82544786914431956
HMPVA,1180,0.1595,-0.82900856793145661
HMPVA,1181,0.14400000000000002,-0.83590742183153444
HMPVA,1182,0.14500000000000002,-0.83546233448314233
HMPVA,1183,0.159,-0.82923111160565266
HMPVA,1184,0.1845,-0.81788138422165346
HMPVA,1185,0.23499999999999999,-0.79540447312785134
HMPVA,1186,0.26200000000000001,-0.7833871147212641
HMPVA,1187,0.27850000000000003,-0.77604317347279406
HMPVA,1188,0.27100000000000002,-0.77938132858573494
HMPVA,1189,0.28300000000000003,-0.77404028040502948
HMPVA,1190,0.308,-0.76291309669522644
HMPVA,1191,0.34799999999999998,-0.74510960275954163
HMPVA,1192,0.41049999999999998,-0.71729164348503394
HMPVA,1193,0.47499999999999998,-0.68858350951374214
HMPVA,1194,0.54800000000000004,-0.65609213308111713
HMPVA,1195,0.62650000000000006,-0.62115277623233567
HMPVA,1196,0.71250000000000002,-0.5828752642706132
HMPVA,1197,0.80249999999999999,-0.5428174029153221
HMPVA,1198,0.89700000000000002,-0.50075664849226664
HMPVA,1199,0.99199999999999999,-0.45847335039501508
HMPVA,1200,1.0874999999999999,-0.41596750862356746
HMPVA,1201,1.1779999999999999,-0.37568710359408042
HMPVA,1202,1.27,-0.33473906754200511
HMPVA,1203,1.3414999999999999,-0.30291532213196848
HMPVA,1204,1.3955000000000002,-0.27888060531879377
HMPVA,1205,1.4315,-0.26285746077667749
HMPVA,1206,1.4399999999999999,-0.25907421831534438
HMPVA,1207,1.45,-0.25462334483142324
HMPVA,1208,1.4535,-0.25306553911205076
HMPVA,1209,1.4615,-0.24950484032491382
HMPVA,1210,1.448,-0.25551351952820744
HMPVA,1211,1.419,-0.268421052631579
HMPVA,1212,1.3774999999999999,-0.28689217758985208
HMPVA,1213,1.3145,-0.31493268053855572
HMPVA,1214,1.2734999999999999,-0.33318126182263275
HMPVA,1215,1.244,-0.34631133860020036
HMPVA,1216,1.238,-0.34898186269055309
HMPVA,1217,1.2305000000000001,-0.35232001780349387
HMPVA,1218,1.2275,-0.35365527984867029
HMPVA,1219,1.2290000000000001,-0.35298764882608213
HMPVA,1220,1.2294999999999998,-0.35276510515188619
HMPVA,1221,1.2469999999999999,-0.34497607655502405
HMPVA,1222,1.2749999999999999,-0.33251363080004459
HMPVA,1223,1.3205,-0.31226215644820299
HMPVA,1224,1.3624999999999998,-0.29356848781573397
HMPVA,1225,1.405,-0.27465227550906868
HMPVA,1226,1.4470000000000001,-0.25595860687659955
HMPVA,1227,1.4824999999999999,-0.24015800600867931
HMPVA,1228,1.5310000000000001,-0.21857126961166129
HMPVA,1229,1.5859999999999999,-0.1940914654500947
HMPVA,1230,1.6525000000000001,-0.16449315678201848
HMPVA,1231,1.7124999999999999,-0.13778791587849126
HMPVA,1232,1.7705000000000002,-0.11197284967174803
HMPVA,1233,1.8239999999999998,-0.088160676532769711
HMPVA,1234,1.8714999999999999,-0.067019027484143789
HMPVA,1235,1.9180000000000001,-0.046322465783910083
HMPVA,1236,1.9615,-0.026961166128852798
HMPVA,1237,2,-0.0098253032157561426
HMPVA,1238,2.0430000000000001,0.0093134527651052013
HMPVA,1239,2.089,0.029787470791142745
HMPVA,1240,2.1429999999999998,0.053822187604317229
HMPVA,1241,2.1915,0.075408924001335254
HMPVA,1242,2.2359999999999998,0.095215311004784531
HMPVA,1243,2.2744999999999997,0.11235117391788119
HMPVA,1244,2.3025000000000002,0.12481361967286075
HMPVA,1245,2.3339999999999996,0.13883387114721246
HMPVA,1246,2.3635000000000002,0.15196394792478018
HMPVA,1247,2.4005000000000001,0.16843217981528869
HMPVA,1248,2.4234999999999998,0.17866918882830751
HMPVA,1249,2.4370000000000003,0.18467786803160136
HMPVA,1250,2.4394999999999998,0.18579058640258139
HMPVA,1251,2.4239999999999999,0.17889173250250356
HMPVA,1252,2.4180000000000001,0.17622120841215094
HMPVA,1253,2.4160000000000004,0.17533103371536674
HMPVA,1254,2.4224999999999999,0.17822410147991541
HMPVA,1255,2.4289999999999998,0.18111716924446408
HMPVA,1256,2.4370000000000003,0.18467786803160136
HMPVA,1257,2.4445000000000001,0.18801602314454213
HMPVA,1258,2.4530000000000003,0.19179926560587524
HMPVA,1259,2.4530000000000003,0.19179926560587524
HMPVA,1260,2.4445000000000001,0.18801602314454213
HMPVA,1261,2.4255,0.17955936352509172
HMPVA,1262,2.4024999999999999,0.16932235451207289
HMPVA,1263,2.3745000000000003,0.15685990875709377
HMPVA,1264,2.3414999999999999,0.14217202626015346
HMPVA,1265,2.3035000000000001,0.12525870702125286
HMPVA,1266,2.2614999999999998,0.10656503838878362
HMPVA,1267,2.2145000000000001,0.085645933014354081
HMPVA,1268,2.1659999999999999,0.064059196617336056
HMPVA,1269,2.1064999999999996,0.037576499388004669
HMPVA,1270,2.0380000000000003,0.0070880160231445721
HMPVA,1271,1.9615,-0.026961166128852798
HMPVA,1272,1.8759999999999999,-0.065016134416379323
HMPVA,1273,1.7865,-0.10485145209747415
HMPVA,1274,1.694,-0.14602203182374551
HMPVA,1275,1.5954999999999999,-0.1898631356403695
HMPVA,1276,1.5055000000000001,-0.22992099699566038
HMPVA,1277,1.4219999999999999,-0.26708579058640269
HMPVA,1278,1.3515000000000001,-0.29846444864804711
HMPVA,1279,1.2810000000000001,-0.32984310670969175
HMPVA,1280,1.2130000000000001,-0.36010904640035601
HMPVA,1281,1.1455,-0.39015244241682434
HMPVA,1282,1.0765,-0.42086346945588071
HMPVA,1283,1.0125000000000002,-0.44934905975297645
HMPVA,1284,0.95199999999999996,-0.47627684433069994
HMPVA,1285,0.89799999999999991,-0.50031156114387454
HMPVA,1286,0.84499999999999997,-0.52390119060865703
HMPVA,1287,0.79549999999999998,-0.54593301435406705
HMPVA,1288,0.75049999999999994,-0.5659619450317126
HMPVA,1289,0.69100000000000006,-0.59244464226104365
HMPVA,1290,0.70100000000000007,-0.58799376877712251
HMPVA,1291,0.71150000000000002,-0.58332035161900531
HMPVA,1292,0.72399999999999998,-0.57775675976410379
HMPVA,1293,0.73550000000000004,-0.57263825525759438
HMPVA,1294,0.74500000000000011,-0.56840992544786917
HMPVA,1295,0.75449999999999995,-0.56418159563814396
HMPVA,1296,0.7609999999999999,-0.56128852787359529
HMPVA,1297,0.77449999999999997,-0.55527984867030167
HMPVA,1298,0.79200000000000004,-0.54749082007343941
HMPVA,1299,0.81600000000000006,-0.53680872371202848
HMPVA,1300,0.83750000000000002,-0.52723934572159781
HMPVA,1301,0.85749999999999993,-0.51833759875375551
HMPVA,1302,0.875,-0.51054857015689326
HMPVA,1303,0.89300000000000002,-0.50253699788583517
HMPVA,1304,0.9415,-0.4809502614888172
HMPVA,1305,0.99649999999999994,-0.4564704573272505
HMPVA,1306,1.0785,-0.4199732947590965
HMPVA,1307,1.1435,-0.39104261711360855
HMPVA,1308,1.2055,-0.36344720151329701
HMPVA,1309,1.2589999999999999,-0.33963502837431858
HMPVA,1310,1.3174999999999999,-0.31359741849337941
HMPVA,1311,1.379,-0.28622454656726382
HMPVA,1312,1.4435,-0.25751641259597202
HMPVA,1313,1.51,-0.22791810392789591
HMPVA,1314,1.5840000000000001,-0.1949816401468788
HMPVA,1315,1.661,-0.16070991432068549
HMPVA,1316,1.7515000000000001,-0.12042950929119844
HMPVA,1317,1.8194999999999999,-0.090163569600534177
HMPVA,1318,1.871,-0.067241571158339841
HMPVA,1319,1.905,-0.052108601313007652
HMPVA,1320,1.9119999999999999,-0.048992989874262927
HMPVA,1321,1.9350000000000001,-0.038755980861243988
HMPVA,1322,1.9624999999999999,-0.026516078780460695
HMPVA,1323,2.004,-0.0080449538221876171
HMPVA,1324,2.032,0.0044174919327918394
HMPVA,1325,2.0540000000000003,0.014209413597418563
HMPVA,1326,2.0655000000000001,0.019327918103927866
HMPVA,1327,2.0750000000000002,0.023556247913653072
HMPVA,1328,2.0819999999999999,0.026671859352397798
HMPVA,1329,2.0880000000000001,0.029342383442750641
HMPVA,1330,2.0925000000000002,0.031345276510515219
HMPVA,1331,2.0975000000000001,0.033570713252475848
HMPVA,1332,2.101,0.03512851897184821
HMPVA,1333,2.1055000000000001,0.037131412039612788
HMPVA,1334,2.1059999999999999,0.037353955713808729
HMPVA,1335,2.1025,0.035796149994436366
HMPVA,1336,2.0935000000000001,0.031790363858907322
HMPVA,1337,2.0800000000000001,0.025781684655613701
HMPVA,1338,2.0605000000000002,0.017102481361967348
HMPVA,1339,2.036,0.0061978413263602539
HMPVA,1340,2.0049999999999999,-0.0075998664737955135
HMPVA,1341,1.9735,-0.021620117948147333
HMPVA,1342,1.9415,-0.035862913096695204
HMPVA,1343,1.9119999999999999,-0.048992989874262927
HMPVA,1344,1.8799999999999999,-0.063235785022810798
HMPVA,1345,1.8475000000000001,-0.077701123845554609
HMPVA,1346,1.8149999999999999,-0.092166462668298754
HMPVA,1347,1.7795000000000001,-0.10796706353621899
HMPVA,1348,1.7524999999999999,-0.11998442194280634
HMPVA,1349,1.7309999999999999,-0.12955379993323701
HMPVA,1350,1.7225000000000001,-0.13333704239456989
HMPVA,1351,1.7050000000000001,-0.14112607099143204
HMPVA,1352,1.6835,-0.15069544898186271
HMPVA,1353,1.643,-0.16872148659174369
HMPVA,1354,1.6219999999999999,-0.17806832090797831
HMPVA,1355,1.6160000000000001,-0.18073884499833093
HMPVA,1356,1.6265000000000001,-0.17606542784021362
HMPVA,1357,1.6735,-0.15514632246578397
HMPVA,1358,1.6859999999999999,-0.14958273061088245
HMPVA,1359,1.6804999999999999,-0.15203071102703913
HMPVA,1360,1.6315,-0.1738399910982531
HMPVA,1361,1.6034999999999999,-0.18630243685323256
HMPVA,1362,1.5874999999999999,-0.19342383442750644
HMPVA,1363,1.5865,-0.19386892177589854
HMPVA,1364,1.6154999999999999,-0.18096138867252709
HMPVA,1365,1.6179999999999999,-0.17984867030154672
HMPVA,1366,1.6114999999999999,-0.1827417380660955
HMPVA,1367,1.5805,-0.19653944586625127
HMPVA,1368,1.5674999999999999,-0.20232558139534895
HMPVA,1369,1.5615000000000001,-0.20499610548570157
HMPVA,1370,1.5830000000000002,-0.1954267274952709
HMPVA,1371,1.5860000000000001,-0.19409146545009459
HMPVA,1372,1.5765,-0.1983197952598198
HMPVA,1373,1.5545,-0.20811171692444641
HMPVA,1374,1.5024999999999999,-0.2312562590408368
HMPVA,1375,1.4864999999999999,-0.23837765661511079
HMPVA,1376,1.4889999999999999,-0.23726493824413053
HMPVA,1377,1.53,-0.21901635696005339
HMPVA,1378,1.5545,-0.20811171692444641
HMPVA,1379,1.571,-0.20076777567597648
HMPVA,1380,1.5710000000000002,-0.20076777567597637
HMPVA,1381,1.5655000000000001,-0.20321575609213305
HMPVA,1382,1.5545,-0.20811171692444641
HMPVA,1383,1.5394999999999999,-0.2147880271503283
HMPVA,1384,1.5165,-0.22502503616334713
HMPVA,1385,1.5049999999999999,-0.23014354066985654
HMPVA,1386,1.5005000000000002,-0.23214643373762101
HMPVA,1387,1.5110000000000001,-0.2274730165795037
HMPVA,1388,1.5145,-0.22591521086013133
HMPVA,1389,1.5129999999999999,-0.2265828418827196
HMPVA,1390,1.5065,-0.22947590964726838
HMPVA,1391,1.4765000000000001,-0.24282853009903194
HMPVA,1392,1.4805000000000001,-0.24104818070546341
HMPVA,1393,1.4744999999999999,-0.24371870479581625
HMPVA,1394,1.4689999999999999,-0.24616668521197294
HMPVA,1395,1.4605000000000001,-0.24994992767330582
HMPVA,1396,1.4495,-0.25484588850561929
HMPVA,1397,1.4340000000000002,-0.26174474240569712
HMPVA,1398,1.4224999999999999,-0.26686324691220664
HMPVA,1399,1.4119999999999999,-0.27153666407032384
HMPVA,1400,1.4045000000000001,-0.27487481918326473
HMPVA,1401,1.4015,-0.27621008122844115
HMPVA,1402,1.3955,-0.27888060531879388
HMPVA,1403,1.387,-0.28266384778012688
HMPVA,1404,1.3679999999999999,-0.29112050739957729
HMPVA,1405,1.3519999999999999,-0.29824190497385117
HMPVA,1406,1.3105,-0.31671302993212425
HMPVA,1407,1.238,-0.34898186269055309
HMPVA,1408,1.1799999999999999,-0.3747969288972961
HMPVA,1409,1.137,-0.39393568487815733
HMPVA,1410,1.1134999999999999,-0.40439523756537227
HMPVA,1411,1.123,-0.40016690775564706
HMPVA,1412,1.1200000000000001,-0.40150216980082337
HMPVA,1413,1.1154999999999999,-0.403505062868588
HMPVA,1414,1.1099999999999999,-0.40595304328474474
HMPVA,1415,1.0914999999999999,-0.41418715922999894
HMPVA,1416,1.0625,-0.42709469233337044
HMPVA,1417,1.0085,-0.45112940914654504
HMPVA,1418,0.97299999999999998,-0.46693001001446538
HMPVA,1419,0.95199999999999996,-0.47627684433069994
HMPVA,1420,0.94650000000000001,-0.47872482474685657
HMPVA,1421,0.97449999999999992,-0.46626237899187722
HMPVA,1422,0.96850000000000003,-0.4689329030822299
HMPVA,1423,0.94950000000000001,-0.4773895627016802
HMPVA,1424,0.89400000000000002,-0.50209191053744306
HMPVA,1425,0.876,-0.51010348280850115
HMPVA,1426,0.88149999999999995,-0.50765550239234458
HMPVA,1427,0.92999999999999994,-0.48606876599532661
HMPVA,1428,0.97399999999999998,-0.46648492266607328
HMPVA,1429,1.0175000000000001,-0.44712362301101588
HMPVA,1430,1.0580000000000001,-0.42909758540113496
HMPVA,1431,1.0859999999999999,-0.41663513964615567
HMPVA,1432,1.129,-0.39749638366529438
HMPVA,1433,1.1785000000000001,-0.37546455991988426
HMPVA,1434,1.2415,-0.34742405697118062
HMPVA,1435,1.2930000000000001,-0.32450205852898628
HMPVA,1436,1.3384999999999998,-0.3042505841771449
HMPVA,1437,1.3664999999999998,-0.29178813842216544
HMPVA,1438,1.405,-0.27465227550906868
HMPVA,1439,1.4504999999999999,-0.25440080115722719
HMPVA,1440,1.5024999999999999,-0.2312562590408368
HMPVA,1441,1.5655000000000001,-0.20321575609213305
HMPVA,1442,1.6214999999999999,-0.17829086458217436
HMPVA,1443,1.6735,-0.15514632246578397
HMPVA,1444,1.7215,-0.13378212974296211
HMPVA,1445,1.7530000000000001,-0.11976187826861018
HMPVA,1446,1.7690000000000001,-0.11264048069433619
HMPVA,1447,1.7645,-0.11464337376210088
HMPVA,1448,1.7509999999999999,-0.1206520529653945
HMPVA,1449,1.728,-0.13088906197841332
HMPVA,1450,1.6970000000000001,-0.14468676977856909
HMPVA,1451,1.6619999999999999,-0.16026482697229338
HMPVA,1452,1.6179999999999999,-0.17984867030154672
HMPVA,1453,1.5705,-0.20099031935017253
HMPVA,1454,1.5125,-0.22680538555691554
HMPVA,1455,1.4744999999999999,-0.24371870479581625
HMPVA,1456,1.4515,-0.25395571380883497
HMPVA,1457,1.454,-0.25284299543785471
HMPVA,1458,1.4470000000000001,-0.25595860687659955
HMPVA,1459,1.4339999999999999,-0.26174474240569723
HMPVA,1460,1.4060000000000001,-0.27420718816067646
HMPVA,1461,1.3759999999999999,-0.28755980861244024
HMPVA,1462,1.3414999999999999,-0.30291532213196848
HMPVA,1463,1.3029999999999999,-0.32005118504506513
HMPVA,1464,1.262,-0.33829976632914216
HMPVA,1465,1.2130000000000001,-0.36010904640035601
HMPVA,1466,1.1579999999999999,-0.38458885056192282
HMPVA,1467,1.0965,-0.41196172248803831
HMPVA,1468,1.0314999999999999,-0.44089240013352632
HMPVA,1469,0.96449999999999991,-0.47071325247579843
HMPVA,1470,0.89200000000000002,-0.50298208523422727
HMPVA,1471,0.82650000000000001,-0.53213530655391117
HMPVA,1472,0.76800000000000002,-0.55817291643485034
HMPVA,1473,0.71649999999999991,-0.58109491487704468
HMPVA,1474,0.6785000000000001,-0.59800823411594517
HMPVA,1475,0.62549999999999994,-0.62159786358072777
HMPVA,1476,0.56549999999999989,-0.6483031044842551
HMPVA,1477,0.48999999999999999,-0.68190719928786026
HMPVA,1478,0.42849999999999999,-0.70928007121397574
HMPVA,1479,0.3755,-0.73286970067875823
HMPVA,1480,0.33999999999999997,-0.74867030154667857
HMPVA,1481,0.30399999999999999,-0.76469344608879497
HMPVA,1482,0.27149999999999996,-0.77915878491153889
HMPVA,1483,0.23299999999999998,-0.79629464782463566
HMPVA,1484,0.20900000000000002,-0.80697674418604648
HMPVA,1485,0.19850000000000001,-0.81165016134416379
HMPVA,1486,0.19900000000000001,-0.81142761766996774
HMPVA,1487,0.22299999999999998,-0.80074552130855681
HMPVA,1488,0.22249999999999998,-0.80096806498275286
HMPVA,1489,0.20850000000000002,-0.80719928786024253
HMPVA,1490,0.16599999999999998,-0.82611550016690782
HMPVA,1491,0.13350000000000001,-0.84058083898965175
HMPVA,1492,0.10600000000000001,-0.85282074107043504
HMPVA,1493,0.090999999999999998,-0.85949705129631693
HMPVA,1494,0.076499999999999999,-0.86595081784800265
HMPVA,1495,0.065000000000000002,-0.87106932235451207
HMPVA,1496,0.057500000000000002,-0.87440747746745306
HMPVA,1497,0.048000000000000001,-0.87863580727717816
HMPVA,1498,0.055999999999999994,-0.87507510849004122
HMPVA,1499,0.073999999999999996,-0.86706353621898302
HMPVA,1500,0.111,-0.85059530432847452
HMPVA,1501,0.13300000000000001,-0.8408033826638478
HMPVA,1502,0.14550000000000002,-0.83523979080894628
HMPVA,1503,0.14000000000000001,-0.83768777122510296
HMPVA,1504,0.13450000000000001,-0.84013575164125964
HMPVA,1505,0.127,-0.84347390675420053
HMPVA,1506,0.11900000000000001,-0.84703460554133747
HMPVA,1507,0.1105,-0.85081784800267057
HMPVA,1508,0.10250000000000001,-0.85437854678980751
HMPVA,1509,0.096500000000000002,-0.85704907088016025
HMPVA,1510,0.091499999999999998,-0.85927450762212088
HMPVA,1511,0.090999999999999998,-0.85949705129631693
HMPVA,1512,0.094500000000000001,-0.85793924557694445
HMPVA,1513,0.1045,-0.85348837209302331
HMPVA,1514,0.11199999999999999,-0.85015021698008242
HMPVA,1515,0.11849999999999999,-0.84725714921553352
HMPVA,1516,0.12,-0.84658951819294537
HMPVA,1517,0.1285,-0.84280627573161238
HMPVA,1518,0.14200000000000002,-0.83679759652831875
HMPVA,1519,0.16849999999999998,-0.82500278179592745
HMPVA,1520,0.1885,-0.81610103482808505
HMPVA,1521,0.20200000000000001,-0.81009235562479143
HMPVA,1522,0.21000000000000002,-0.80653165683765438
HMPVA,1523,0.20250000000000001,-0.80986981195059538
HMPVA,1524,0.21400000000000002,-0.80475130744408596
HMPVA,1525,0.23750000000000002,-0.79429175475687108
HMPVA,1526,0.28149999999999997,-0.77470791142761775
HMPVA,1527,0.31850000000000001,-0.75823967953710913
HMPVA,1528,0.35299999999999998,-0.742884166017581
HMPVA,1529,0.38,-0.73086680761099365
HMPVA,1530,0.40549999999999997,-0.71951708022699457
HMPVA,1531,0.42900000000000005,-0.70905752753977969
HMPVA,1532,0.45199999999999996,-0.69882051852676086
HMPVA,1533,0.46950000000000003,-0.69103148992989882
HMPVA,1534,0.48250000000000004,-0.68524535440080114
HMPVA,1535,0.49249999999999999,-0.68079448091688
HMPVA,1536,0.49299999999999999,-0.68057193724268394
HMPVA,1537,0.51049999999999995,-0.6727829086458218
HMPVA,1538,0.53950000000000009,-0.65987537554245024
HMPVA,1539,0.58749999999999991,-0.63851118281962838
HMPVA,1540,0.62949999999999995,-0.61981751418715936
HMPVA,1541,0.66850000000000009,-0.60245910759986643
HMPVA,1542,0.69799999999999995,-0.58932903082229893
HMPVA,1543,0.72899999999999998,-0.57553132302214305
HMPVA,1544,0.75800000000000001,-0.5626237899187716
HMPVA,1545,0.79400000000000004,-0.5466006453766552
HMPVA,1546,0.81600000000000006,-0.53680872371202848
HMPVA,1547,0.82550000000000001,-0.53258039390230327
HMPVA,1548,0.82350000000000001,-0.53347056859908759
HMPVA,1549,0.79549999999999998,-0.54593301435406705
HMPVA,1550,0.80699999999999994,-0.54081450984755763
HMPVA,1551,0.84150000000000003,-0.52545899632802939
HMPVA,1552,0.92100000000000004,-0.49007455213085571
HMPVA,1553,0.97399999999999998,-0.46648492266607328
HMPVA,1554,1.0110000000000001,-0.45001669077556467
HMPVA,1555,1.0185,-0.44667853566262383
HMPVA,1556,1.0245,-0.4440080115722711
HMPVA,1557,1.0249999999999999,-0.44378546789807505
HMPVA,1558,1.0229999999999999,-0.44467564259485931
HMPVA,1559,1.0234999999999999,-0.44445309892066326
HMPVA,1560,1.028,-0.44245020585289863
HMPVA,1561,1.0385,-0.43777678869478137
HMPVA,1562,1.0565,-0.42976521642372317
HMPVA,1563,1.0745,-0.42175364415266497
HMPVA,1564,1.0945,-0.41285189718482251
HMPVA,1565,1.1134999999999999,-0.40439523756537227
HMPVA,1566,1.1364999999999998,-0.3941582285523535
HMPVA,1567,1.1619999999999999,-0.3828085011683543
HMPVA,1568,1.1945000000000001,-0.36834316234561026
HMPVA,1569,1.214,-0.35966395905196402
HMPVA,1570,1.2230000000000001,-0.35565817291643487
HMPVA,1571,1.2095,-0.36166685211972849
HMPVA,1572,1.2095,-0.36166685211972849
HMPVA,1573,1.22,-0.35699343496161129
HMPVA,1574,1.242,-0.34720151329698457
HMPVA,1575,1.2875000000000001,-0.32695003894514296
HMPVA,1576,1.3075000000000001,-0.31804829197730056
HMPVA,1577,1.3149999999999999,-0.31471013686435967
HMPVA,1578,1.298,-0.32227662178702576
HMPVA,1579,1.296,-0.32316679648380997
HMPVA,1580,1.2985,-0.32205407811282971
HMPVA,1581,1.3185,-0.31315233114498719
HMPVA,1582,1.3170000000000002,-0.31381996216757535
HMPVA,1583,1.302,-0.32049627239345724
HMPVA,1584,1.2629999999999999,-0.33785467898075006
HMPVA,1585,1.228,-0.35343273617447424
HMPVA,1586,1.1955,-0.36789807499721827
HMPVA,1587,1.1705000000000001,-0.3790252587070212
HMPVA,1588,1.1515,-0.38748191832647161
HMPVA,1589,1.1395,-0.39282296650717707
HMPVA,1590,1.135,-0.39482585957494165
HMPVA,1591,1.1415,-0.39193279181039287
HMPVA,1592,1.1395,-0.39282296650717707
HMPVA,1593,1.1345000000000001,-0.39504840324913759
HMPVA,1594,1.1200000000000001,-0.40150216980082337
HMPVA,1595,1.119,-0.40194725714921559
HMPVA,1596,1.1274999999999999,-0.39816401468788254
HMPVA,1597,1.1485000000000001,-0.38881718037164792
HMPVA,1598,1.1695,-0.37947034605541341
HMPVA,1599,1.1905000000000001,-0.37012351173917879
HMPVA,1600,1.2109999999999999,-0.36099922109714044
HMPVA,1601,1.2270000000000001,-0.35387782352286634
HMPVA,1602,1.238,-0.34898186269055309
HMPVA,1603,1.242,-0.34720151329698457
HMPVA,1604,1.2429999999999999,-0.34675642594859246
HMPVA,1605,1.2415,-0.34742405697118062
HMPVA,1606,1.2384999999999999,-0.34875931901635704
HMPVA,1607,1.2330000000000001,-0.35120729943251361
HMPVA,1608,1.2284999999999999,-0.35321019250027819
HMPVA,1609,1.2224999999999999,-0.35588071659063103
HMPVA,1610,1.2189999999999999,-0.35743852231000339
HMPVA,1611,1.2044999999999999,-0.36389228886168923
HMPVA,1612,1.1830000000000001,-0.37346166685211979
HMPVA,1613,1.1475,-0.38926226772004013
HMPVA,1614,1.1214999999999999,-0.40083453877823527
HMPVA,1615,1.1000000000000001,-0.41040391676866583
HMPVA,1616,1.0920000000000001,-0.41396461555580283
HMPVA,1617,1.075,-0.42153110047846892
HMPVA,1618,1.0509999999999999,-0.43221319683987991
HMPVA,1619,1.012,-0.44957160342717262
HMPVA,1620,0.97700000000000009,-0.46514966062089685
HMPVA,1621,0.9425,-0.4805051741404251
HMPVA,1622,0.92699999999999994,-0.48740402804050298
HMPVA,1623,0.89349999999999996,-0.50231445421163912
HMPVA,1624,0.84350000000000003,-0.52456882163124519
HMPVA,1625,0.77899999999999991,-0.55327695560253698
HMPVA,1626,0.67300000000000004,-0.60045621453210196
HMPVA,1627,0.64200000000000002,-0.61425392233225773
HMPVA,1628,0.65749999999999997,-0.60735506843217979
HMPVA,1629,0.76149999999999995,-0.56106598419939924
HMPVA,1630,0.8075,-0.54059196617336158
HMPVA,1631,0.82150000000000001,-0.53436074329587191
HMPVA,1632,0.76550000000000007,-0.5592856348058306
HMPVA,1633,0.73799999999999999,-0.57152553688661401
HMPVA,1634,0.72750000000000004,-0.57619895404473132
HMPVA,1635,0.753,-0.56484922666073212
HMPVA,1636,0.77900000000000003,-0.55327695560253698
HMPVA,1637,0.8095,-0.53970179147657737
HMPVA,1638,0.83699999999999997,-0.52746188939579397
HMPVA,1639,0.87749999999999995,-0.509435851785913
HMPVA,1640,0.92949999999999999,-0.48629130966952266
HMPVA,1641,0.99350000000000005,-0.45780571937242687
HMPVA,1642,1.073,-0.42242127517525319
HMPVA,1643,1.1385000000000001,-0.39326805385556918
HMPVA,1644,1.1964999999999999,-0.36745298764882617
HMPVA,1645,1.2390000000000001,-0.34853677534216088
HMPVA,1646,1.2894999999999999,-0.32605986424835887
HMPVA,1647,1.3414999999999999,-0.30291532213196848
HMPVA,1648,1.3979999999999999,-0.27776788694781362
HMPVA,1649,1.4515,-0.25395571380883497
HMPVA,1650,1.5024999999999999,-0.2312562590408368
HMPVA,1651,1.5535000000000001,-0.20855680427283851
HMPVA,1652,1.5965,-0.18941804829197728
HMPVA,1653,1.633,-0.17317236007566483
HMPVA,1654,1.6585000000000001,-0.16182263269166575
HMPVA,1655,1.6859999999999999,-0.14958273061088245
HMPVA,1656,1.714,-0.137120284855903
HMPVA,1657,1.7454999999999998,-0.12310003338155129
HMPVA,1658,1.776,-0.10952486925559146
HMPVA,1659,1.8039999999999998,-0.097062423500612116
HMPVA,1660,1.8355000000000001,-0.083042172026260075
HMPVA,1661,1.8534999999999999,-0.075030599755201988
HMPVA,1662,1.8565,-0.073695337710025566
HMPVA,1663,1.8460000000000001,-0.078368754868142876
HMPVA,1664,1.8115000000000001,-0.093724268387671117
HMPVA,1665,1.7955000000000001,-0.100845665961945
HMPVA,1666,1.7885,-0.10396127740068994
HMPVA,1667,1.8009999999999999,-0.098397685545788427
HMPVA,1668,1.8010000000000002,-0.098397685545788316
HMPVA,1669,1.7929999999999999,-0.10195838433292537
HMPVA,1670,1.7749999999999999,-0.10996995660398357
HMPVA,1671,1.748,-0.12198731501057081
HMPVA,1672,1.7130000000000001,-0.1375653722042951
HMPVA,1673,1.6615,-0.16048737064648944
HMPVA,1674,1.6214999999999999,-0.17829086458217436
HMPVA,1675,1.591,-0.19186602870813396
HMPVA,1676,1.5865,-0.19386892177589854
HMPVA,1677,1.5600000000000001,-0.20566373650828973
HMPVA,1678,1.5145,-0.22591521086013133
HMPVA,1679,1.4304999999999999,-0.26330254812506959
HMPVA,1680,1.3519999999999999,-0.29824190497385117
HMPVA,1681,1.2805,-0.33006565038388791
HMPVA,1682,1.2200000000000002,-0.35699343496161118
HMPVA,1683,1.1804999999999999,-0.37457438522310016
HMPVA,1684,1.1244999999999998,-0.39949927673305896
HMPVA,1685,1.0625,-0.42709469233337044
HMPVA,1686,0.98699999999999988,-0.46069878713697571
HMPVA,1687,0.91849999999999998,-0.49118727050183603
HMPVA,1688,0.85050000000000003,-0.52145321019250024
HMPVA,1689,0.79000000000000004,-0.54838099477022362
HMPVA,1690,0.71350000000000002,-0.58243017692222099
HMPVA,1691,0.625,-0.62182040725492382
HMPVA,1692,0.51700000000000002,-0.66988984088127301
HMPVA,1693,0.41400000000000003,-0.71573383776566146
HMPVA,1694,0.312,-0.76113274730165803
HMPVA,1695,0.2215,-0.80141315233114496
HMPVA,1696,0.11649999999999999,-0.84814732391231784
HMPVA,1697,0.0024999999999999988,-0.89888728162901976
HMPVA,1698,-0.13650000000000001,-0.96075442305552472
HMPVA,1699,-0.25900000000000001,-1.0152776232335596
HMPVA,1700,-0.3705,-1.0649048625792812
HMPVB,450,0.1075,-0.85215311004784688
HMPVB,451,0.092499999999999999,-0.85882942027372877
HMPVB,452,0.095000000000000001,-0.8577167019027484
HMPVB,453,0.10400000000000001,-0.85371091576721936
HMPVB,454,0.11899999999999999,-0.84703460554133747
HMPVB,455,0.13600000000000001,-0.83946812061867138
HMPVB,456,0.1825,-0.81877155891843778
HMPVB,457,0.158,-0.82967619895404476
HMPVB,458,0.10600000000000001,-0.85282074107043504
HMPVB,459,0.032000000000000001,-0.88575720485145215
HMPVB,460,-0.107,-0.94762434627795711
HMPVB,461,-0.14350000000000002,-0.96387003449426956
HMPVB,462,-0.13900000000000001,-0.96186714142650498
HMPVB,463,-0.095500000000000002,-0.94250584177144769
HMPVB,464,0.028000000000000001,-0.88753755424502057
HMPVB,465,0.090999999999999998,-0.85949705129631693
HMPVB,466,0.14299999999999999,-0.83635250917992665
HMPVB,467,0.18149999999999999,-0.81921664626682988
HMPVB,468,0.1925,-0.81432068543451652
HMPVB,469,0.215,-0.80430622009569386
HMPVB,470,0.23650000000000002,-0.79473684210526319
HMPVB,471,0.25950000000000001,-0.78449983309224436
HMPVB,472,0.27400000000000002,-0.77804606654055863
HMPVB,473,0.32100000000000001,-0.75712696116612888
HMPVB,474,0.38600000000000001,-0.72819628352064092
HMPVB,475,0.46850000000000003,-0.69147657727829093
HMPVB,476,0.58450000000000002,-0.63984644486480469
HMPVB,477,0.68100000000000005,-0.59689551574496491
HMPVB,478,0.77600000000000002,-0.5546122176477134
HMPVB,479,0.86799999999999999,-0.5136641815956382
HMPVB,480,0.94799999999999995,-0.47805719372426841
HMPVB,481,1.0425,-0.4359964393012129
HMPVB,482,1.1425000000000001,-0.39148770446200065
HMPVB,483,1.2475000000000001,-0.34475353288082788
HMPVB,484,1.3584999999999998,-0.29534883720930238
HMPVB,485,1.474,-0.24394124847001231
HMPVB,486,1.593,-0.19097585401134975
HMPVB,487,1.714,-0.137120284855903
HMPVB,488,1.837,-0.08237454100367203
HMPVB,489,1.954,-0.030299321241793797
HMPVB,490,2.0634999999999999,0.018437743407143548
HMPVB,491,2.1635,0.062946478246355797
HMPVB,492,2.2640000000000002,0.1076777567597641
HMPVB,493,2.3260000000000001,0.13527317236007563
HMPVB,494,2.3620000000000001,0.15129631690219203
HMPVB,495,2.3730000000000002,0.15619227773450539
HMPVB,496,2.3399999999999999,0.14150439523756531
HMPVB,497,2.3220000000000001,0.13349282296650722
HMPVB,498,2.3029999999999999,0.12503616334705681
HMPVB,499,2.2850000000000001,0.11702459107599872
HMPVB,500,2.2795000000000001,0.11457661065984193
HMPVB,501,2.2575000000000003,0.10478468899521542
HMPVB,502,2.2305000000000001,0.092767330588628072
HMPVB,503,2.1974999999999998,0.078079448091687875
HMPVB,504,2.1545000000000001,0.058940692110826753
HMPVB,505,2.1154999999999999,0.041582285523533935
HMPVB,506,2.077,0.024446422610437279
HMPVB,507,2.0390000000000001,0.0075331033715366758
HMPVB,508,2.0065,-0.0069322354512073581
HMPVB,509,1.9660000000000002,-0.024958273061088221
HMPVB,510,1.9215,-0.04476466006453772
HMPVB,511,1.873,-0.066351396461555634
HMPVB,512,1.819,-0.090386113274730229
HMPVB,513,1.7690000000000001,-0.11264048069433619
HMPVB,514,1.7204999999999999,-0.13422721709135421
HMPVB,515,1.675,-0.1544786914431957
HMPVB,516,1.6299999999999999,-0.17450762212084125
HMPVB,517,1.595,-0.19008567931456555
HMPVB,518,1.5674999999999999,-0.20232558139534895
HMPVB,519,1.5469999999999999,-0.21144987203738741
HMPVB,520,1.5394999999999999,-0.2147880271503283
HMPVB,521,1.5249999999999999,-0.22124179370201413
HMPVB,522,1.5105,-0.22769556025369986
HMPVB,523,1.4929999999999999,-0.235484588850562
HMPVB,524,1.4684999999999999,-0.24638922888616899
HMPVB,525,1.4510000000000001,-0.25417825748303102
HMPVB,526,1.4359999999999999,-0.26085456770891291
HMPVB,527,1.4224999999999999,-0.26686324691220664
HMPVB,528,1.4140000000000001,-0.27064648937353952
HMPVB,529,1.403,-0.27554245020585288
HMPVB,530,1.3915000000000002,-0.2806609547123623
HMPVB,531,1.3794999999999999,-0.28600200289306776
HMPVB,532,1.3685,-0.29089796372538113
HMPVB,533,1.3500000000000001,-0.29913207967063538
HMPVB,534,1.3280000000000001,-0.30892400133526199
HMPVB,535,1.302,-0.32049627239345724
HMPVB,536,1.264,-0.33740959163235784
HMPVB,537,1.2385000000000002,-0.34875931901635693
HMPVB,538,1.2175,-0.35810615333259155
HMPVB,539,1.2015,-0.36522755090686554
HMPVB,540,1.2015,-0.36522755090686554
HMPVB,541,1.1839999999999999,-0.37301657950372769
HMPVB,542,1.1579999999999999,-0.38458885056192282
HMPVB,543,1.1240000000000001,-0.3997218204072549
HMPVB,544,1.073,-0.42242127517525319
HMPVB,545,1.03,-0.44156003115611442
HMPVB,546,0.98850000000000005,-0.46003115611438744
HMPVB,547,0.94950000000000001,-0.4773895627016802
HMPVB,548,0.91549999999999998,-0.49252253254701239
HMPVB,549,0.88349999999999995,-0.50676532769556037
HMPVB,550,0.85499999999999998,-0.51945031712473577
HMPVB,551,0.82950000000000002,-0.53080004450873486
HMPVB,552,0.81099999999999994,-0.53903416045398922
HMPVB,553,0.78649999999999998,-0.5499388004895962
HMPVB,554,0.75949999999999995,-0.56195615889618344
HMPVB,555,0.72950000000000004,-0.575308779347947
HMPVB,556,0.69450000000000001,-0.59088683654167129
HMPVB,557,0.66100000000000003,-0.60579726271280743
HMPVB,558,0.62749999999999995,-0.62070768888394356
HMPVB,559,0.59499999999999997,-0.63517302770668749
HMPVB,560,0.55699999999999994,-0.65208634694558809
HMPVB,561,0.53300000000000003,-0.66276844330699902
HMPVB,562,0.51549999999999996,-0.67055747190386117
HMPVB,563,0.504,-0.67567597641037058
HMPVB,564,0.51300000000000001,-0.67167019027484143
HMPVB,565,0.498,-0.67834650050072332
HMPVB,566,0.47150000000000003,-0.69014131523311451
HMPVB,567,0.4345,-0.70660954712362301
HMPVB,568,0.3705,-0.73509513742071886
HMPVB,569,0.32650000000000001,-0.75467898074997219
HMPVB,570,0.28899999999999998,-0.77136975631467675
HMPVB,571,0.26000000000000001,-0.78427728941804831
HMPVB,572,0.2465,-0.79028596862134193
HMPVB,573,0.22949999999999998,-0.79785245354400802
HMPVB,574,0.21499999999999997,-0.80430622009569386
HMPVB,575,0.20200000000000001,-0.81009235562479143
HMPVB,576,0.19400000000000001,-0.81365305441192837
HMPVB,577,0.17849999999999999,-0.82055190831200631
HMPVB,578,0.16,-0.82878602425726056
HMPVB,579,0.13950000000000001,-0.83791031489929901
HMPVB,580,0.10250000000000001,-0.85437854678980751
HMPVB,581,0.094,-0.85816178925114062
HMPVB,582,0.098500000000000004,-0.85615889618337604
HMPVB,583,0.11649999999999999,-0.84814732391231784
HMPVB,584,0.16300000000000001,-0.82745076221208413
HMPVB,585,0.185,-0.81765884054745741
HMPVB,586,0.19850000000000001,-0.81165016134416379
HMPVB,587,0.20200000000000001,-0.81009235562479143
HMPVB,588,0.182,-0.81899410259263383
HMPVB,589,0.17499999999999999,-0.82210971403137867
HMPVB,590,0.16799999999999998,-0.82522532547012351
HMPVB,591,0.16250000000000001,-0.82767330588628019
HMPVB,592,0.16600000000000001,-0.82611550016690782
HMPVB,593,0.1545,-0.83123400467341724
HMPVB,594,0.13800000000000001,-0.83857794592188717
HMPVB,595,0.11599999999999999,-0.84836986758651389
HMPVB,596,0.081000000000000003,-0.86394792478023819
HMPVB,597,0.059999999999999998,-0.87329475909647269
HMPVB,598,0.045000000000000005,-0.87997106932235458
HMPVB,599,0.035499999999999997,-0.88419939913207968
HMPVB,600,0.040500000000000001,-0.88197396239011905
HMPVB,601,0.034499999999999996,-0.88464448648047178
HMPVB,602,0.0275,-0.88776009791921662
HMPVB,603,0.02,-0.89109825303215762
HMPVB,604,0.0065000000000000006,-0.89710693223545124
HMPVB,605,0.0080000000000000002,-0.89643930121286308
HMPVB,606,0.018000000000000002,-0.89198842772894182
HMPVB,607,0.037499999999999999,-0.88330922443529547
HMPVB,608,0.070499999999999993,-0.86862134193835538
HMPVB,609,0.11,-0.85104039167686663
HMPVB,610,0.15949999999999998,-0.82900856793145661
HMPVB,611,0.219,-0.80252587070212533
HMPVB,612,0.28600000000000003,-0.77270501835985317
HMPVB,613,0.3705,-0.73509513742071886
HMPVB,614,0.46850000000000003,-0.69147657727829093
HMPVB,615,0.5774999999999999,-0.64296205630354963
HMPVB,616,0.70099999999999996,-0.58799376877712262
HMPVB,617,0.81999999999999995,-0.53502837431846006
HMPVB,618,0.93900000000000006,-0.48206297985979751
HMPVB,619,1.0565,-0.42976521642372317
HMPVB,620,1.1720000000000002,-0.37835762768443304
HMPVB,621,1.2835000000000001,-0.32873038833871149
HMPVB,622,1.3915,-0.2806609547123623
HMPVB,623,1.4885000000000002,-0.23748748191832647
HMPVB,624,1.5925,-0.19119839768554581
HMPVB,625,1.6985000000000001,-0.14401913875598082
HMPVB,626,1.8069999999999999,-0.095727161455435694
HMPVB,627,1.9249999999999998,-0.043206854345165358
HMPVB,628,2.0335000000000001,0.0050851229553799948
HMPVB,629,2.1369999999999996,0.051151663513964385
HMPVB,630,2.2355,0.09499276733058859
HMPVB,631,2.3159999999999998,0.13082229887615437
HMPVB,632,2.4095,0.17243796595081784
HMPVB,633,2.5054999999999996,0.21516635139646134
HMPVB,634,2.6040000000000001,0.25900745521308555
HMPVB,635,2.7160000000000002,0.30885723823300337
HMPVB,636,2.8040000000000003,0.34802492489151005
HMPVB,637,2.8769999999999998,0.38051630132413472
HMPVB,638,2.9305000000000003,0.4043284744631136
HMPVB,639,2.9624999999999999,0.41857126961166113
HMPVB,640,2.976,0.42457994881495498
HMPVB,641,2.9699999999999998,0.42190942472460213
HMPVB,642,2.9450000000000003,0.41078224101479932
HMPVB,643,2.9009999999999998,0.39119839768554565
HMPVB,644,2.8439999999999999,0.36582841882719463
HMPVB,645,2.7744999999999997,0.3348948481139421
HMPVB,646,2.6964999999999999,0.30017803493935669
HMPVB,647,2.6044999999999998,0.2592299988872816
HMPVB,648,2.5230000000000001,0.22295537999332382
HMPVB,649,2.4464999999999999,0.18890619784132634
HMPVB,650,2.3765000000000001,0.15775008345387775
HMPVB,651,2.3185000000000002,0.13193501724713486
HMPVB,652,2.2605,0.10611995104039151
HMPVB,653,2.2050000000000001,0.081417603204628874
HMPVB,654,2.1524999999999999,0.058050517414042435
HMPVB,655,2.1029999999999998,0.036018693668632307
HMPVB,656,2.0525000000000002,0.013541782574830408
HMPVB,657,2.0015000000000001,-0.0091576721931678762
HMPVB,658,1.9495,-0.032302214309558264
HMPVB,659,1.8980000000000001,-0.055224212751752488
HMPVB,660,1.8420000000000001,-0.080149104261711401
HMPVB,661,1.7835000000000001,-0.10618671414265046
HMPVB,662,1.7225000000000001,-0.13333704239456989
HMPVB,663,1.6555,-0.16315789473684217
HMPVB,664,1.601,-0.18741515522421281
HMPVB,665,1.5525,-0.20900189162123073
HMPVB,666,1.51,-0.22791810392789591
HMPVB,667,1.4795,-0.24149326805385563
HMPVB,668,1.4405000000000001,-0.25885167464114833
HMPVB,669,1.4024999999999999,-0.27576499388004905
HMPVB,670,1.3534999999999999,-0.29757427395126301
HMPVB,671,1.3214999999999999,-0.31181706909981088
HMPVB,672,1.2995000000000001,-0.3216089907644375
HMPVB,673,1.2885,-0.32650495159675086
HMPVB,674,1.2995000000000001,-0.3216089907644375
HMPVB,675,1.2999999999999998,-0.32138644709024156
HMPVB,676,1.298,-0.32227662178702576
HMPVB,677,1.2915000000000001,-0.32516968955157444
HMPVB,678,1.27,-0.33473906754200511
HMPVB,679,1.2610000000000001,-0.33874485367753415
HMPVB,680,1.256,-0.34097029041949489
HMPVB,681,1.2549999999999999,-0.341415377767887
HMPVB,682,1.2685,-0.33540669856459338
HMPVB,683,1.268,-0.33562924223878943
HMPVB,684,1.2625000000000002,-0.338077222654946
HMPVB,685,1.2515000000000001,-0.34297318348725936
HMPVB,686,1.2250000000000001,-0.35476799821965055
HMPVB,687,1.2130000000000001,-0.36010904640035601
HMPVB,688,1.2065000000000001,-0.3630021141649048
HMPVB,689,1.2055,-0.36344720151329701
HMPVB,690,1.2155,-0.35899632802937576
HMPVB,691,1.218,-0.3578836096583955
HMPVB,692,1.2170000000000001,-0.3583286970067876
HMPVB,693,1.2124999999999999,-0.36033159007455218
HMPVB,694,1.2035,-0.36433737621008122
HMPVB,695,1.1884999999999999,-0.37101368643596311
HMPVB,696,1.1685000000000001,-0.37991543340380551
HMPVB,697,1.143,-0.3912651607878046
HMPVB,698,1.111,-0.40550795593635253
HMPVB,699,1.0840000000000001,-0.41752531434293982
HMPVB,700,1.0594999999999999,-0.42842995437854686
HMPVB,701,1.038,-0.43799933236897742
HMPVB,702,1.02,-0.44601090464003562
HMPVB,703,1.0089999999999999,-0.45090686547234904
HMPVB,704,1.004,-0.45313230221430956
HMPVB,705,1.006,-0.45224212751752535
HMPVB,706,1.0085,-0.45112940914654504
HMPVB,707,1.0114999999999998,-0.44979414710136872
HMPVB,708,1.0135000000000001,-0.44890397240458441
HMPVB,709,1.02,-0.44601090464003562
HMPVB,710,1.0135000000000001,-0.44890397240458441
HMPVB,711,0.99849999999999994,-0.45558028263046629
HMPVB,712,0.97599999999999998,-0.46559474796928901
HMPVB,713,0.9355,-0.48362078557916993
HMPVB,714,0.90749999999999997,-0.49608323133414939
HMPVB,715,0.88650000000000007,-0.50543006565038384
HMPVB,716,0.872,-0.51188383220206968
HMPVB,717,0.871,-0.51232891955046178
HMPVB,718,0.871,-0.51232891955046178
HMPVB,719,0.87450000000000006,-0.51077111383108931
HMPVB,720,0.88300000000000001,-0.50698787136975632
HMPVB,721,0.89500000000000002,-0.50164682318905085
HMPVB,722,0.91100000000000003,-0.49452542561477691
HMPVB,723,0.93049999999999988,-0.48584622232113062
HMPVB,724,0.95300000000000007,-0.47583175698230779
HMPVB,725,0.97350000000000003,-0.46670746634026927
HMPVB,726,1.0070000000000001,-0.45179704016913319
HMPVB,727,1.0459999999999998,-0.43443863358184054
HMPVB,728,1.0880000000000001,-0.4157449649493713
HMPVB,729,1.137,-0.39393568487815733
HMPVB,730,1.1655,-0.38125069544898194
HMPVB,731,1.1795,-0.37501947257149215
HMPVB,732,1.1835,-0.37323912317792374
HMPVB,733,1.159,-0.38414376321353072
HMPVB,734,1.1120000000000001,-0.40506286858796037
HMPVB,735,1.0425,-0.4359964393012129
HMPVB,736,0.93649999999999989,-0.48317569823077788
HMPVB,737,0.84199999999999997,-0.52523645265383334
HMPVB,738,0.751,-0.56573940135751644
HMPVB,739,0.66700000000000004,-0.60312673862245458
HMPVB,740,0.59600000000000009,-0.63472794035829527
HMPVB,741,0.53049999999999997,-0.66388116167797939
HMPVB,742,0.47400000000000003,-0.68902859686213414
HMPVB,743,0.42499999999999999,-0.71083787693334821
HMPVB,744,0.39350000000000002,-0.72485812840770003
HMPVB,745,0.34949999999999998,-0.74444197173695348
HMPVB,746,0.30299999999999999,-0.76513853343718707
HMPVB,747,0.2535,-0.78717035718259709
HMPVB,748,0.1925,-0.81432068543451652
HMPVB,749,0.151,-0.8327918103927896
HMPVB,750,0.12,-0.84658951819294537
HMPVB,751,0.10000000000000001,-0.85549126516078777
HMPVB,752,0.092999999999999999,-0.85860687659953272
HMPVB,753,0.092499999999999999,-0.85882942027372877
HMPVB,754,0.099500000000000005,-0.85571380883498394
HMPVB,755,0.11149999999999999,-0.85037276065427847
HMPVB,756,0.13400000000000001,-0.84035829531545569
HMPVB,757,0.13850000000000001,-0.83835540224769112
HMPVB,758,0.13600000000000001,-0.83946812061867138
HMPVB,759,0.1105,-0.85081784800267057
HMPVB,760,0.10100000000000001,-0.85504617781239567
HMPVB,761,0.098500000000000004,-0.85615889618337604
HMPVB,762,0.10200000000000001,-0.85460109046400357
HMPVB,763,0.128,-0.84302881940580843
HMPVB,764,0.13250000000000001,-0.84102592633804385
HMPVB,765,0.128,-0.84302881940580843
HMPVB,766,0.1135,-0.84948258595749415
HMPVB,767,0.075499999999999998,-0.86639590519639487
HMPVB,768,0.056500000000000002,-0.87485256481584517
HMPVB,769,0.043999999999999997,-0.88041615667074669
HMPVB,770,0.039,-0.88264159341270731
HMPVB,771,0.049499999999999995,-0.87796817625459
HMPVB,772,0.048500000000000001,-0.87841326360298211
HMPVB,773,0.044500000000000005,-0.88019361299655063
HMPVB,774,0.035999999999999997,-0.88397685545788363
HMPVB,775,0.027499999999999997,-0.88776009791921662
HMPVB,776,0.0075000000000000006,-0.89666184488705913
HMPVB,777,-0.016500000000000001,-0.90734394124847007
HMPVB,778,-0.069500000000000006,-0.93093357071325245
HMPVB,779,-0.08199999999999999,-0.93649716256815396
HMPVB,780,-0.068000000000000005,-0.93026593969066429
HMPVB,781,-0.028000000000000001,-0.91246244575497948
HMPVB,782,0.071000000000000008,-0.86839879826415933
HMPVB,783,0.13850000000000001,-0.83835540224769112
HMPVB,784,0.19450000000000001,-0.81343051073773232
HMPVB,785,0.23399999999999999,-0.79584956047624344
HMPVB,786,0.24399999999999999,-0.7913986869923223
HMPVB,787,0.25750000000000001,-0.78539000778902857
HMPVB,788,0.26500000000000001,-0.78205185267608768
HMPVB,789,0.27100000000000002,-0.77938132858573494
HMPVB,790,0.26650000000000001,-0.78138422165349952
HMPVB,791,0.28400000000000003,-0.77359519305663738
HMPVB,792,0.314,-0.76024257260487371
HMPVB,793,0.35650000000000004,-0.74132636029820853
HMPVB,794,0.42449999999999999,-0.71106042060754426
HMPVB,795,0.46950000000000003,-0.69103148992989882
HMPVB,796,0.50800000000000001,-0.67389562701680206
HMPVB,797,0.53899999999999992,-0.66009791921664629
HMPVB,798,0.55600000000000005,-0.65253143429398019
HMPVB,799,0.58499999999999996,-0.63962390119060863
HMPVB,800,0.61850000000000005,-0.6247134750194725
HMPVB,801,0.65500000000000003,-0.60846778680316016
HMPVB,802,0.69900000000000007,-0.58888394347390682
HMPVB,803,0.74950000000000006,-0.56640703238010459
HMPVB,804,0.80699999999999994,-0.54081450984755763
HMPVB,805,0.872,-0.51188383220206968
HMPVB,806,0.93500000000000005,-0.48384332925336598
HMPVB,807,0.99649999999999994,-0.4564704573272505
HMPVB,808,1.0545,-0.43065539112050744
HMPVB,809,1.1099999999999999,-0.40595304328474474
HMPVB,810,1.1535,-0.3865917436296874
HMPVB,811,1.1859999999999999,-0.37212640480694337
HMPVB,812,1.208,-0.36233448314231675
HMPVB,813,1.2214999999999998,-0.35632580393902313
HMPVB,814,1.2214999999999998,-0.35632580393902313
HMPVB,815,1.214,-0.35966395905196402
HMPVB,816,1.1815,-0.37412929787470794
HMPVB,817,1.1755,-0.37679982196506068
HMPVB,818,1.1875,-0.37145877378435521
HMPVB,819,1.2195,-0.35721597863580734
HMPVB,820,1.2869999999999999,-0.32717258261933913
HMPVB,821,1.3445,-0.30158006008679206
HMPVB,822,1.4005000000000001,-0.27665516857683314
HMPVB,823,1.4504999999999999,-0.25440080115722719
HMPVB,824,1.4965000000000002,-0.23392678313118942
HMPVB,825,1.5225,-0.22235451207299439
HMPVB,826,1.5314999999999999,-0.21834872593746535
HMPVB,827,1.5249999999999999,-0.22124179370201413
HMPVB,828,1.4895,-0.23704239456993437
HMPVB,829,1.4704999999999999,-0.24549905418938478
HMPVB,830,1.4550000000000001,-0.25239790808946261
HMPVB,831,1.4419999999999999,-0.25818404361856018
HMPVB,832,1.4464999999999999,-0.25618115055079571
HMPVB,833,1.4220000000000002,-0.26708579058640258
HMPVB,834,1.3879999999999999,-0.28221876043173477
HMPVB,835,1.3294999999999999,-0.30825637031267394
HMPVB,836,1.2875000000000001,-0.32695003894514296
HMPVB,837,1.2555000000000001,-0.34119283409369083
HMPVB,838,1.2364999999999999,-0.34964949371314125
HMPVB,839,1.232,-0.35165238678090582
HMPVB,840,1.2429999999999999,-0.34675642594859246
HMPVB,841,1.268,-0.33562924223878943
HMPVB,842,1.3049999999999999,-0.31916101034828093
HMPVB,843,1.3620000000000001,-0.29379103148992991
HMPVB,844,1.4035000000000002,-0.27531990653165683
HMPVB,845,1.4375,-0.26018693668632475
HMPVB,846,1.46,-0.25017247134750198
HMPVB,847,1.4670000000000001,-0.24705685990875703
HMPVB,848,1.472,-0.24483142316679651
HMPVB,849,1.47,-0.24572159786358072
HMPVB,850,1.4615,-0.24950484032491382
HMPVB,851,1.4455,-0.2566262378991877
HMPVB,852,1.421,-0.26753087793479469
HMPVB,853,1.3904999999999998,-0.28110604206075451
HMPVB,854,1.3545,-0.2971291866028708
HMPVB,855,1.3094999999999999,-0.31715811728051635
HMPVB,856,1.2585000000000002,-0.33985757204851452
HMPVB,857,1.202,-0.36500500723266949
HMPVB,858,1.141,-0.39215533548458892
HMPVB,859,1.0800000000000001,-0.41930566373650829
HMPVB,860,1.022,-0.44512072994325136
HMPVB,861,0.96799999999999997,-0.46915544675642601
HMPVB,862,0.90900000000000003,-0.49541560031156118
HMPVB,863,0.88700000000000001,-0.50520752197618779
HMPVB,864,0.88749999999999996,-0.50498497830199174
HMPVB,865,0.93700000000000006,-0.48295315455658172
HMPVB,866,0.95849999999999991,-0.47338377656615116
HMPVB,867,0.96499999999999997,-0.47049070880160238
HMPVB,868,0.95350000000000001,-0.47560921330811173
HMPVB,869,0.90400000000000003,-0.49764103705352175
HMPVB,870,0.86450000000000005,-0.51522198731501057
HMPVB,871,0.82350000000000001,-0.53347056859908759
HMPVB,872,0.78449999999999998,-0.55082897518638041
HMPVB,873,0.74750000000000005,-0.56729720707688891
HMPVB,874,0.72249999999999992,-0.57842439078669194
HMPVB,875,0.70750000000000002,-0.58510070101257372
HMPVB,876,0.70300000000000007,-0.58710359408033819
HMPVB,877,0.71099999999999997,-0.58354289529320136
HMPVB,878,0.71649999999999991,-0.58109491487704468
HMPVB,879,0.72099999999999997,-0.5790920218092801
HMPVB,880,0.73099999999999998,-0.57464114832535884
HMPVB,881,0.72649999999999992,-0.57664404139312353
HMPVB,882,0.71150000000000002,-0.58332035161900531
HMPVB,883,0.68500000000000005,-0.5951151663513965
HMPVB,884,0.63250000000000006,-0.61848225214198282
HMPVB,885,0.59850000000000003,-0.63361522198731501
HMPVB,886,0.57199999999999995,-0.64541003671970631
HMPVB,887,0.55349999999999999,-0.65364415266496056
HMPVB,888,0.5585,-0.65141871592299994
HMPVB,889,0.53900000000000003,-0.66009791921664629
HMPVB,890,0.50849999999999995,-0.673673083342606
HMPVB,891,0.46799999999999997,-0.69169912095248698
HMPVB,892,0.40749999999999997,-0.71862690553021036
HMPVB,893,0.36349999999999999,-0.73821074885946369
HMPVB,894,0.32550000000000001,-0.7551240680983643
HMPVB,895,0.30299999999999999,-0.76513853343718707
HMPVB,896,0.27249999999999996,-0.77871369756314679
HMPVB,897,0.23949999999999999,-0.79340158006008688
HMPVB,898,0.20500000000000002,-0.80875709357961501
HMPVB,899,0.16149999999999998,-0.82811839323467229
HMPVB,900,0.13,-0.84213864470902422
HMPVB,901,0.10550000000000001,-0.8530432847446312
HMPVB,902,0.087999999999999995,-0.86083231334149324
HMPVB,903,0.082500000000000004,-0.86328029375764992
HMPVB,904,0.077499999999999999,-0.86550573049961055
HMPVB,905,0.074999999999999997,-0.86661844887059092
HMPVB,906,0.075999999999999998,-0.8661733615221987
HMPVB,907,0.080000000000000002,-0.86439301212863029
HMPVB,908,0.084999999999999992,-0.86216757538666966
HMPVB,909,0.091999999999999998,-0.85905196394792482
HMPVB,910,0.097000000000000003,-0.85682652720596419
HMPVB,911,0.1115,-0.85037276065427847
HMPVB,912,0.13300000000000001,-0.8408033826638478
HMPVB,913,0.16099999999999998,-0.82834093690886834
HMPVB,914,0.20150000000000001,-0.81031489929898748
HMPVB,915,0.23699999999999999,-0.79451429843106713
HMPVB,916,0.27249999999999996,-0.77871369756314679
HMPVB,917,0.3075,-0.7631356403694225
HMPVB,918,0.33750000000000002,-0.74978301991765883
HMPVB,919,0.3785,-0.73153443863358181
HMPVB,920,0.42549999999999999,-0.71061533325915216
HMPVB,921,0.48150000000000004,-0.68569044174919325
HMPVB,922,0.53350000000000009,-0.66254589963280286
HMPVB,923,0.58250000000000002,-0.640736619561589
HMPVB,924,0.627,-0.62093023255813962
HMPVB,925,0.66650000000000009,-0.60334928229665064
HMPVB,926,0.69950000000000001,-0.58866139979971077
HMPVB,927,0.72699999999999998,-0.57642149771892737
HMPVB,928,0.749,-0.56662957605430075
HMPVB,929,0.76200000000000001,-0.56084344052520307
HMPVB,930,0.78100000000000003,-0.55238678090575277
HMPVB,931,0.80099999999999993,-0.54348503393791037
HMPVB,932,0.82250000000000001,-0.53391565594747969
HMPVB,933,0.85099999999999998,-0.52123066651830419
HMPVB,934,0.86699999999999999,-0.51410926894403031
HMPVB,935,0.879,-0.50876822076332484
HMPVB,936,0.878,-0.50921330811171694
HMPVB,937,0.88800000000000001,-0.50476243462779569
HMPVB,938,0.90300000000000002,-0.49808612440191391
HMPVB,939,0.92399999999999993,-0.48873929008567935
HMPVB,940,0.95699999999999996,-0.47405140758873932
HMPVB,941,0.98250000000000004,-0.46270168020474017
HMPVB,942,1.0044999999999999,-0.45290975854011356
HMPVB,943,1.024,-0.44423055524646715
HMPVB,944,1.0355000000000001,-0.43911205073995768
HMPVB,945,1.0529999999999999,-0.43132302214309565
HMPVB,946,1.0714999999999999,-0.4230889061978414
HMPVB,947,1.0974999999999999,-0.4115166351396462
HMPVB,948,1.1120000000000001,-0.40506286858796037
HMPVB,949,1.1200000000000001,-0.40150216980082337
HMPVB,950,1.1200000000000001,-0.40150216980082337
HMPVB,951,1.1065,-0.40751084900411705
HMPVB,952,1.1025,-0.40929119839768557
HMPVB,953,1.101,-0.40995882942027378
HMPVB,954,1.1025,-0.40929119839768557
HMPVB,955,1.111,-0.40550795593635253
HMPVB,956,1.1135000000000002,-0.40439523756537216
HMPVB,957,1.113,-0.40461778123956832
HMPVB,958,1.1120000000000001,-0.40506286858796037
HMPVB,959,1.1019999999999999,-0.40951374207188168
HMPVB,960,1.0855000000000001,-0.41685768332035161
HMPVB,961,1.0620000000000001,-0.42731723600756649
HMPVB,962,1.0295000000000001,-0.44178257483031041
HMPVB,963,0.99849999999999994,-0.45558028263046629
HMPVB,964,0.96799999999999997,-0.46915544675642601
HMPVB,965,0.93900000000000006,-0.48206297985979751
HMPVB,966,0.90949999999999998,-0.49519305663736513
HMPVB,967,0.89050000000000007,-0.50364971625681543
HMPVB,968,0.87850000000000006,-0.50899076443752089
HMPVB,969,0.88400000000000001,-0.50654278402136421
HMPVB,970,0.87450000000000006,-0.51077111383108931
HMPVB,971,0.85599999999999998,-0.51900522977634367
HMPVB,972,0.82800000000000007,-0.53146767553132301
HMPVB,973,0.77849999999999997,-0.55349949927673303
HMPVB,974,0.74449999999999994,-0.56863246912206522
HMPVB,975,0.71649999999999991,-0.58109491487704468
HMPVB,976,0.69599999999999995,-0.59021920551908313
HMPVB,977,0.6895,-0.59311227328363192
HMPVB,978,0.67749999999999999,-0.59845332146433738
HMPVB,979,0.66600000000000004,-0.6035718259708468
HMPVB,980,0.65450000000000008,-0.6086903304773561
HMPVB,981,0.64549999999999996,-0.61269611661288526
HMPVB,982,0.63850000000000007,-0.6158117280516302
HMPVB,983,0.63450000000000006,-0.61759207744519862
HMPVB,984,0.63300000000000001,-0.61825970846778677
HMPVB,985,0.63749999999999996,-0.61625681540002231
HMPVB,986,0.64850000000000008,-0.61136085456770894
HMPVB,987,0.66599999999999993,-0.60357182597084691
HMPVB,988,0.69199999999999995,-0.59199955491265166
HMPVB,989,0.72199999999999998,-0.578646934460888
HMPVB,990,0.75750000000000006,-0.56284633359296765
HMPVB,991,0.81200000000000006,-0.53858907310559689
HMPVB,992,0.85799999999999998,-0.51811505507955946
HMPVB,993,0.90749999999999997,-0.49608323133414939
HMPVB,994,0.96550000000000002,-0.47026816512740627
HMPVB,995,0.98599999999999999,-0.46114387448536781
HMPVB,996,1.1234999999999999,-0.39994436408145106
HMPVB,997,1.3325,-0.30692110826749752
HMPVB,998,1.605,-0.18563480583064429
HMPVB,999,1.9674999999999998,-0.024290642038500176
HMPVB,1000,2.2675000000000001,0.10923556247913646
HMPVB,1001,2.5310000000000001,0.22651607878046065
HMPVB,1002,2.7869999999999999,0.34045843996884384
HMPVB,1003,2.8920000000000003,0.38719261155001672
HMPVB,1004,2.8689999999999998,0.37695560253699767
HMPVB,1005,2.7204999999999999,0.31086013130076762
HMPVB,1006,2.3819999999999997,0.16019806387003432
HMPVB,1007,2.0895000000000001,0.030010014465338797
HMPVB,1008,1.7949999999999999,-0.10106820963614116
HMPVB,1009,1.5169999999999999,-0.22480249248915107
HMPVB,1010,1.2774999999999999,-0.33140091242906433
HMPVB,1011,1.0645,-0.42620451763658623
HMPVB,1012,0.89050000000000007,-0.50364971625681543
HMPVB,1013,0.77600000000000002,-0.5546122176477134
HMPVB,1014,0.66900000000000004,-0.60223656392567038
HMPVB,1015,0.57999999999999996,-0.64184933793256937
HMPVB,1016,0.505,-0.67523088906197848
HMPVB,1017,0.442,-0.70327139201068212
HMPVB,1018,0.38750000000000001,-0.72752865249805276
HMPVB,1019,0.34050000000000002,-0.74844775787248252
HMPVB,1020,0.28949999999999998,-0.77114721264048069
HMPVB,1021,0.26350000000000001,-0.78271948369867594
HMPVB,1022,0.25650000000000001,-0.78583509513742078
HMPVB,1023,0.26900000000000002,-0.78027150328251915
HMPVB,1024,0.31,-0.76202292199844224
HMPVB,1025,0.34499999999999997,-0.74644486480471794
HMPVB,1026,0.3795,-0.7310893512851897
HMPVB,1027,0.41200000000000003,-0.71662401246244578
HMPVB,1028,0.432,-0.70772226549460338
HMPVB,1029,0.46050000000000002,-0.69503727606542787
HMPVB,1030,0.48849999999999999,-0.68257483031044841
HMPVB,1031,0.52700000000000002,-0.66543896739735175
HMPVB,1032,0.53800000000000003,-0.66054300656503839
HMPVB,1033,0.52849999999999997,-0.6647713363747636
HMPVB,1034,0.4975,-0.67856904417491937
HMPVB,1035,0.4355,-0.7061644597752309
HMPVB,1036,0.3755,-0.73286970067875823
HMPVB,1037,0.3125,-0.76091020362746198
HMPVB,1038,0.2505,-0.78850561922777351
HMPVB,1039,0.1885,-0.81610103482808505
HMPVB,1040,0.14050000000000001,-0.83746522755090691
HMPVB,1041,0.10400000000000001,-0.85371091576721936
HMPVB,1042,0.086499999999999994,-0.8614999443640815
HMPVB,1043,0.067500000000000004,-0.86995660398353181
HMPVB,1044,0.051000000000000004,-0.87730054523200185
HMPVB,1045,0.036499999999999998,-0.88375431178368757
HMPVB,1046,0.021999999999999999,-0.8902080783353733
HMPVB,1047,0.0094999999999999998,-0.89577167019027482
HMPVB,1048,-0.00049999999999999871,-0.90022254367419607
HMPVB,1049,-0.01,-0.90445087348392128
HMPVB,1050,-0.016,-0.90712139757427401
HMPVB,1051,-0.018499999999999999,-0.90823411594525427
HMPVB,1052,-0.017999999999999999,-0.90801157227105822
HMPVB,1053,-0.014999999999999999,-0.9066763102258818
HMPVB,1054,-0.0069999999999999993,-0.90311561143874486
HMPVB,1055,0.0045000000000000005,-0.89799710693223544
HMPVB,1056,0.018500000000000003,-0.89176588405474577
HMPVB,1057,0.040000000000000001,-0.8821965060643151
HMPVB,1058,0.051999999999999998,-0.87685545788360963
HMPVB,1059,0.060999999999999999,-0.87284967174808059
HMPVB,1060,0.056999999999999995,-0.87463002114164912
HMPVB,1061,0.068000000000000005,-0.86973406030933575
HMPVB,1062,0.088999999999999996,-0.86038722599310113
HMPVB,1063,0.1205,-0.84636697451874932
HMPVB,1064,0.17049999999999998,-0.82411260709914325
HMPVB,1065,0.21050000000000002,-0.80630911316345832
HMPVB,1066,0.2465,-0.79028596862134193
HMPVB,1067,0.27200000000000002,-0.77893624123734284
HMPVB,1068,0.30149999999999999,-0.76580616445977523
HMPVB,1069,0.33099999999999996,-0.75267608768220762
HMPVB,1070,0.36149999999999999,-0.7391009235562479
HMPVB,1071,0.39449999999999996,-0.72441304105930793
HMPVB,1072,0.42549999999999999,-0.71061533325915216
HMPVB,1073,0.45550000000000002,-0.6972627128073885
HMPVB,1074,0.48349999999999999,-0.68480026705240904
HMPVB,1075,0.51300000000000001,-0.67167019027484143
HMPVB,1076,0.53150000000000008,-0.66343607432958718
HMPVB,1077,0.54500000000000004,-0.65742739512629356
HMPVB,1078,0.53849999999999998,-0.66032046289084234
HMPVB,1079,0.55499999999999994,-0.65297652164237241
HMPVB,1080,0.58450000000000002,-0.63984644486480469
HMPVB,1081,0.627,-0.62093023255813962
HMPVB,1082,0.70300000000000007,-0.58710359408033819
HMPVB,1083,0.74049999999999994,-0.57041281851563375
HMPVB,1084,0.76150000000000007,-0.56106598419939913
HMPVB,1085,0.74150000000000005,-0.56996773116724153
HMPVB,1086,0.73849999999999993,-0.57130299321241806
HMPVB,1087,0.74399999999999999,-0.56885501279626127
HMPVB,1088,0.76049999999999995,-0.56151107154779134
HMPVB,1089,0.79849999999999999,-0.54459775230889063
HMPVB,1090,0.83050000000000002,-0.53035495716034275
HMPVB,1091,0.86399999999999999,-0.51544453098920662
HMPVB,1092,0.89500000000000002,-0.50164682318905085
HMPVB,1093,0.92700000000000005,-0.48740402804050298
HMPVB,1094,0.9415,-0.4809502614888172
HMPVB,1095,0.94450000000000001,-0.47961499944364083
HMPVB,1096,0.92100000000000004,-0.49007455213085571
HMPVB,1097,0.91700000000000004,-0.49185490152442418
HMPVB,1098,0.92149999999999999,-0.48985200845665966
HMPVB,1099,0.9355,-0.48362078557916993
HMPVB,1100,0.97299999999999998,-0.46693001001446538
HMPVB,1101,0.98299999999999987,-0.46247913653054418
HMPVB,1102,0.98099999999999987,-0.46336931122732844
HMPVB,1103,0.95300000000000007,-0.47583175698230779
HMPVB,1104,0.9365,-0.48317569823077783
HMPVB,1105,0.92449999999999999,-0.48851674641148329
HMPVB,1106,0.91999999999999993,-0.49051963947924787
HMPVB,1107,0.92900000000000005,-0.48651385334371872
HMPVB,1108,0.93399999999999994,-0.48428841660175814
HMPVB,1109,0.94100000000000006,-0.48117280516301325
HMPVB,1110,0.94650000000000001,-0.47872482474685657
HMPVB,1111,0.95550000000000002,-0.47471903861132747
HMPVB,1112,0.96799999999999997,-0.46915544675642601
HMPVB,1113,0.98199999999999998,-0.46292422387893628
HMPVB,1114,1.002,-0.45402247691109382
HMPVB,1115,1.0169999999999999,-0.44734616668521204
HMPVB,1116,1.0299999999999998,-0.44156003115611447
HMPVB,1117,1.0419999999999998,-0.43621898297540901
HMPVB,1118,1.0455000000000001,-0.43466117725603648
HMPVB,1119,1.071,-0.42331144987203745
HMPVB,1120,1.1065,-0.40751084900411705
HMPVB,1121,1.1644999999999999,-0.38169578279737404
HMPVB,1122,1.2065000000000001,-0.3630021141649048
HMPVB,1123,1.2395,-0.34831423166796482
HMPVB,1124,1.262,-0.33829976632914216
HMPVB,1125,1.2665,-0.33629687326137758
HMPVB,1126,1.2715000000000001,-0.33407143651941695
HMPVB,1127,1.2709999999999999,-0.33429398019361312
HMPVB,1128,1.2679999999999998,-0.33562924223878954
HMPVB,1129,1.254,-0.3418604651162791
HMPVB,1130,1.2315,-0.35187493045510188
HMPVB,1131,1.1995,-0.36611772560364975
HMPVB,1132,1.1585000000000001,-0.38436630688772666
HMPVB,1133,1.1120000000000001,-0.40506286858796037
HMPVB,1134,1.0600000000000001,-0.42820741070435075
HMPVB,1135,1.0044999999999999,-0.45290975854011356
HMPVB,1136,0.94399999999999995,-0.47983754311783694
HMPVB,1137,0.879,-0.50876822076332484
HMPVB,1138,0.8115,-0.53881161677979306
HMPVB,1139,0.74550000000000005,-0.56818738177367312
HMPVB,1140,0.67100000000000004,-0.60134638922888617
HMPVB,1141,0.62,-0.62404584399688434
HMPVB,1142,0.56400000000000006,-0.64897073550684325
HMPVB,1143,0.51449999999999996,-0.67100255925225327
HMPVB,1144,0.46850000000000003,-0.69147657727829093
HMPVB,1145,0.42649999999999999,-0.71017024591076006
HMPVB,1146,0.39300000000000002,-0.72508067208189608
HMPVB,1147,0.35050000000000003,-0.74399688438856126
HMPVB,1148,0.30249999999999999,-0.76536107711138313
HMPVB,1149,0.24349999999999999,-0.79162123066651835
HMPVB,1150,0.1885,-0.81610103482808505
HMPVB,1151,0.13550000000000001,-0.83969066429286754
HMPVB,1152,0.086999999999999994,-0.86127740068988545
HMPVB,1153,0.044499999999999998,-0.88019361299655063
HMPVB,1154,0.00099999999999999915,-0.89955491265160792
HMPVB,1155,-0.0034999999999999996,-0.9015578057193725
HMPVB,1156,-0.0065000000000000006,-0.90289306776454881
HMPVB,1157,-0.010999999999999999,-0.90489596083231338
HMPVB,1158,-0.013000000000000001,-0.90578613552909759
HMPVB,1159,-0.014999999999999999,-0.9066763102258818
HMPVB,1160,-0.019000000000000003,-0.90845665961945032
HMPVB,1161,-0.021999999999999999,-0.90979192166462675
HMPVB,1162,-0.0235,-0.9104595526872149
HMPVB,1163,-0.0235,-0.9104595526872149
HMPVB,1164,-0.0235,-0.9104595526872149
HMPVB,1165,-0.016,-0.90712139757427401
HMPVB,1166,-0.002,-0.90089017469678423
HMPVB,1167,0.021000000000000001,-0.89065316568376551
HMPVB,1168,0.041000000000000002,-0.881751418715923
HMPVB,1169,0.060999999999999999,-0.87284967174808059
HMPVB,1170,0.080500000000000002,-0.86417046845443424
HMPVB,1171,0.095000000000000001,-0.8577167019027484
HMPVB,1172,0.113,-0.8497051296316902
HMPVB,1173,0.13150000000000001,-0.84147101368643595
HMPVB,1174,0.153,-0.83190163569600539
HMPVB,1175,0.16650000000000001,-0.82589295649271177
HMPVB,1176,0.17499999999999999,-0.82210971403137867
HMPVB,1177,0.17699999999999999,-0.82121953933459446
HMPVB,1178,0.17299999999999999,-0.82299988872816288
HMPVB,1179,0.16749999999999998,-0.82544786914431956
HMPVB,1180,0.1595,-0.82900856793145661
HMPVB,1181,0.14400000000000002,-0.83590742183153444
HMPVB,1182,0.14500000000000002,-0.83546233448314233
HMPVB,1183,0.159,-0.82923111160565266
HMPVB,1184,0.1845,-0.81788138422165346
HMPVB,1185,0.23499999999999999,-0.79540447312785134
HMPVB,1186,0.26200000000000001,-0.7833871147212641
HMPVB,1187,0.27850000000000003,-0.77604317347279406
HMPVB,1188,0.27100000000000002,-0.77938132858573494
HMPVB,1189,0.28300000000000003,-0.77404028040502948
HMPVB,1190,0.308,-0.76291309669522644
HMPVB,1191,0.34799999999999998,-0.74510960275954163
HMPVB,1192,0.41049999999999998,-0.71729164348503394
HMPVB,1193,0.47499999999999998,-0.68858350951374214
HMPVB,1194,0.54800000000000004,-0.65609213308111713
HMPVB,1195,0.62650000000000006,-0.62115277623233567
HMPVB,1196,0.71250000000000002,-0.5828752642706132
HMPVB,1197,0.80249999999999999,-0.5428174029153221
HMPVB,1198,0.89700000000000002,-0.50075664849226664
HMPVB,1199,0.99199999999999999,-0.45847335039501508
HMPVB,1200,1.0874999999999999,-0.41596750862356746
HMPVB,1201,1.1779999999999999,-0.37568710359408042
HMPVB,1202,1.27,-0.33473906754200511
HMPVB,1203,1.3414999999999999,-0.30291532213196848
HMPVB,1204,1.3955000000000002,-0.27888060531879377
HMPVB,1205,1.4315,-0.26285746077667749
HMPVB,1206,1.4399999999999999,-0.25907421831534438
HMPVB,1207,1.45,-0.25462334483142324
HMPVB,1208,1.4535,-0.25306553911205076
HMPVB,1209,1.4615,-0.24950484032491382
HMPVB,1210,1.448,-0.25551351952820744
HMPVB,1211,1.419,-0.268421052631579
HMPVB,1212,1.3774999999999999,-0.28689217758985208
HMPVB,1213,1.3145,-0.31493268053855572
HMPVB,1214,1.2734999999999999,-0.33318126182263275
HMPVB,1215,1.244,-0.34631133860020036
HMPVB,1216,1.238,-0.34898186269055309
HMPVB,1217,1.2305000000000001,-0.35232001780349387
HMPVB,1218,1.2275,-0.35365527984867029
HMPVB,1219,1.2290000000000001,-0.35298764882608213
HMPVB,1220,1.2294999999999998,-0.35276510515188619
HMPVB,1221,1.2469999999999999,-0.34497607655502405
HMPVB,1222,1.2749999999999999,-0.33251363080004459
HMPVB,1223,1.3205,-0.31226215644820299
HMPVB,1224,1.3624999999999998,-0.29356848781573397
HMPVB,1225,1.405,-0.27465227550906868
HMPVB,1226,1.4470000000000001,-0.25595860687659955
HMPVB,1227,1.4824999999999999,-0.24015800600867931
HMPVB,1228,1.5310000000000001,-0.21857126961166129
HMPVB,1229,1.5859999999999999,-0.1940914654500947
HMPVB,1230,1.6525000000000001,-0.16449315678201848
HMPVB,1231,1.7124999999999999,-0.13778791587849126
HMPVB,1232,1.7705000000000002,-0.11197284967174803
HMPVB,1233,1.8239999999999998,-0.088160676532769711
HMPVB,1234,1.8714999999999999,-0.067019027484143789
HMPVB,1235,1.9180000000000001,-0.046322465783910083
HMPVB,1236,1.9615,-0.026961166128852798
HMPVB,1237,2,-0.0098253032157561426
HMPVB,1238,2.0430000000000001,0.0093134527651052013
HMPVB,1239,2.089,0.029787470791142745
HMPVB,1240,2.1429999999999998,0.053822187604317229
HMPVB,1241,2.1915,0.075408924001335254
HMPVB,1242,2.2359999999999998,0.095215311004784531
HMPVB,1243,2.2744999999999997,0.11235117391788119
HMPVB,1244,2.3025000000000002,0.12481361967286075
HMPVB,1245,2.3339999999999996,0.13883387114721246
HMPVB,1246,2.3635000000000002,0.15196394792478018
HMPVB,1247,2.4005000000000001,0.16843217981528869
HMPVB,1248,2.4234999999999998,0.17866918882830751
HMPVB,1249,2.4370000000000003,0.18467786803160136
HMPVB,1250,2.4394999999999998,0.18579058640258139
HMPVB,1251,2.4239999999999999,0.17889173250250356
HMPVB,1252,2.4180000000000001,0.17622120841215094
HMPVB,1253,2.4160000000000004,0.17533103371536674
HMPVB,1254,2.4224999999999999,0.17822410147991541
HMPVB,1255,2.4289999999999998,0.18111716924446408
HMPVB,1256,2.4370000000000003,0.18467786803160136
HMPVB,1257,2.4445000000000001,0.18801602314454213
HMPVB,1258,2.4530000000000003,0.19179926560587524
HMPVB,1259,2.4530000000000003,0.19179926560587524
HMPVB,1260,2.4445000000000001,0.18801602314454213
HMPVB,1261,2.4255,0.17955936352509172
HMPVB,1262,2.4024999999999999,0.16932235451207289
HMPVB,1263,2.3745000000000003,0.15685990875709377
HMPVB,1264,2.3414999999999999,0.14217202626015346
HMPVB,1265,2.3035000000000001,0.12525870702125286
HMPVB,1266,2.2614999999999998,0.10656503838878362
HMPVB,1267,2.2145000000000001,0.085645933014354081
HMPVB,1268,2.1659999999999999,0.064059196617336056
HMPVB,1269,2.1064999999999996,0.037576499388004669
HMPVB,1270,2.0380000000000003,0.0070880160231445721
HMPVB,1271,1.9615,-0.026961166128852798
HMPVB,1272,1.8759999999999999,-0.065016134416379323
HMPVB,1273,1.7865,-0.10485145209747415
HMPVB,1274,1.694,-0.14602203182374551
HMPVB,1275,1.5954999999999999,-0.1898631356403695
HMPVB,1276,1.5055000000000001,-0.22992099699566038
HMPVB,1277,1.4219999999999999,-0.26708579058640269
HMPVB,1278,1.3515000000000001,-0.29846444864804711
HMPVB,1279,1.2810000000000001,-0.32984310670969175
HMPVB,1280,1.2130000000000001,-0.36010904640035601
HMPVB,1281,1.1455,-0.39015244241682434
HMPVB,1282,1.0765,-0.42086346945588071
HMPVB,1283,1.0125000000000002,-0.44934905975297645
HMPVB,1284,0.95199999999999996,-0.47627684433069994
HMPVB,1285,0.89799999999999991,-0.50031156114387454
HMPVB,1286,0.84499999999999997,-0.52390119060865703
HMPVB,1287,0.79549999999999998,-0.54593301435406705
HMPVB,1288,0.75049999999999994,-0.5659619450317126
HMPVB,1289,0.69100000000000006,-0.59244464226104365
HMPVB,1290,0.70100000000000007,-0.58799376877712251
HMPVB,1291,0.71150000000000002,-0.58332035161900531
HMPVB,1292,0.72399999999999998,-0.57775675976410379
HMPVB,1293,0.73550000000000004,-0.57263825525759438
HMPVB,1294,0.74500000000000011,-0.56840992544786917
HMPVB,1295,0.75449999999999995,-0.56418159563814396
HMPVB,1296,0.7609999999999999,-0.56128852787359529
HMPVB,1297,0.77449999999999997,-0.55527984867030167
HMPVB,1298,0.79200000000000004,-0.54749082007343941
HMPVB,1299,0.81600000000000006,-0.53680872371202848
HMPVB,1300,0.83750000000000002,-0.52723934572159781
HMPVB,1301,0.85749999999999993,-0.51833759875375551
HMPVB,1302,0.875,-0.51054857015689326
HMPVB,1303,0.89300000000000002,-0.50253699788583517
HMPVB,1304,0.9415,-0.4809502614888172
HMPVB,1305,0.99649999999999994,-0.4564704573272505
HMPVB,1306,1.0785,-0.4199732947590965
HMPVB,1307,1.1435,-0.39104261711360855
HMPVB,1308,1.2055,-0.36344720151329701
HMPVB,1309,1.2589999999999999,-0.33963502837431858
HMPVB,1310,1.3174999999999999,-0.31359741849337941
HMPVB,1311,1.379,-0.28622454656726382
HMPVB,1312,1.4435,-0.25751641259597202
HMPVB,1313,1.51,-0.22791810392789591
HMPVB,1314,1.5840000000000001,-0.1949816401468788
HMPVB,1315,1.661,-0.16070991432068549
HMPVB,1316,1.7515000000000001,-0.12042950929119844
HMPVB,1317,1.8194999999999999,-0.090163569600534177
HMPVB,1318,1.871,-0.067241571158339841
HMPVB,1319,1.905,-0.052108601313007652
HMPVB,1320,1.9119999999999999,-0.048992989874262927
HMPVB,1321,1.9350000000000001,-0.038755980861243988
HMPVB,1322,1.9624999999999999,-0.026516078780460695
HMPVB,1323,2.004,-0.0080449538221876171
HMPVB,1324,2.032,0.0044174919327918394
HMPVB,1325,2.0540000000000003,0.014209413597418563
HMPVB,1326,2.0655000000000001,0.019327918103927866
HMPVB,1327,2.0750000000000002,0.023556247913653072
HMPVB,1328,2.0819999999999999,0.026671859352397798
HMPVB,1329,2.0880000000000001,0.029342383442750641
HMPVB,1330,2.0925000000000002,0.031345276510515219
HMPVB,1331,2.0975000000000001,0.033570713252475848
HMPVB,1332,2.101,0.03512851897184821
HMPVB,1333,2.1055000000000001,0.037131412039612788
HMPVB,1334,2.1059999999999999,0.037353955713808729
HMPVB,1335,2.1025,0.035796149994436366
HMPVB,1336,2.0935000000000001,0.031790363858907322
HMPVB,1337,2.0800000000000001,0.025781684655613701
HMPVB,1338,2.0605000000000002,0.017102481361967348
HMPVB,1339,2.036,0.0061978413263602539
HMPVB,1340,2.0049999999999999,-0.0075998664737955135
HMPVB,1341,1.9735,-0.021620117948147333
HMPVB,1342,1.9415,-0.035862913096695204
HMPVB,1343,1.9119999999999999,-0.048992989874262927
HMPVB,1344,1.8799999999999999,-0.063235785022810798
HMPVB,1345,1.8475000000000001,-0.077701123845554609
HMPVB,1346,1.8149999999999999,-0.092166462668298754
HMPVB,1347,1.7795000000000001,-0.10796706353621899
HMPVB,1348,1.7524999999999999,-0.11998442194280634
HMPVB,1349,1.7309999999999999,-0.12955379993323701
HMPVB,1350,1.7225000000000001,-0.13333704239456989
HMPVB,1351,1.7050000000000001,-0.14112607099143204
HMPVB,1352,1.6835,-0.15069544898186271
HMPVB,1353,1.643,-0.16872148659174369
HMPVB,1354,1.6219999999999999,-0.17806832090797831
HMPVB,1355,1.6160000000000001,-0.18073884499833093
HMPVB,1356,1.6265000000000001,-0.17606542784021362
HMPVB,1357,1.6735,-0.15514632246578397
HMPVB,1358,1.6859999999999999,-0.14958273061088245
HMPVB,1359,1.6804999999999999,-0.15203071102703913
HMPVB,1360,1.6315,-0.1738399910982531
HMPVB,1361,1.6034999999999999,-0.18630243685323256
HMPVB,1362,1.5874999999999999,-0.19342383442750644
HMPVB,1363,1.5865,-0.19386892177589854
HMPVB,1364,1.6154999999999999,-0.18096138867252709
HMPVB,1365,1.6179999999999999,-0.17984867030154672
HMPVB,1366,1.6114999999999999,-0.1827417380660955
HMPVB,1367,1.5805,-0.19653944586625127
HMPVB,1368,1.5674999999999999,-0.20232558139534895
HMPVB,1369,1.5615000000000001,-0.20499610548570157
HMPVB,1370,1.5830000000000002,-0.1954267274952709
HMPVB,1371,1.5860000000000001,-0.19409146545009459
HMPVB,1372,1.5765,-0.1983197952598198
HMPVB,1373,1.5545,-0.20811171692444641
HMPVB,1374,1.5024999999999999,-0.2312562590408368
HMPVB,1375,1.4864999999999999,-0.23837765661511079
HMPVB,1376,1.4889999999999999,-0.23726493824413053
HMPVB,1377,1.53,-0.21901635696005339
HMPVB,1378,1.5545,-0.20811171692444641
HMPVB,1379,1.571,-0.20076777567597648
HMPVB,1380,1.5710000000000002,-0.20076777567597637
HMPVB,1381,1.5655000000000001,-0.20321575609213305
HMPVB,1382,1.5545,-0.20811171692444641
HMPVB,1383,1.5394999999999999,-0.2147880271503283
HMPVB,1384,1.5165,-0.22502503616334713
HMPVB,1385,1.5049999999999999,-0.23014354066985654
HMPVB,1386,1.5005000000000002,-0.23214643373762101
HMPVB,1387,1.5110000000000001,-0.2274730165795037
HMPVB,1388,1.5145,-0.22591521086013133
HMPVB,1389,1.5129999999999999,-0.2265828418827196
HMPVB,1390,1.5065,-0.22947590964726838
HMPVB,1391,1.4765000000000001,-0.24282853009903194
HMPVB,1392,1.4805000000000001,-0.24104818070546341
HMPVB,1393,1.4744999999999999,-0.24371870479581625
HMPVB,1394,1.4689999999999999,-0.24616668521197294
HMPVB,1395,1.4605000000000001,-0.24994992767330582
HMPVB,1396,1.4495,-0.25484588850561929
HMPVB,1397,1.4340000000000002,-0.26174474240569712
HMPVB,1398,1.4224999999999999,-0.26686324691220664
HMPVB,1399,1.4119999999999999,-0.27153666407032384
HMPVB,1400,1.4045000000000001,-0.27487481918326473
HMPVB,1401,1.4015,-0.27621008122844115
HMPVB,1402,1.3955,-0.27888060531879388
HMPVB,1403,1.387,-0.28266384778012688
HMPVB,1404,1.3679999999999999,-0.29112050739957729
HMPVB,1405,1.3519999999999999,-0.29824190497385117
HMPVB,1406,1.3105,-0.31671302993212425
HMPVB,1407,1.238,-0.34898186269055309
HMPVB,1408,1.1799999999999999,-0.3747969288972961
HMPVB,1409,1.137,-0.39393568487815733
HMPVB,1410,1.1134999999999999,-0.40439523756537227
HMPVB,1411,1.123,-0.40016690775564706
HMPVB,1412,1.1200000000000001,-0.40150216980082337
HMPVB,1413,1.1154999999999999,-0.403505062868588
HMPVB,1414,1.1099999999999999,-0.40595304328474474
HMPVB,1415,1.0914999999999999,-0.41418715922999894
HMPVB,1416,1.0625,-0.42709469233337044
HMPVB,1417,1.0085,-0.45112940914654504
HMPVB,1418,0.97299999999999998,-0.46693001001446538
HMPVB,1419,0.95199999999999996,-0.47627684433069994
HMPVB,1420,0.94650000000000001,-0.47872482474685657
HMPVB,1421,0.97449999999999992,-0.46626237899187722
HMPVB,1422,0.96850000000000003,-0.4689329030822299
HMPVB,1423,0.94950000000000001,-0.4773895627016802
HMPVB,1424,0.89400000000000002,-0.50209191053744306
HMPVB,1425,0.876,-0.51010348280850115
HMPVB,1426,0.88149999999999995,-0.50765550239234458
HMPVB,1427,0.92999999999999994,-0.48606876599532661
HMPVB,1428,0.97399999999999998,-0.46648492266607328
HMPVB,1429,1.0175000000000001,-0.44712362301101588
HMPVB,1430,1.0580000000000001,-0.42909758540113496
HMPVB,1431,1.0859999999999999,-0.41663513964615567
HMPVB,1432,1.129,-0.39749638366529438
HMPVB,1433,1.1785000000000001,-0.37546455991988426
HMPVB,1434,1.2415,-0.34742405697118062
HMPVB,1435,1.2930000000000001,-0.32450205852898628
HMPVB,1436,1.3384999999999998,-0.3042505841771449
HMPVB,1437,1.3664999999999998,-0.29178813842216544
HMPVB,1438,1.405,-0.27465227550906868
HMPVB,1439,1.4504999999999999,-0.25440080115722719
HMPVB,1440,1.5024999999999999,-0.2312562590408368
HMPVB,1441,1.5655000000000001,-0.20321575609213305
HMPVB,1442,1.6214999999999999,-0.17829086458217436
HMPVB,1443,1.6735,-0.15514632246578397
HMPVB,1444,1.7215,-0.13378212974296211
HMPVB,1445,1.7530000000000001,-0.11976187826861018
HMPVB,1446,1.7690000000000001,-0.11264048069433619
HMPVB,1447,1.7645,-0.11464337376210088
HMPVB,1448,1.7509999999999999,-0.1206520529653945
HMPVB,1449,1.728,-0.13088906197841332
HMPVB,1450,1.6970000000000001,-0.14468676977856909
HMPVB,1451,1.6619999999999999,-0.16026482697229338
HMPVB,1452,1.6179999999999999,-0.17984867030154672
HMPVB,1453,1.5705,-0.20099031935017253
HMPVB,1454,1.5125,-0.22680538555691554
HMPVB,1455,1.4744999999999999,-0.24371870479581625
HMPVB,1456,1.4515,-0.25395571380883497
HMPVB,1457,1.454,-0.25284299543785471
HMPVB,1458,1.4470000000000001,-0.25595860687659955
HMPVB,1459,1.4339999999999999,-0.26174474240569723
HMPVB,1460,1.4060000000000001,-0.27420718816067646
HMPVB,1461,1.3759999999999999,-0.28755980861244024
HMPVB,1462,1.3414999999999999,-0.30291532213196848
HMPVB,1463,1.3029999999999999,-0.32005118504506513
HMPVB,1464,1.262,-0.33829976632914216
HMPVB,1465,1.2130000000000001,-0.36010904640035601
HMPVB,1466,1.1579999999999999,-0.38458885056192282
HMPVB,1467,1.0965,-0.41196172248803831
HMPVB,1468,1.0314999999999999,-0.44089240013352632
HMPVB,1469,0.96449999999999991,-0.47071325247579843
HMPVB,1470,0.89200000000000002,-0.50298208523422727
HMPVB,1471,0.82650000000000001,-0.53213530655391117
HMPVB,1472,0.76800000000000002,-0.55817291643485034
HMPVB,1473,0.71649999999999991,-0.58109491487704468
HMPVB,1474,0.6785000000000001,-0.59800823411594517
HMPVB,1475,0.62549999999999994,-0.62159786358072777
HMPVB,1476,0.56549999999999989,-0.6483031044842551
HMPVB,1477,0.48999999999999999,-0.68190719928786026
HMPVB,1478,0.42849999999999999,-0.70928007121397574
HMPVB,1479,0.3755,-0.73286970067875823
HMPVB,1480,0.33999999999999997,-0.74867030154667857
HMPVB,1481,0.30399999999999999,-0.76469344608879497
HMPVB,1482,0.27149999999999996,-0.77915878491153889
HMPVB,1483,0.23299999999999998,-0.79629464782463566
HMPVB,1484,0.20900000000000002,-0.80697674418604648
HMPVB,1485,0.19850000000000001,-0.81165016134416379
HMPVB,1486,0.19900000000000001,-0.81142761766996774
HMPVB,1487,0.22299999999999998,-0.80074552130855681
HMPVB,1488,0.22249999999999998,-0.80096806498275286
HMPVB,1489,0.20850000000000002,-0.80719928786024253
HMPVB,1490,0.16599999999999998,-0.82611550016690782
HMPVB,1491,0.13350000000000001,-0.84058083898965175
HMPVB,1492,0.10600000000000001,-0.85282074107043504
HMPVB,1493,0.090999999999999998,-0.85949705129631693
HMPVB,1494,0.076499999999999999,-0.86595081784800265
HMPVB,1495,0.065000000000000002,-0.87106932235451207
HMPVB,1496,0.057500000000000002,-0.87440747746745306
HMPVB,1497,0.048000000000000001,-0.87863580727717816
HMPVB,1498,0.055999999999999994,-0.87507510849004122
HMPVB,1499,0.073999999999999996,-0.86706353621898302
HMPVB,1500,0.111,-0.85059530432847452
HMPVB,1501,0.13300000000000001,-0.8408033826638478
HMPVB,1502,0.14550000000000002,-0.83523979080894628
HMPVB,1503,0.14000000000000001,-0.83768777122510296
HMPVB,1504,0.13450000000000001,-0.84013575164125964
HMPVB,1505,0.127,-0.84347390675420053
HMPVB,1506,0.11900000000000001,-0.84703460554133747
HMPVB,1507,0.1105,-0.85081784800267057
HMPVB,1508,0.10250000000000001,-0.85437854678980751
HMPVB,1509,0.096500000000000002,-0.85704907088016025
HMPVB,1510,0.091499999999999998,-0.85927450762212088
HMPVB,1511,0.090999999999999998,-0.85949705129631693
HMPVB,1512,0.094500000000000001,-0.85793924557694445
HMPVB,1513,0.1045,-0.85348837209302331
HMPVB,1514,0.11199999999999999,-0.85015021698008242
HMPVB,1515,0.11849999999999999,-0.84725714921553352
HMPVB,1516,0.12,-0.84658951819294537
HMPVB,1517,0.1285,-0.84280627573161238
HMPVB,1518,0.14200000000000002,-0.83679759652831875
HMPVB,1519,0.16849999999999998,-0.82500278179592745
HMPVB,1520,0.1885,-0.81610103482808505
HMPVB,1521,0.20200000000000001,-0.81009235562479143
HMPVB,1522,0.21000000000000002,-0.80653165683765438
HMPVB,1523,0.20250000000000001,-0.80986981195059538
HMPVB,1524,0.21400000000000002,-0.80475130744408596
HMPVB,1525,0.23750000000000002,-0.79429175475687108
HMPVB,1526,0.28149999999999997,-0.77470791142761775
HMPVB,1527,0.31850000000000001,-0.75823967953710913
HMPVB,1528,0.35299999999999998,-0.742884166017581
HMPVB,1529,0.38,-0.73086680761099365
HMPVB,1530,0.40549999999999997,-0.71951708022699457
HMPVB,1531,0.42900000000000005,-0.70905752753977969
HMPVB,1532,0.45199999999999996,-0.69882051852676086
HMPVB,1533,0.46950000000000003,-0.69103148992989882
HMPVB,1534,0.48250000000000004,-0.68524535440080114
HMPVB,1535,0.49249999999999999,-0.68079448091688
HMPVB,1536,0.49299999999999999,-0.68057193724268394
HMPVB,1537,0.51049999999999995,-0.6727829086458218
HMPVB,1538,0.53950000000000009,-0.65987537554245024
HMPVB,1539,0.58749999999999991,-0.63851118281962838
HMPVB,1540,0.62949999999999995,-0.61981751418715936
HMPVB,1541,0.66850000000000009,-0.60245910759986643
HMPVB,1542,0.69799999999999995,-0.58932903082229893
HMPVB,1543,0.72899999999999998,-0.57553132302214305
HMPVB,1544,0.75800000000000001,-0.5626237899187716
HMPVB,1545,0.79400000000000004,-0.5466006453766552
HMPVB,1546,0.81600000000000006,-0.53680872371202848
HMPVB,1547,0.82550000000000001,-0.53258039390230327
HMPVB,1548,0.82350000000000001,-0.53347056859908759
HMPVB,1549,0.79549999999999998,-0.54593301435406705
HMPVB,1550,0.80699999999999994,-0.54081450984755763
HMPVB,1551,0.84150000000000003,-0.52545899632802939
HMPVB,1552,0.92100000000000004,-0.49007455213085571
HMPVB,1553,0.97399999999999998,-0.46648492266607328
HMPVB,1554,1.0110000000000001,-0.45001669077556467
HMPVB,1555,1.0185,-0.44667853566262383
HMPVB,1556,1.0245,-0.4440080115722711
HMPVB,1557,1.0249999999999999,-0.44378546789807505
HMPVB,1558,1.0229999999999999,-0.44467564259485931
HMPVB,1559,1.0234999999999999,-0.44445309892066326
HMPVB,1560,1.028,-0.44245020585289863
HMPVB,1561,1.0385,-0.43777678869478137
HMPVB,1562,1.0565,-0.42976521642372317
HMPVB,1563,1.0745,-0.42175364415266497
HMPVB,1564,1.0945,-0.41285189718482251
HMPVB,1565,1.1134999999999999,-0.40439523756537227
HMPVB,1566,1.1364999999999998,-0.3941582285523535
HMPVB,1567,1.1619999999999999,-0.3828085011683543
HMPVB,1568,1.1945000000000001,-0.36834316234561026
HMPVB,1569,1.214,-0.35966395905196402
HMPVB,1570,1.2230000000000001,-0.35565817291643487
HMPVB,1571,1.2095,-0.36166685211972849
HMPVB,1572,1.2095,-0.36166685211972849
HMPVB,1573,1.22,-0.35699343496161129
HMPVB,1574,1.242,-0.34720151329698457
HMPVB,1575,1.2875000000000001,-0.32695003894514296
HMPVB,1576,1.3075000000000001,-0.31804829197730056
HMPVB,1577,1.3149999999999999,-0.31471013686435967
HMPVB,1578,1.298,-0.32227662178702576
HMPVB,1579,1.296,-0.32316679648380997
HMPVB,1580,1.2985,-0.32205407811282971
HMPVB,1581,1.3185,-0.31315233114498719
HMPVB,1582,1.3170000000000002,-0.31381996216757535
HMPVB,1583,1.302,-0.32049627239345724
HMPVB,1584,1.2629999999999999,-0.33785467898075006
HMPVB,1585,1.228,-0.35343273617447424
HMPVB,1586,1.1955,-0.36789807499721827
HMPVB,1587,1.1705000000000001,-0.3790252587070212
HMPVB,1588,1.1515,-0.38748191832647161
HMPVB,1589,1.1395,-0.39282296650717707
HMPVB,1590,1.135,-0.39482585957494165
HMPVB,1591,1.1415,-0.39193279181039287
HMPVB,1592,1.1395,-0.39282296650717707
HMPVB,1593,1.1345000000000001,-0.39504840324913759
HMPVB,1594,1.1200000000000001,-0.40150216980082337
HMPVB,1595,1.119,-0.40194725714921559
HMPVB,1596,1.1274999999999999,-0.39816401468788254
HMPVB,1597,1.1485000000000001,-0.38881718037164792
HMPVB,1598,1.1695,-0.37947034605541341
HMPVB,1599,1.1905000000000001,-0.37012351173917879
HMPVB,1600,1.2109999999999999,-0.36099922109714044
HMPVB,1601,1.2270000000000001,-0.35387782352286634
HMPVB,1602,1.238,-0.34898186269055309
HMPVB,1603,1.242,-0.34720151329698457
HMPVB,1604,1.2429999999999999,-0.34675642594859246
HMPVB,1605,1.2415,-0.34742405697118062
HMPVB,1606,1.2384999999999999,-0.34875931901635704
HMPVB,1607,1.2330000000000001,-0.35120729943251361
HMPVB,1608,1.2284999999999999,-0.35321019250027819
HMPVB,1609,1.2224999999999999,-0.35588071659063103
HMPVB,1610,1.2189999999999999,-0.35743852231000339
HMPVB,1611,1.2044999999999999,-0.36389228886168923
HMPVB,1612,1.1830000000000001,-0.37346166685211979
HMPVB,1613,1.1475,-0.38926226772004013
HMPVB,1614,1.1214999999999999,-0.40083453877823527
HMPVB,1615,1.1000000000000001,-0.41040391676866583
HMPVB,1616,1.0920000000000001,-0.41396461555580283
HMPVB,1617,1.075,-0.42153110047846892
HMPVB,1618,1.0509999999999999,-0.43221319683987991
HMPVB,1619,1.012,-0.44957160342717262
HMPVB,1620,0.97700000000000009,-0.46514966062089685
HMPVB,1621,0.9425,-0.4805051741404251
HMPVB,1622,0.92699999999999994,-0.48740402804050298
HMPVB,1623,0.89349999999999996,-0.50231445421163912
HMPVB,1624,0.84350000000000003,-0.52456882163124519
HMPVB,1625,0.77899999999999991,-0.55327695560253698
HMPVB,1626,0.67300000000000004,-0.60045621453210196
HMPVB,1627,0.64200000000000002,-0.61425392233225773
HMPVB,1628,0.65749999999999997,-0.60735506843217979
HMPVB,1629,0.76149999999999995,-0.56106598419939924
HMPVB,1630,0.8075,-0.54059196617336158
HMPVB,1631,0.82150000000000001,-0.53436074329587191
HMPVB,1632,0.76550000000000007,-0.5592856348058306
HMPVB,1633,0.73799999999999999,-0.57152553688661401
HMPVB,1634,0.72750000000000004,-0.57619895404473132
HMPVB,1635,0.753,-0.56484922666073212
HMPVB,1636,0.77900000000000003,-0.55327695560253698
HMPVB,1637,0.8095,-0.53970179147657737
HMPVB,1638,0.83699999999999997,-0.52746188939579397
HMPVB,1639,0.87749999999999995,-0.509435851785913
HMPVB,1640,0.92949999999999999,-0.48629130966952266
HMPVB,1641,0.99350000000000005,-0.45780571937242687
HMPVB,1642,1.073,-0.42242127517525319
HMPVB,1643,1.1385000000000001,-0.39326805385556918
HMPVB,1644,1.1964999999999999,-0.36745298764882617
HMPVB,1645,1.2390000000000001,-0.34853677534216088
HMPVB,1646,1.2894999999999999,-0.32605986424835887
HMPVB,1647,1.3414999999999999,-0.30291532213196848
HMPVB,1648,1.3979999999999999,-0.27776788694781362
HMPVB,1649,1.4515,-0.25395571380883497
HMPVB,1650,1.5024999999999999,-0.2312562590408368
HMPVB,1651,1.5535000000000001,-0.20855680427283851
HMPVB,1652,1.5965,-0.18941804829197728
HMPVB,1653,1.633,-0.17317236007566483
HMPVB,1654,1.6585000000000001,-0.16182263269166575
HMPVB,1655,1.6859999999999999,-0.14958273061088245
HMPVB,1656,1.714,-0.137120284855903
HMPVB,1657,1.7454999999999998,-0.12310003338155129
HMPVB,1658,1.776,-0.10952486925559146
HMPVB,1659,1.8039999999999998,-0.097062423500612116
HMPVB,1660,1.8355000000000001,-0.083042172026260075
HMPVB,1661,1.8534999999999999,-0.075030599755201988
HMPVB,1662,1.8565,-0.073695337710025566
HMPVB,1663,1.8460000000000001,-0.078368754868142876
HMPVB,1664,1.8115000000000001,-0.093724268387671117
HMPVB,1665,1.7955000000000001,-0.100845665961945
HMPVB,1666,1.7885,-0.10396127740068994
HMPVB,1667,1.8009999999999999,-0.098397685545788427
HMPVB,1668,1.8010000000000002,-0.098397685545788316
HMPVB,1669,1.7929999999999999,-0.10195838433292537
HMPVB,1670,1.7749999999999999,-0.10996995660398357
HMPVB,1671,1.748,-0.12198731501057081
HMPVB,1672,1.7130000000000001,-0.1375653722042951
HMPVB,1673,1.6615,-0.16048737064648944
HMPVB,1674,1.6214999999999999,-0.17829086458217436
HMPVB,1675,1.591,-0.19186602870813396
HMPVB,1676,1.5865,-0.19386892177589854
HMPVB,1677,1.5600000000000001,-0.20566373650828973
HMPVB,1678,1.5145,-0.22591521086013133
HMPVB,1679,1.4304999999999999,-0.26330254812506959
HMPVB,1680,1.3519999999999999,-0.29824190497385117
HMPVB,1681,1.2805,-0.33006565038388791
HMPVB,1682,1.2200000000000002,-0.35699343496161118
HMPVB,1683,1.1804999999999999,-0.37457438522310016
HMPVB,1684,1.1244999999999998,-0.39949927673305896
HMPVB,1685,1.0625,-0.42709469233337044
HMPVB,1686,0.98699999999999988,-0.46069878713697571
HMPVB,1687,0.91849999999999998,-0.49118727050183603
HMPVB,1688,0.85050000000000003,-0.52145321019250024
HMPVB,1689,0.79000000000000004,-0.54838099477022362
HMPVB,1690,0.71350000000000002,-0.58243017692222099
HMPVB,1691,0.625,-0.62182040725492382
HMPVB,1692,0.51700000000000002,-0.66988984088127301
HMPVB,1693,0.41400000000000003,-0.71573383776566146
HMPVB,1694,0.312,-0.76113274730165803
HMPVB,1695,0.2215,-0.80141315233114496
HMPVB,1696,0.11649999999999999,-0.84814732391231784
HMPVB,1697,0.0024999999999999988,-0.89888728162901976
HMPVB,1698,-0.13650000000000001,-0.96075442305552472
HMPVB,1699,-0.25900000000000001,-1.0152776232335596
HMPVB,1700,-0.3705,-1.0649048625792812
